[2026-06-04 09:00:59] production.ERROR: View [privacy-policy] not found. {"exception":"[object] (InvalidArgumentException(code: 0): View [privacy-policy] not found. at /home/angklung/www.angklung-udjo.co.id/vendor/laravel/framework/src/Illuminate/View/FileViewFinder.php:139)
[stacktrace]
#0 /home/angklung/www.angklung-udjo.co.id/vendor/laravel/framework/src/Illuminate/View/FileViewFinder.php(79): Illuminate\\View\\FileViewFinder->findInPaths()
#1 /home/angklung/www.angklung-udjo.co.id/vendor/laravel/framework/src/Illuminate/View/Factory.php(151): Illuminate\\View\\FileViewFinder->find()
#2 /home/angklung/www.angklung-udjo.co.id/vendor/laravel/framework/src/Illuminate/Foundation/helpers.php(1062): Illuminate\\View\\Factory->make()
#3 /home/angklung/www.angklung-udjo.co.id/routes/web.php(122): view()
#4 /home/angklung/www.angklung-udjo.co.id/vendor/laravel/framework/src/Illuminate/Routing/CallableDispatcher.php(40): Illuminate\\Routing\\RouteFileRegistrar->{closure:/home/angklung/www.angklung-udjo.co.id/routes/web.php:122}()
#5 /home/angklung/www.angklung-udjo.co.id/vendor/laravel/framework/src/Illuminate/Routing/Route.php(244): Illuminate\\Routing\\CallableDispatcher->dispatch()
#6 /home/angklung/www.angklung-udjo.co.id/vendor/laravel/framework/src/Illuminate/Routing/Route.php(215): Illuminate\\Routing\\Route->runCallable()
#7 /home/angklung/www.angklung-udjo.co.id/vendor/laravel/framework/src/Illuminate/Routing/Router.php(808): Illuminate\\Routing\\Route->run()
#8 /home/angklung/www.angklung-udjo.co.id/vendor/laravel/framework/src/Illuminate/Pipeline/Pipeline.php(170): Illuminate\\Routing\\Router->{closure:Illuminate\\Routing\\Router::runRouteWithinStack():807}()
#9 /home/angklung/www.angklung-udjo.co.id/app/Http/Middleware/SecurityHeaders.php(11): Illuminate\\Pipeline\\Pipeline->{closure:Illuminate\\Pipeline\\Pipeline::prepareDestination():168}()
#10 /home/angklung/www.angklung-udjo.co.id/vendor/laravel/framework/src/Illuminate/Pipeline/Pipeline.php(209): App\\Http\\Middleware\\SecurityHeaders->handle()
#11 /home/angklung/www.angklung-udjo.co.id/app/Http/Middleware/SetLocale.php(26): Illuminate\\Pipeline\\Pipeline->{closure:{closure:Illuminate\\Pipeline\\Pipeline::carry():184}:185}()
#12 /home/angklung/www.angklung-udjo.co.id/vendor/laravel/framework/src/Illuminate/Pipeline/Pipeline.php(209): App\\Http\\Middleware\\SetLocale->handle()
#13 /home/angklung/www.angklung-udjo.co.id/vendor/laravel/framework/src/Illuminate/Routing/Middleware/SubstituteBindings.php(51): Illuminate\\Pipeline\\Pipeline->{closure:{closure:Illuminate\\Pipeline\\Pipeline::carry():184}:185}()
#14 /home/angklung/www.angklung-udjo.co.id/vendor/laravel/framework/src/Illuminate/Pipeline/Pipeline.php(209): Illuminate\\Routing\\Middleware\\SubstituteBindings->handle()
#15 /home/angklung/www.angklung-udjo.co.id/vendor/laravel/framework/src/Illuminate/Foundation/Http/Middleware/VerifyCsrfToken.php(88): Illuminate\\Pipeline\\Pipeline->{closure:{closure:Illuminate\\Pipeline\\Pipeline::carry():184}:185}()
#16 /home/angklung/www.angklung-udjo.co.id/vendor/laravel/framework/src/Illuminate/Pipeline/Pipeline.php(209): Illuminate\\Foundation\\Http\\Middleware\\VerifyCsrfToken->handle()
#17 /home/angklung/www.angklung-udjo.co.id/vendor/laravel/framework/src/Illuminate/View/Middleware/ShareErrorsFromSession.php(49): Illuminate\\Pipeline\\Pipeline->{closure:{closure:Illuminate\\Pipeline\\Pipeline::carry():184}:185}()
#18 /home/angklung/www.angklung-udjo.co.id/vendor/laravel/framework/src/Illuminate/Pipeline/Pipeline.php(209): Illuminate\\View\\Middleware\\ShareErrorsFromSession->handle()
#19 /home/angklung/www.angklung-udjo.co.id/vendor/laravel/framework/src/Illuminate/Session/Middleware/StartSession.php(121): Illuminate\\Pipeline\\Pipeline->{closure:{closure:Illuminate\\Pipeline\\Pipeline::carry():184}:185}()
#20 /home/angklung/www.angklung-udjo.co.id/vendor/laravel/framework/src/Illuminate/Session/Middleware/StartSession.php(64): Illuminate\\Session\\Middleware\\StartSession->handleStatefulRequest()
#21 /home/angklung/www.angklung-udjo.co.id/vendor/laravel/framework/src/Illuminate/Pipeline/Pipeline.php(209): Illuminate\\Session\\Middleware\\StartSession->handle()
#22 /home/angklung/www.angklung-udjo.co.id/vendor/laravel/framework/src/Illuminate/Cookie/Middleware/AddQueuedCookiesToResponse.php(37): Illuminate\\Pipeline\\Pipeline->{closure:{closure:Illuminate\\Pipeline\\Pipeline::carry():184}:185}()
#23 /home/angklung/www.angklung-udjo.co.id/vendor/laravel/framework/src/Illuminate/Pipeline/Pipeline.php(209): Illuminate\\Cookie\\Middleware\\AddQueuedCookiesToResponse->handle()
#24 /home/angklung/www.angklung-udjo.co.id/vendor/laravel/framework/src/Illuminate/Cookie/Middleware/EncryptCookies.php(75): Illuminate\\Pipeline\\Pipeline->{closure:{closure:Illuminate\\Pipeline\\Pipeline::carry():184}:185}()
#25 /home/angklung/www.angklung-udjo.co.id/vendor/laravel/framework/src/Illuminate/Pipeline/Pipeline.php(209): Illuminate\\Cookie\\Middleware\\EncryptCookies->handle()
#26 /home/angklung/www.angklung-udjo.co.id/vendor/laravel/framework/src/Illuminate/Pipeline/Pipeline.php(127): Illuminate\\Pipeline\\Pipeline->{closure:{closure:Illuminate\\Pipeline\\Pipeline::carry():184}:185}()
#27 /home/angklung/www.angklung-udjo.co.id/vendor/laravel/framework/src/Illuminate/Routing/Router.php(807): Illuminate\\Pipeline\\Pipeline->then()
#28 /home/angklung/www.angklung-udjo.co.id/vendor/laravel/framework/src/Illuminate/Routing/Router.php(786): Illuminate\\Routing\\Router->runRouteWithinStack()
#29 /home/angklung/www.angklung-udjo.co.id/vendor/laravel/framework/src/Illuminate/Routing/Router.php(750): Illuminate\\Routing\\Router->runRoute()
#30 /home/angklung/www.angklung-udjo.co.id/vendor/laravel/framework/src/Illuminate/Routing/Router.php(739): Illuminate\\Routing\\Router->dispatchToRoute()
#31 /home/angklung/www.angklung-udjo.co.id/vendor/laravel/framework/src/Illuminate/Foundation/Http/Kernel.php(201): Illuminate\\Routing\\Router->dispatch()
#32 /home/angklung/www.angklung-udjo.co.id/vendor/laravel/framework/src/Illuminate/Pipeline/Pipeline.php(170): Illuminate\\Foundation\\Http\\Kernel->{closure:Illuminate\\Foundation\\Http\\Kernel::dispatchToRouter():198}()
#33 /home/angklung/www.angklung-udjo.co.id/vendor/laravel/framework/src/Illuminate/Foundation/Http/Middleware/TransformsRequest.php(21): Illuminate\\Pipeline\\Pipeline->{closure:Illuminate\\Pipeline\\Pipeline::prepareDestination():168}()
#34 /home/angklung/www.angklung-udjo.co.id/vendor/laravel/framework/src/Illuminate/Foundation/Http/Middleware/ConvertEmptyStringsToNull.php(31): Illuminate\\Foundation\\Http\\Middleware\\TransformsRequest->handle()
#35 /home/angklung/www.angklung-udjo.co.id/vendor/laravel/framework/src/Illuminate/Pipeline/Pipeline.php(209): Illuminate\\Foundation\\Http\\Middleware\\ConvertEmptyStringsToNull->handle()
#36 /home/angklung/www.angklung-udjo.co.id/vendor/laravel/framework/src/Illuminate/Foundation/Http/Middleware/TransformsRequest.php(21): Illuminate\\Pipeline\\Pipeline->{closure:{closure:Illuminate\\Pipeline\\Pipeline::carry():184}:185}()
#37 /home/angklung/www.angklung-udjo.co.id/vendor/laravel/framework/src/Illuminate/Foundation/Http/Middleware/TrimStrings.php(51): Illuminate\\Foundation\\Http\\Middleware\\TransformsRequest->handle()
#38 /home/angklung/www.angklung-udjo.co.id/vendor/laravel/framework/src/Illuminate/Pipeline/Pipeline.php(209): Illuminate\\Foundation\\Http\\Middleware\\TrimStrings->handle()
#39 /home/angklung/www.angklung-udjo.co.id/vendor/laravel/framework/src/Illuminate/Http/Middleware/ValidatePostSize.php(27): Illuminate\\Pipeline\\Pipeline->{closure:{closure:Illuminate\\Pipeline\\Pipeline::carry():184}:185}()
#40 /home/angklung/www.angklung-udjo.co.id/vendor/laravel/framework/src/Illuminate/Pipeline/Pipeline.php(209): Illuminate\\Http\\Middleware\\ValidatePostSize->handle()
#41 /home/angklung/www.angklung-udjo.co.id/vendor/laravel/framework/src/Illuminate/Foundation/Http/Middleware/PreventRequestsDuringMaintenance.php(110): Illuminate\\Pipeline\\Pipeline->{closure:{closure:Illuminate\\Pipeline\\Pipeline::carry():184}:185}()
#42 /home/angklung/www.angklung-udjo.co.id/vendor/laravel/framework/src/Illuminate/Pipeline/Pipeline.php(209): Illuminate\\Foundation\\Http\\Middleware\\PreventRequestsDuringMaintenance->handle()
#43 /home/angklung/www.angklung-udjo.co.id/vendor/laravel/framework/src/Illuminate/Http/Middleware/HandleCors.php(49): Illuminate\\Pipeline\\Pipeline->{closure:{closure:Illuminate\\Pipeline\\Pipeline::carry():184}:185}()
#44 /home/angklung/www.angklung-udjo.co.id/vendor/laravel/framework/src/Illuminate/Pipeline/Pipeline.php(209): Illuminate\\Http\\Middleware\\HandleCors->handle()
#45 /home/angklung/www.angklung-udjo.co.id/vendor/laravel/framework/src/Illuminate/Http/Middleware/TrustProxies.php(58): Illuminate\\Pipeline\\Pipeline->{closure:{closure:Illuminate\\Pipeline\\Pipeline::carry():184}:185}()
#46 /home/angklung/www.angklung-udjo.co.id/vendor/laravel/framework/src/Illuminate/Pipeline/Pipeline.php(209): Illuminate\\Http\\Middleware\\TrustProxies->handle()
#47 /home/angklung/www.angklung-udjo.co.id/vendor/laravel/framework/src/Illuminate/Foundation/Http/Middleware/InvokeDeferredCallbacks.php(22): Illuminate\\Pipeline\\Pipeline->{closure:{closure:Illuminate\\Pipeline\\Pipeline::carry():184}:185}()
#48 /home/angklung/www.angklung-udjo.co.id/vendor/laravel/framework/src/Illuminate/Pipeline/Pipeline.php(209): Illuminate\\Foundation\\Http\\Middleware\\InvokeDeferredCallbacks->handle()
#49 /home/angklung/www.angklung-udjo.co.id/vendor/laravel/framework/src/Illuminate/Pipeline/Pipeline.php(127): Illuminate\\Pipeline\\Pipeline->{closure:{closure:Illuminate\\Pipeline\\Pipeline::carry():184}:185}()
#50 /home/angklung/www.angklung-udjo.co.id/vendor/laravel/framework/src/Illuminate/Foundation/Http/Kernel.php(176): Illuminate\\Pipeline\\Pipeline->then()
#51 /home/angklung/www.angklung-udjo.co.id/vendor/laravel/framework/src/Illuminate/Foundation/Http/Kernel.php(145): Illuminate\\Foundation\\Http\\Kernel->sendRequestThroughRouter()
#52 /home/angklung/www.angklung-udjo.co.id/vendor/laravel/framework/src/Illuminate/Foundation/Application.php(1220): Illuminate\\Foundation\\Http\\Kernel->handle()
#53 /home/angklung/www.angklung-udjo.co.id/public/index.php(20): Illuminate\\Foundation\\Application->handleRequest()
#54 {main}
"} 
[2026-06-04 10:42:54] production.ERROR: View [privacy-policy] not found. {"exception":"[object] (InvalidArgumentException(code: 0): View [privacy-policy] not found. at /home/angklung/www.angklung-udjo.co.id/vendor/laravel/framework/src/Illuminate/View/FileViewFinder.php:139)
[stacktrace]
#0 /home/angklung/www.angklung-udjo.co.id/vendor/laravel/framework/src/Illuminate/View/FileViewFinder.php(79): Illuminate\\View\\FileViewFinder->findInPaths()
#1 /home/angklung/www.angklung-udjo.co.id/vendor/laravel/framework/src/Illuminate/View/Factory.php(151): Illuminate\\View\\FileViewFinder->find()
#2 /home/angklung/www.angklung-udjo.co.id/vendor/laravel/framework/src/Illuminate/Foundation/helpers.php(1062): Illuminate\\View\\Factory->make()
#3 /home/angklung/www.angklung-udjo.co.id/routes/web.php(122): view()
#4 /home/angklung/www.angklung-udjo.co.id/vendor/laravel/framework/src/Illuminate/Routing/CallableDispatcher.php(40): Illuminate\\Routing\\RouteFileRegistrar->{closure:/home/angklung/www.angklung-udjo.co.id/routes/web.php:122}()
#5 /home/angklung/www.angklung-udjo.co.id/vendor/laravel/framework/src/Illuminate/Routing/Route.php(244): Illuminate\\Routing\\CallableDispatcher->dispatch()
#6 /home/angklung/www.angklung-udjo.co.id/vendor/laravel/framework/src/Illuminate/Routing/Route.php(215): Illuminate\\Routing\\Route->runCallable()
#7 /home/angklung/www.angklung-udjo.co.id/vendor/laravel/framework/src/Illuminate/Routing/Router.php(808): Illuminate\\Routing\\Route->run()
#8 /home/angklung/www.angklung-udjo.co.id/vendor/laravel/framework/src/Illuminate/Pipeline/Pipeline.php(170): Illuminate\\Routing\\Router->{closure:Illuminate\\Routing\\Router::runRouteWithinStack():807}()
#9 /home/angklung/www.angklung-udjo.co.id/app/Http/Middleware/SecurityHeaders.php(11): Illuminate\\Pipeline\\Pipeline->{closure:Illuminate\\Pipeline\\Pipeline::prepareDestination():168}()
#10 /home/angklung/www.angklung-udjo.co.id/vendor/laravel/framework/src/Illuminate/Pipeline/Pipeline.php(209): App\\Http\\Middleware\\SecurityHeaders->handle()
#11 /home/angklung/www.angklung-udjo.co.id/app/Http/Middleware/SetLocale.php(26): Illuminate\\Pipeline\\Pipeline->{closure:{closure:Illuminate\\Pipeline\\Pipeline::carry():184}:185}()
#12 /home/angklung/www.angklung-udjo.co.id/vendor/laravel/framework/src/Illuminate/Pipeline/Pipeline.php(209): App\\Http\\Middleware\\SetLocale->handle()
#13 /home/angklung/www.angklung-udjo.co.id/vendor/laravel/framework/src/Illuminate/Routing/Middleware/SubstituteBindings.php(51): Illuminate\\Pipeline\\Pipeline->{closure:{closure:Illuminate\\Pipeline\\Pipeline::carry():184}:185}()
#14 /home/angklung/www.angklung-udjo.co.id/vendor/laravel/framework/src/Illuminate/Pipeline/Pipeline.php(209): Illuminate\\Routing\\Middleware\\SubstituteBindings->handle()
#15 /home/angklung/www.angklung-udjo.co.id/vendor/laravel/framework/src/Illuminate/Foundation/Http/Middleware/VerifyCsrfToken.php(88): Illuminate\\Pipeline\\Pipeline->{closure:{closure:Illuminate\\Pipeline\\Pipeline::carry():184}:185}()
#16 /home/angklung/www.angklung-udjo.co.id/vendor/laravel/framework/src/Illuminate/Pipeline/Pipeline.php(209): Illuminate\\Foundation\\Http\\Middleware\\VerifyCsrfToken->handle()
#17 /home/angklung/www.angklung-udjo.co.id/vendor/laravel/framework/src/Illuminate/View/Middleware/ShareErrorsFromSession.php(49): Illuminate\\Pipeline\\Pipeline->{closure:{closure:Illuminate\\Pipeline\\Pipeline::carry():184}:185}()
#18 /home/angklung/www.angklung-udjo.co.id/vendor/laravel/framework/src/Illuminate/Pipeline/Pipeline.php(209): Illuminate\\View\\Middleware\\ShareErrorsFromSession->handle()
#19 /home/angklung/www.angklung-udjo.co.id/vendor/laravel/framework/src/Illuminate/Session/Middleware/StartSession.php(121): Illuminate\\Pipeline\\Pipeline->{closure:{closure:Illuminate\\Pipeline\\Pipeline::carry():184}:185}()
#20 /home/angklung/www.angklung-udjo.co.id/vendor/laravel/framework/src/Illuminate/Session/Middleware/StartSession.php(64): Illuminate\\Session\\Middleware\\StartSession->handleStatefulRequest()
#21 /home/angklung/www.angklung-udjo.co.id/vendor/laravel/framework/src/Illuminate/Pipeline/Pipeline.php(209): Illuminate\\Session\\Middleware\\StartSession->handle()
#22 /home/angklung/www.angklung-udjo.co.id/vendor/laravel/framework/src/Illuminate/Cookie/Middleware/AddQueuedCookiesToResponse.php(37): Illuminate\\Pipeline\\Pipeline->{closure:{closure:Illuminate\\Pipeline\\Pipeline::carry():184}:185}()
#23 /home/angklung/www.angklung-udjo.co.id/vendor/laravel/framework/src/Illuminate/Pipeline/Pipeline.php(209): Illuminate\\Cookie\\Middleware\\AddQueuedCookiesToResponse->handle()
#24 /home/angklung/www.angklung-udjo.co.id/vendor/laravel/framework/src/Illuminate/Cookie/Middleware/EncryptCookies.php(75): Illuminate\\Pipeline\\Pipeline->{closure:{closure:Illuminate\\Pipeline\\Pipeline::carry():184}:185}()
#25 /home/angklung/www.angklung-udjo.co.id/vendor/laravel/framework/src/Illuminate/Pipeline/Pipeline.php(209): Illuminate\\Cookie\\Middleware\\EncryptCookies->handle()
#26 /home/angklung/www.angklung-udjo.co.id/vendor/laravel/framework/src/Illuminate/Pipeline/Pipeline.php(127): Illuminate\\Pipeline\\Pipeline->{closure:{closure:Illuminate\\Pipeline\\Pipeline::carry():184}:185}()
#27 /home/angklung/www.angklung-udjo.co.id/vendor/laravel/framework/src/Illuminate/Routing/Router.php(807): Illuminate\\Pipeline\\Pipeline->then()
#28 /home/angklung/www.angklung-udjo.co.id/vendor/laravel/framework/src/Illuminate/Routing/Router.php(786): Illuminate\\Routing\\Router->runRouteWithinStack()
#29 /home/angklung/www.angklung-udjo.co.id/vendor/laravel/framework/src/Illuminate/Routing/Router.php(750): Illuminate\\Routing\\Router->runRoute()
#30 /home/angklung/www.angklung-udjo.co.id/vendor/laravel/framework/src/Illuminate/Routing/Router.php(739): Illuminate\\Routing\\Router->dispatchToRoute()
#31 /home/angklung/www.angklung-udjo.co.id/vendor/laravel/framework/src/Illuminate/Foundation/Http/Kernel.php(201): Illuminate\\Routing\\Router->dispatch()
#32 /home/angklung/www.angklung-udjo.co.id/vendor/laravel/framework/src/Illuminate/Pipeline/Pipeline.php(170): Illuminate\\Foundation\\Http\\Kernel->{closure:Illuminate\\Foundation\\Http\\Kernel::dispatchToRouter():198}()
#33 /home/angklung/www.angklung-udjo.co.id/vendor/laravel/framework/src/Illuminate/Foundation/Http/Middleware/TransformsRequest.php(21): Illuminate\\Pipeline\\Pipeline->{closure:Illuminate\\Pipeline\\Pipeline::prepareDestination():168}()
#34 /home/angklung/www.angklung-udjo.co.id/vendor/laravel/framework/src/Illuminate/Foundation/Http/Middleware/ConvertEmptyStringsToNull.php(31): Illuminate\\Foundation\\Http\\Middleware\\TransformsRequest->handle()
#35 /home/angklung/www.angklung-udjo.co.id/vendor/laravel/framework/src/Illuminate/Pipeline/Pipeline.php(209): Illuminate\\Foundation\\Http\\Middleware\\ConvertEmptyStringsToNull->handle()
#36 /home/angklung/www.angklung-udjo.co.id/vendor/laravel/framework/src/Illuminate/Foundation/Http/Middleware/TransformsRequest.php(21): Illuminate\\Pipeline\\Pipeline->{closure:{closure:Illuminate\\Pipeline\\Pipeline::carry():184}:185}()
#37 /home/angklung/www.angklung-udjo.co.id/vendor/laravel/framework/src/Illuminate/Foundation/Http/Middleware/TrimStrings.php(51): Illuminate\\Foundation\\Http\\Middleware\\TransformsRequest->handle()
#38 /home/angklung/www.angklung-udjo.co.id/vendor/laravel/framework/src/Illuminate/Pipeline/Pipeline.php(209): Illuminate\\Foundation\\Http\\Middleware\\TrimStrings->handle()
#39 /home/angklung/www.angklung-udjo.co.id/vendor/laravel/framework/src/Illuminate/Http/Middleware/ValidatePostSize.php(27): Illuminate\\Pipeline\\Pipeline->{closure:{closure:Illuminate\\Pipeline\\Pipeline::carry():184}:185}()
#40 /home/angklung/www.angklung-udjo.co.id/vendor/laravel/framework/src/Illuminate/Pipeline/Pipeline.php(209): Illuminate\\Http\\Middleware\\ValidatePostSize->handle()
#41 /home/angklung/www.angklung-udjo.co.id/vendor/laravel/framework/src/Illuminate/Foundation/Http/Middleware/PreventRequestsDuringMaintenance.php(110): Illuminate\\Pipeline\\Pipeline->{closure:{closure:Illuminate\\Pipeline\\Pipeline::carry():184}:185}()
#42 /home/angklung/www.angklung-udjo.co.id/vendor/laravel/framework/src/Illuminate/Pipeline/Pipeline.php(209): Illuminate\\Foundation\\Http\\Middleware\\PreventRequestsDuringMaintenance->handle()
#43 /home/angklung/www.angklung-udjo.co.id/vendor/laravel/framework/src/Illuminate/Http/Middleware/HandleCors.php(49): Illuminate\\Pipeline\\Pipeline->{closure:{closure:Illuminate\\Pipeline\\Pipeline::carry():184}:185}()
#44 /home/angklung/www.angklung-udjo.co.id/vendor/laravel/framework/src/Illuminate/Pipeline/Pipeline.php(209): Illuminate\\Http\\Middleware\\HandleCors->handle()
#45 /home/angklung/www.angklung-udjo.co.id/vendor/laravel/framework/src/Illuminate/Http/Middleware/TrustProxies.php(58): Illuminate\\Pipeline\\Pipeline->{closure:{closure:Illuminate\\Pipeline\\Pipeline::carry():184}:185}()
#46 /home/angklung/www.angklung-udjo.co.id/vendor/laravel/framework/src/Illuminate/Pipeline/Pipeline.php(209): Illuminate\\Http\\Middleware\\TrustProxies->handle()
#47 /home/angklung/www.angklung-udjo.co.id/vendor/laravel/framework/src/Illuminate/Foundation/Http/Middleware/InvokeDeferredCallbacks.php(22): Illuminate\\Pipeline\\Pipeline->{closure:{closure:Illuminate\\Pipeline\\Pipeline::carry():184}:185}()
#48 /home/angklung/www.angklung-udjo.co.id/vendor/laravel/framework/src/Illuminate/Pipeline/Pipeline.php(209): Illuminate\\Foundation\\Http\\Middleware\\InvokeDeferredCallbacks->handle()
#49 /home/angklung/www.angklung-udjo.co.id/vendor/laravel/framework/src/Illuminate/Pipeline/Pipeline.php(127): Illuminate\\Pipeline\\Pipeline->{closure:{closure:Illuminate\\Pipeline\\Pipeline::carry():184}:185}()
#50 /home/angklung/www.angklung-udjo.co.id/vendor/laravel/framework/src/Illuminate/Foundation/Http/Kernel.php(176): Illuminate\\Pipeline\\Pipeline->then()
#51 /home/angklung/www.angklung-udjo.co.id/vendor/laravel/framework/src/Illuminate/Foundation/Http/Kernel.php(145): Illuminate\\Foundation\\Http\\Kernel->sendRequestThroughRouter()
#52 /home/angklung/www.angklung-udjo.co.id/vendor/laravel/framework/src/Illuminate/Foundation/Application.php(1220): Illuminate\\Foundation\\Http\\Kernel->handle()
#53 /home/angklung/www.angklung-udjo.co.id/public/index.php(20): Illuminate\\Foundation\\Application->handleRequest()
#54 {main}
"} 
[2026-06-04 11:49:26] production.ERROR: View [shows.show] not found. {"exception":"[object] (InvalidArgumentException(code: 0): View [shows.show] not found. at /home/angklung/www.angklung-udjo.co.id/vendor/laravel/framework/src/Illuminate/View/FileViewFinder.php:139)
[stacktrace]
#0 /home/angklung/www.angklung-udjo.co.id/vendor/laravel/framework/src/Illuminate/View/FileViewFinder.php(79): Illuminate\\View\\FileViewFinder->findInPaths()
#1 /home/angklung/www.angklung-udjo.co.id/vendor/laravel/framework/src/Illuminate/View/Factory.php(151): Illuminate\\View\\FileViewFinder->find()
#2 /home/angklung/www.angklung-udjo.co.id/vendor/laravel/framework/src/Illuminate/Foundation/helpers.php(1062): Illuminate\\View\\Factory->make()
#3 /home/angklung/www.angklung-udjo.co.id/app/Http/Controllers/ShowController.php(22): view()
#4 /home/angklung/www.angklung-udjo.co.id/vendor/laravel/framework/src/Illuminate/Routing/ControllerDispatcher.php(47): App\\Http\\Controllers\\ShowController->show()
#5 /home/angklung/www.angklung-udjo.co.id/vendor/laravel/framework/src/Illuminate/Routing/Route.php(266): Illuminate\\Routing\\ControllerDispatcher->dispatch()
#6 /home/angklung/www.angklung-udjo.co.id/vendor/laravel/framework/src/Illuminate/Routing/Route.php(212): Illuminate\\Routing\\Route->runController()
#7 /home/angklung/www.angklung-udjo.co.id/vendor/laravel/framework/src/Illuminate/Routing/Router.php(808): Illuminate\\Routing\\Route->run()
#8 /home/angklung/www.angklung-udjo.co.id/vendor/laravel/framework/src/Illuminate/Pipeline/Pipeline.php(170): Illuminate\\Routing\\Router->{closure:Illuminate\\Routing\\Router::runRouteWithinStack():807}()
#9 /home/angklung/www.angklung-udjo.co.id/app/Http/Middleware/SecurityHeaders.php(11): Illuminate\\Pipeline\\Pipeline->{closure:Illuminate\\Pipeline\\Pipeline::prepareDestination():168}()
#10 /home/angklung/www.angklung-udjo.co.id/vendor/laravel/framework/src/Illuminate/Pipeline/Pipeline.php(209): App\\Http\\Middleware\\SecurityHeaders->handle()
#11 /home/angklung/www.angklung-udjo.co.id/app/Http/Middleware/SetLocale.php(26): Illuminate\\Pipeline\\Pipeline->{closure:{closure:Illuminate\\Pipeline\\Pipeline::carry():184}:185}()
#12 /home/angklung/www.angklung-udjo.co.id/vendor/laravel/framework/src/Illuminate/Pipeline/Pipeline.php(209): App\\Http\\Middleware\\SetLocale->handle()
#13 /home/angklung/www.angklung-udjo.co.id/vendor/laravel/framework/src/Illuminate/Routing/Middleware/SubstituteBindings.php(51): Illuminate\\Pipeline\\Pipeline->{closure:{closure:Illuminate\\Pipeline\\Pipeline::carry():184}:185}()
#14 /home/angklung/www.angklung-udjo.co.id/vendor/laravel/framework/src/Illuminate/Pipeline/Pipeline.php(209): Illuminate\\Routing\\Middleware\\SubstituteBindings->handle()
#15 /home/angklung/www.angklung-udjo.co.id/vendor/laravel/framework/src/Illuminate/Foundation/Http/Middleware/VerifyCsrfToken.php(88): Illuminate\\Pipeline\\Pipeline->{closure:{closure:Illuminate\\Pipeline\\Pipeline::carry():184}:185}()
#16 /home/angklung/www.angklung-udjo.co.id/vendor/laravel/framework/src/Illuminate/Pipeline/Pipeline.php(209): Illuminate\\Foundation\\Http\\Middleware\\VerifyCsrfToken->handle()
#17 /home/angklung/www.angklung-udjo.co.id/vendor/laravel/framework/src/Illuminate/View/Middleware/ShareErrorsFromSession.php(49): Illuminate\\Pipeline\\Pipeline->{closure:{closure:Illuminate\\Pipeline\\Pipeline::carry():184}:185}()
#18 /home/angklung/www.angklung-udjo.co.id/vendor/laravel/framework/src/Illuminate/Pipeline/Pipeline.php(209): Illuminate\\View\\Middleware\\ShareErrorsFromSession->handle()
#19 /home/angklung/www.angklung-udjo.co.id/vendor/laravel/framework/src/Illuminate/Session/Middleware/StartSession.php(121): Illuminate\\Pipeline\\Pipeline->{closure:{closure:Illuminate\\Pipeline\\Pipeline::carry():184}:185}()
#20 /home/angklung/www.angklung-udjo.co.id/vendor/laravel/framework/src/Illuminate/Session/Middleware/StartSession.php(64): Illuminate\\Session\\Middleware\\StartSession->handleStatefulRequest()
#21 /home/angklung/www.angklung-udjo.co.id/vendor/laravel/framework/src/Illuminate/Pipeline/Pipeline.php(209): Illuminate\\Session\\Middleware\\StartSession->handle()
#22 /home/angklung/www.angklung-udjo.co.id/vendor/laravel/framework/src/Illuminate/Cookie/Middleware/AddQueuedCookiesToResponse.php(37): Illuminate\\Pipeline\\Pipeline->{closure:{closure:Illuminate\\Pipeline\\Pipeline::carry():184}:185}()
#23 /home/angklung/www.angklung-udjo.co.id/vendor/laravel/framework/src/Illuminate/Pipeline/Pipeline.php(209): Illuminate\\Cookie\\Middleware\\AddQueuedCookiesToResponse->handle()
#24 /home/angklung/www.angklung-udjo.co.id/vendor/laravel/framework/src/Illuminate/Cookie/Middleware/EncryptCookies.php(75): Illuminate\\Pipeline\\Pipeline->{closure:{closure:Illuminate\\Pipeline\\Pipeline::carry():184}:185}()
#25 /home/angklung/www.angklung-udjo.co.id/vendor/laravel/framework/src/Illuminate/Pipeline/Pipeline.php(209): Illuminate\\Cookie\\Middleware\\EncryptCookies->handle()
#26 /home/angklung/www.angklung-udjo.co.id/vendor/laravel/framework/src/Illuminate/Pipeline/Pipeline.php(127): Illuminate\\Pipeline\\Pipeline->{closure:{closure:Illuminate\\Pipeline\\Pipeline::carry():184}:185}()
#27 /home/angklung/www.angklung-udjo.co.id/vendor/laravel/framework/src/Illuminate/Routing/Router.php(807): Illuminate\\Pipeline\\Pipeline->then()
#28 /home/angklung/www.angklung-udjo.co.id/vendor/laravel/framework/src/Illuminate/Routing/Router.php(786): Illuminate\\Routing\\Router->runRouteWithinStack()
#29 /home/angklung/www.angklung-udjo.co.id/vendor/laravel/framework/src/Illuminate/Routing/Router.php(750): Illuminate\\Routing\\Router->runRoute()
#30 /home/angklung/www.angklung-udjo.co.id/vendor/laravel/framework/src/Illuminate/Routing/Router.php(739): Illuminate\\Routing\\Router->dispatchToRoute()
#31 /home/angklung/www.angklung-udjo.co.id/vendor/laravel/framework/src/Illuminate/Foundation/Http/Kernel.php(201): Illuminate\\Routing\\Router->dispatch()
#32 /home/angklung/www.angklung-udjo.co.id/vendor/laravel/framework/src/Illuminate/Pipeline/Pipeline.php(170): Illuminate\\Foundation\\Http\\Kernel->{closure:Illuminate\\Foundation\\Http\\Kernel::dispatchToRouter():198}()
#33 /home/angklung/www.angklung-udjo.co.id/vendor/laravel/framework/src/Illuminate/Foundation/Http/Middleware/TransformsRequest.php(21): Illuminate\\Pipeline\\Pipeline->{closure:Illuminate\\Pipeline\\Pipeline::prepareDestination():168}()
#34 /home/angklung/www.angklung-udjo.co.id/vendor/laravel/framework/src/Illuminate/Foundation/Http/Middleware/ConvertEmptyStringsToNull.php(31): Illuminate\\Foundation\\Http\\Middleware\\TransformsRequest->handle()
#35 /home/angklung/www.angklung-udjo.co.id/vendor/laravel/framework/src/Illuminate/Pipeline/Pipeline.php(209): Illuminate\\Foundation\\Http\\Middleware\\ConvertEmptyStringsToNull->handle()
#36 /home/angklung/www.angklung-udjo.co.id/vendor/laravel/framework/src/Illuminate/Foundation/Http/Middleware/TransformsRequest.php(21): Illuminate\\Pipeline\\Pipeline->{closure:{closure:Illuminate\\Pipeline\\Pipeline::carry():184}:185}()
#37 /home/angklung/www.angklung-udjo.co.id/vendor/laravel/framework/src/Illuminate/Foundation/Http/Middleware/TrimStrings.php(51): Illuminate\\Foundation\\Http\\Middleware\\TransformsRequest->handle()
#38 /home/angklung/www.angklung-udjo.co.id/vendor/laravel/framework/src/Illuminate/Pipeline/Pipeline.php(209): Illuminate\\Foundation\\Http\\Middleware\\TrimStrings->handle()
#39 /home/angklung/www.angklung-udjo.co.id/vendor/laravel/framework/src/Illuminate/Http/Middleware/ValidatePostSize.php(27): Illuminate\\Pipeline\\Pipeline->{closure:{closure:Illuminate\\Pipeline\\Pipeline::carry():184}:185}()
#40 /home/angklung/www.angklung-udjo.co.id/vendor/laravel/framework/src/Illuminate/Pipeline/Pipeline.php(209): Illuminate\\Http\\Middleware\\ValidatePostSize->handle()
#41 /home/angklung/www.angklung-udjo.co.id/vendor/laravel/framework/src/Illuminate/Foundation/Http/Middleware/PreventRequestsDuringMaintenance.php(110): Illuminate\\Pipeline\\Pipeline->{closure:{closure:Illuminate\\Pipeline\\Pipeline::carry():184}:185}()
#42 /home/angklung/www.angklung-udjo.co.id/vendor/laravel/framework/src/Illuminate/Pipeline/Pipeline.php(209): Illuminate\\Foundation\\Http\\Middleware\\PreventRequestsDuringMaintenance->handle()
#43 /home/angklung/www.angklung-udjo.co.id/vendor/laravel/framework/src/Illuminate/Http/Middleware/HandleCors.php(49): Illuminate\\Pipeline\\Pipeline->{closure:{closure:Illuminate\\Pipeline\\Pipeline::carry():184}:185}()
#44 /home/angklung/www.angklung-udjo.co.id/vendor/laravel/framework/src/Illuminate/Pipeline/Pipeline.php(209): Illuminate\\Http\\Middleware\\HandleCors->handle()
#45 /home/angklung/www.angklung-udjo.co.id/vendor/laravel/framework/src/Illuminate/Http/Middleware/TrustProxies.php(58): Illuminate\\Pipeline\\Pipeline->{closure:{closure:Illuminate\\Pipeline\\Pipeline::carry():184}:185}()
#46 /home/angklung/www.angklung-udjo.co.id/vendor/laravel/framework/src/Illuminate/Pipeline/Pipeline.php(209): Illuminate\\Http\\Middleware\\TrustProxies->handle()
#47 /home/angklung/www.angklung-udjo.co.id/vendor/laravel/framework/src/Illuminate/Foundation/Http/Middleware/InvokeDeferredCallbacks.php(22): Illuminate\\Pipeline\\Pipeline->{closure:{closure:Illuminate\\Pipeline\\Pipeline::carry():184}:185}()
#48 /home/angklung/www.angklung-udjo.co.id/vendor/laravel/framework/src/Illuminate/Pipeline/Pipeline.php(209): Illuminate\\Foundation\\Http\\Middleware\\InvokeDeferredCallbacks->handle()
#49 /home/angklung/www.angklung-udjo.co.id/vendor/laravel/framework/src/Illuminate/Pipeline/Pipeline.php(127): Illuminate\\Pipeline\\Pipeline->{closure:{closure:Illuminate\\Pipeline\\Pipeline::carry():184}:185}()
#50 /home/angklung/www.angklung-udjo.co.id/vendor/laravel/framework/src/Illuminate/Foundation/Http/Kernel.php(176): Illuminate\\Pipeline\\Pipeline->then()
#51 /home/angklung/www.angklung-udjo.co.id/vendor/laravel/framework/src/Illuminate/Foundation/Http/Kernel.php(145): Illuminate\\Foundation\\Http\\Kernel->sendRequestThroughRouter()
#52 /home/angklung/www.angklung-udjo.co.id/vendor/laravel/framework/src/Illuminate/Foundation/Application.php(1220): Illuminate\\Foundation\\Http\\Kernel->handle()
#53 /home/angklung/www.angklung-udjo.co.id/public/index.php(20): Illuminate\\Foundation\\Application->handleRequest()
#54 {main}
"} 
[2026-06-04 12:48:52] production.ERROR: View [shows.show] not found. {"exception":"[object] (InvalidArgumentException(code: 0): View [shows.show] not found. at /home/angklung/www.angklung-udjo.co.id/vendor/laravel/framework/src/Illuminate/View/FileViewFinder.php:139)
[stacktrace]
#0 /home/angklung/www.angklung-udjo.co.id/vendor/laravel/framework/src/Illuminate/View/FileViewFinder.php(79): Illuminate\\View\\FileViewFinder->findInPaths()
#1 /home/angklung/www.angklung-udjo.co.id/vendor/laravel/framework/src/Illuminate/View/Factory.php(151): Illuminate\\View\\FileViewFinder->find()
#2 /home/angklung/www.angklung-udjo.co.id/vendor/laravel/framework/src/Illuminate/Foundation/helpers.php(1062): Illuminate\\View\\Factory->make()
#3 /home/angklung/www.angklung-udjo.co.id/app/Http/Controllers/ShowController.php(22): view()
#4 /home/angklung/www.angklung-udjo.co.id/vendor/laravel/framework/src/Illuminate/Routing/ControllerDispatcher.php(47): App\\Http\\Controllers\\ShowController->show()
#5 /home/angklung/www.angklung-udjo.co.id/vendor/laravel/framework/src/Illuminate/Routing/Route.php(266): Illuminate\\Routing\\ControllerDispatcher->dispatch()
#6 /home/angklung/www.angklung-udjo.co.id/vendor/laravel/framework/src/Illuminate/Routing/Route.php(212): Illuminate\\Routing\\Route->runController()
#7 /home/angklung/www.angklung-udjo.co.id/vendor/laravel/framework/src/Illuminate/Routing/Router.php(808): Illuminate\\Routing\\Route->run()
#8 /home/angklung/www.angklung-udjo.co.id/vendor/laravel/framework/src/Illuminate/Pipeline/Pipeline.php(170): Illuminate\\Routing\\Router->{closure:Illuminate\\Routing\\Router::runRouteWithinStack():807}()
#9 /home/angklung/www.angklung-udjo.co.id/app/Http/Middleware/SecurityHeaders.php(11): Illuminate\\Pipeline\\Pipeline->{closure:Illuminate\\Pipeline\\Pipeline::prepareDestination():168}()
#10 /home/angklung/www.angklung-udjo.co.id/vendor/laravel/framework/src/Illuminate/Pipeline/Pipeline.php(209): App\\Http\\Middleware\\SecurityHeaders->handle()
#11 /home/angklung/www.angklung-udjo.co.id/app/Http/Middleware/SetLocale.php(26): Illuminate\\Pipeline\\Pipeline->{closure:{closure:Illuminate\\Pipeline\\Pipeline::carry():184}:185}()
#12 /home/angklung/www.angklung-udjo.co.id/vendor/laravel/framework/src/Illuminate/Pipeline/Pipeline.php(209): App\\Http\\Middleware\\SetLocale->handle()
#13 /home/angklung/www.angklung-udjo.co.id/vendor/laravel/framework/src/Illuminate/Routing/Middleware/SubstituteBindings.php(51): Illuminate\\Pipeline\\Pipeline->{closure:{closure:Illuminate\\Pipeline\\Pipeline::carry():184}:185}()
#14 /home/angklung/www.angklung-udjo.co.id/vendor/laravel/framework/src/Illuminate/Pipeline/Pipeline.php(209): Illuminate\\Routing\\Middleware\\SubstituteBindings->handle()
#15 /home/angklung/www.angklung-udjo.co.id/vendor/laravel/framework/src/Illuminate/Foundation/Http/Middleware/VerifyCsrfToken.php(88): Illuminate\\Pipeline\\Pipeline->{closure:{closure:Illuminate\\Pipeline\\Pipeline::carry():184}:185}()
#16 /home/angklung/www.angklung-udjo.co.id/vendor/laravel/framework/src/Illuminate/Pipeline/Pipeline.php(209): Illuminate\\Foundation\\Http\\Middleware\\VerifyCsrfToken->handle()
#17 /home/angklung/www.angklung-udjo.co.id/vendor/laravel/framework/src/Illuminate/View/Middleware/ShareErrorsFromSession.php(49): Illuminate\\Pipeline\\Pipeline->{closure:{closure:Illuminate\\Pipeline\\Pipeline::carry():184}:185}()
#18 /home/angklung/www.angklung-udjo.co.id/vendor/laravel/framework/src/Illuminate/Pipeline/Pipeline.php(209): Illuminate\\View\\Middleware\\ShareErrorsFromSession->handle()
#19 /home/angklung/www.angklung-udjo.co.id/vendor/laravel/framework/src/Illuminate/Session/Middleware/StartSession.php(121): Illuminate\\Pipeline\\Pipeline->{closure:{closure:Illuminate\\Pipeline\\Pipeline::carry():184}:185}()
#20 /home/angklung/www.angklung-udjo.co.id/vendor/laravel/framework/src/Illuminate/Session/Middleware/StartSession.php(64): Illuminate\\Session\\Middleware\\StartSession->handleStatefulRequest()
#21 /home/angklung/www.angklung-udjo.co.id/vendor/laravel/framework/src/Illuminate/Pipeline/Pipeline.php(209): Illuminate\\Session\\Middleware\\StartSession->handle()
#22 /home/angklung/www.angklung-udjo.co.id/vendor/laravel/framework/src/Illuminate/Cookie/Middleware/AddQueuedCookiesToResponse.php(37): Illuminate\\Pipeline\\Pipeline->{closure:{closure:Illuminate\\Pipeline\\Pipeline::carry():184}:185}()
#23 /home/angklung/www.angklung-udjo.co.id/vendor/laravel/framework/src/Illuminate/Pipeline/Pipeline.php(209): Illuminate\\Cookie\\Middleware\\AddQueuedCookiesToResponse->handle()
#24 /home/angklung/www.angklung-udjo.co.id/vendor/laravel/framework/src/Illuminate/Cookie/Middleware/EncryptCookies.php(75): Illuminate\\Pipeline\\Pipeline->{closure:{closure:Illuminate\\Pipeline\\Pipeline::carry():184}:185}()
#25 /home/angklung/www.angklung-udjo.co.id/vendor/laravel/framework/src/Illuminate/Pipeline/Pipeline.php(209): Illuminate\\Cookie\\Middleware\\EncryptCookies->handle()
#26 /home/angklung/www.angklung-udjo.co.id/vendor/laravel/framework/src/Illuminate/Pipeline/Pipeline.php(127): Illuminate\\Pipeline\\Pipeline->{closure:{closure:Illuminate\\Pipeline\\Pipeline::carry():184}:185}()
#27 /home/angklung/www.angklung-udjo.co.id/vendor/laravel/framework/src/Illuminate/Routing/Router.php(807): Illuminate\\Pipeline\\Pipeline->then()
#28 /home/angklung/www.angklung-udjo.co.id/vendor/laravel/framework/src/Illuminate/Routing/Router.php(786): Illuminate\\Routing\\Router->runRouteWithinStack()
#29 /home/angklung/www.angklung-udjo.co.id/vendor/laravel/framework/src/Illuminate/Routing/Router.php(750): Illuminate\\Routing\\Router->runRoute()
#30 /home/angklung/www.angklung-udjo.co.id/vendor/laravel/framework/src/Illuminate/Routing/Router.php(739): Illuminate\\Routing\\Router->dispatchToRoute()
#31 /home/angklung/www.angklung-udjo.co.id/vendor/laravel/framework/src/Illuminate/Foundation/Http/Kernel.php(201): Illuminate\\Routing\\Router->dispatch()
#32 /home/angklung/www.angklung-udjo.co.id/vendor/laravel/framework/src/Illuminate/Pipeline/Pipeline.php(170): Illuminate\\Foundation\\Http\\Kernel->{closure:Illuminate\\Foundation\\Http\\Kernel::dispatchToRouter():198}()
#33 /home/angklung/www.angklung-udjo.co.id/vendor/laravel/framework/src/Illuminate/Foundation/Http/Middleware/TransformsRequest.php(21): Illuminate\\Pipeline\\Pipeline->{closure:Illuminate\\Pipeline\\Pipeline::prepareDestination():168}()
#34 /home/angklung/www.angklung-udjo.co.id/vendor/laravel/framework/src/Illuminate/Foundation/Http/Middleware/ConvertEmptyStringsToNull.php(31): Illuminate\\Foundation\\Http\\Middleware\\TransformsRequest->handle()
#35 /home/angklung/www.angklung-udjo.co.id/vendor/laravel/framework/src/Illuminate/Pipeline/Pipeline.php(209): Illuminate\\Foundation\\Http\\Middleware\\ConvertEmptyStringsToNull->handle()
#36 /home/angklung/www.angklung-udjo.co.id/vendor/laravel/framework/src/Illuminate/Foundation/Http/Middleware/TransformsRequest.php(21): Illuminate\\Pipeline\\Pipeline->{closure:{closure:Illuminate\\Pipeline\\Pipeline::carry():184}:185}()
#37 /home/angklung/www.angklung-udjo.co.id/vendor/laravel/framework/src/Illuminate/Foundation/Http/Middleware/TrimStrings.php(51): Illuminate\\Foundation\\Http\\Middleware\\TransformsRequest->handle()
#38 /home/angklung/www.angklung-udjo.co.id/vendor/laravel/framework/src/Illuminate/Pipeline/Pipeline.php(209): Illuminate\\Foundation\\Http\\Middleware\\TrimStrings->handle()
#39 /home/angklung/www.angklung-udjo.co.id/vendor/laravel/framework/src/Illuminate/Http/Middleware/ValidatePostSize.php(27): Illuminate\\Pipeline\\Pipeline->{closure:{closure:Illuminate\\Pipeline\\Pipeline::carry():184}:185}()
#40 /home/angklung/www.angklung-udjo.co.id/vendor/laravel/framework/src/Illuminate/Pipeline/Pipeline.php(209): Illuminate\\Http\\Middleware\\ValidatePostSize->handle()
#41 /home/angklung/www.angklung-udjo.co.id/vendor/laravel/framework/src/Illuminate/Foundation/Http/Middleware/PreventRequestsDuringMaintenance.php(110): Illuminate\\Pipeline\\Pipeline->{closure:{closure:Illuminate\\Pipeline\\Pipeline::carry():184}:185}()
#42 /home/angklung/www.angklung-udjo.co.id/vendor/laravel/framework/src/Illuminate/Pipeline/Pipeline.php(209): Illuminate\\Foundation\\Http\\Middleware\\PreventRequestsDuringMaintenance->handle()
#43 /home/angklung/www.angklung-udjo.co.id/vendor/laravel/framework/src/Illuminate/Http/Middleware/HandleCors.php(49): Illuminate\\Pipeline\\Pipeline->{closure:{closure:Illuminate\\Pipeline\\Pipeline::carry():184}:185}()
#44 /home/angklung/www.angklung-udjo.co.id/vendor/laravel/framework/src/Illuminate/Pipeline/Pipeline.php(209): Illuminate\\Http\\Middleware\\HandleCors->handle()
#45 /home/angklung/www.angklung-udjo.co.id/vendor/laravel/framework/src/Illuminate/Http/Middleware/TrustProxies.php(58): Illuminate\\Pipeline\\Pipeline->{closure:{closure:Illuminate\\Pipeline\\Pipeline::carry():184}:185}()
#46 /home/angklung/www.angklung-udjo.co.id/vendor/laravel/framework/src/Illuminate/Pipeline/Pipeline.php(209): Illuminate\\Http\\Middleware\\TrustProxies->handle()
#47 /home/angklung/www.angklung-udjo.co.id/vendor/laravel/framework/src/Illuminate/Foundation/Http/Middleware/InvokeDeferredCallbacks.php(22): Illuminate\\Pipeline\\Pipeline->{closure:{closure:Illuminate\\Pipeline\\Pipeline::carry():184}:185}()
#48 /home/angklung/www.angklung-udjo.co.id/vendor/laravel/framework/src/Illuminate/Pipeline/Pipeline.php(209): Illuminate\\Foundation\\Http\\Middleware\\InvokeDeferredCallbacks->handle()
#49 /home/angklung/www.angklung-udjo.co.id/vendor/laravel/framework/src/Illuminate/Pipeline/Pipeline.php(127): Illuminate\\Pipeline\\Pipeline->{closure:{closure:Illuminate\\Pipeline\\Pipeline::carry():184}:185}()
#50 /home/angklung/www.angklung-udjo.co.id/vendor/laravel/framework/src/Illuminate/Foundation/Http/Kernel.php(176): Illuminate\\Pipeline\\Pipeline->then()
#51 /home/angklung/www.angklung-udjo.co.id/vendor/laravel/framework/src/Illuminate/Foundation/Http/Kernel.php(145): Illuminate\\Foundation\\Http\\Kernel->sendRequestThroughRouter()
#52 /home/angklung/www.angklung-udjo.co.id/vendor/laravel/framework/src/Illuminate/Foundation/Application.php(1220): Illuminate\\Foundation\\Http\\Kernel->handle()
#53 /home/angklung/www.angklung-udjo.co.id/public/index.php(20): Illuminate\\Foundation\\Application->handleRequest()
#54 {main}
"} 
[2026-06-04 13:13:10] production.ERROR: View [Ramadhan] not found. {"exception":"[object] (InvalidArgumentException(code: 0): View [Ramadhan] not found. at /home/angklung/www.angklung-udjo.co.id/vendor/laravel/framework/src/Illuminate/View/FileViewFinder.php:139)
[stacktrace]
#0 /home/angklung/www.angklung-udjo.co.id/vendor/laravel/framework/src/Illuminate/View/FileViewFinder.php(79): Illuminate\\View\\FileViewFinder->findInPaths()
#1 /home/angklung/www.angklung-udjo.co.id/vendor/laravel/framework/src/Illuminate/View/Factory.php(151): Illuminate\\View\\FileViewFinder->find()
#2 /home/angklung/www.angklung-udjo.co.id/vendor/laravel/framework/src/Illuminate/Foundation/helpers.php(1062): Illuminate\\View\\Factory->make()
#3 /home/angklung/www.angklung-udjo.co.id/routes/web.php(140): view()
#4 /home/angklung/www.angklung-udjo.co.id/vendor/laravel/framework/src/Illuminate/Routing/CallableDispatcher.php(40): Illuminate\\Routing\\RouteFileRegistrar->{closure:/home/angklung/www.angklung-udjo.co.id/routes/web.php:140}()
#5 /home/angklung/www.angklung-udjo.co.id/vendor/laravel/framework/src/Illuminate/Routing/Route.php(244): Illuminate\\Routing\\CallableDispatcher->dispatch()
#6 /home/angklung/www.angklung-udjo.co.id/vendor/laravel/framework/src/Illuminate/Routing/Route.php(215): Illuminate\\Routing\\Route->runCallable()
#7 /home/angklung/www.angklung-udjo.co.id/vendor/laravel/framework/src/Illuminate/Routing/Router.php(808): Illuminate\\Routing\\Route->run()
#8 /home/angklung/www.angklung-udjo.co.id/vendor/laravel/framework/src/Illuminate/Pipeline/Pipeline.php(170): Illuminate\\Routing\\Router->{closure:Illuminate\\Routing\\Router::runRouteWithinStack():807}()
#9 /home/angklung/www.angklung-udjo.co.id/app/Http/Middleware/SecurityHeaders.php(11): Illuminate\\Pipeline\\Pipeline->{closure:Illuminate\\Pipeline\\Pipeline::prepareDestination():168}()
#10 /home/angklung/www.angklung-udjo.co.id/vendor/laravel/framework/src/Illuminate/Pipeline/Pipeline.php(209): App\\Http\\Middleware\\SecurityHeaders->handle()
#11 /home/angklung/www.angklung-udjo.co.id/app/Http/Middleware/SetLocale.php(26): Illuminate\\Pipeline\\Pipeline->{closure:{closure:Illuminate\\Pipeline\\Pipeline::carry():184}:185}()
#12 /home/angklung/www.angklung-udjo.co.id/vendor/laravel/framework/src/Illuminate/Pipeline/Pipeline.php(209): App\\Http\\Middleware\\SetLocale->handle()
#13 /home/angklung/www.angklung-udjo.co.id/vendor/laravel/framework/src/Illuminate/Routing/Middleware/SubstituteBindings.php(51): Illuminate\\Pipeline\\Pipeline->{closure:{closure:Illuminate\\Pipeline\\Pipeline::carry():184}:185}()
#14 /home/angklung/www.angklung-udjo.co.id/vendor/laravel/framework/src/Illuminate/Pipeline/Pipeline.php(209): Illuminate\\Routing\\Middleware\\SubstituteBindings->handle()
#15 /home/angklung/www.angklung-udjo.co.id/vendor/laravel/framework/src/Illuminate/Foundation/Http/Middleware/VerifyCsrfToken.php(88): Illuminate\\Pipeline\\Pipeline->{closure:{closure:Illuminate\\Pipeline\\Pipeline::carry():184}:185}()
#16 /home/angklung/www.angklung-udjo.co.id/vendor/laravel/framework/src/Illuminate/Pipeline/Pipeline.php(209): Illuminate\\Foundation\\Http\\Middleware\\VerifyCsrfToken->handle()
#17 /home/angklung/www.angklung-udjo.co.id/vendor/laravel/framework/src/Illuminate/View/Middleware/ShareErrorsFromSession.php(49): Illuminate\\Pipeline\\Pipeline->{closure:{closure:Illuminate\\Pipeline\\Pipeline::carry():184}:185}()
#18 /home/angklung/www.angklung-udjo.co.id/vendor/laravel/framework/src/Illuminate/Pipeline/Pipeline.php(209): Illuminate\\View\\Middleware\\ShareErrorsFromSession->handle()
#19 /home/angklung/www.angklung-udjo.co.id/vendor/laravel/framework/src/Illuminate/Session/Middleware/StartSession.php(121): Illuminate\\Pipeline\\Pipeline->{closure:{closure:Illuminate\\Pipeline\\Pipeline::carry():184}:185}()
#20 /home/angklung/www.angklung-udjo.co.id/vendor/laravel/framework/src/Illuminate/Session/Middleware/StartSession.php(64): Illuminate\\Session\\Middleware\\StartSession->handleStatefulRequest()
#21 /home/angklung/www.angklung-udjo.co.id/vendor/laravel/framework/src/Illuminate/Pipeline/Pipeline.php(209): Illuminate\\Session\\Middleware\\StartSession->handle()
#22 /home/angklung/www.angklung-udjo.co.id/vendor/laravel/framework/src/Illuminate/Cookie/Middleware/AddQueuedCookiesToResponse.php(37): Illuminate\\Pipeline\\Pipeline->{closure:{closure:Illuminate\\Pipeline\\Pipeline::carry():184}:185}()
#23 /home/angklung/www.angklung-udjo.co.id/vendor/laravel/framework/src/Illuminate/Pipeline/Pipeline.php(209): Illuminate\\Cookie\\Middleware\\AddQueuedCookiesToResponse->handle()
#24 /home/angklung/www.angklung-udjo.co.id/vendor/laravel/framework/src/Illuminate/Cookie/Middleware/EncryptCookies.php(75): Illuminate\\Pipeline\\Pipeline->{closure:{closure:Illuminate\\Pipeline\\Pipeline::carry():184}:185}()
#25 /home/angklung/www.angklung-udjo.co.id/vendor/laravel/framework/src/Illuminate/Pipeline/Pipeline.php(209): Illuminate\\Cookie\\Middleware\\EncryptCookies->handle()
#26 /home/angklung/www.angklung-udjo.co.id/vendor/laravel/framework/src/Illuminate/Pipeline/Pipeline.php(127): Illuminate\\Pipeline\\Pipeline->{closure:{closure:Illuminate\\Pipeline\\Pipeline::carry():184}:185}()
#27 /home/angklung/www.angklung-udjo.co.id/vendor/laravel/framework/src/Illuminate/Routing/Router.php(807): Illuminate\\Pipeline\\Pipeline->then()
#28 /home/angklung/www.angklung-udjo.co.id/vendor/laravel/framework/src/Illuminate/Routing/Router.php(786): Illuminate\\Routing\\Router->runRouteWithinStack()
#29 /home/angklung/www.angklung-udjo.co.id/vendor/laravel/framework/src/Illuminate/Routing/Router.php(750): Illuminate\\Routing\\Router->runRoute()
#30 /home/angklung/www.angklung-udjo.co.id/vendor/laravel/framework/src/Illuminate/Routing/Router.php(739): Illuminate\\Routing\\Router->dispatchToRoute()
#31 /home/angklung/www.angklung-udjo.co.id/vendor/laravel/framework/src/Illuminate/Foundation/Http/Kernel.php(201): Illuminate\\Routing\\Router->dispatch()
#32 /home/angklung/www.angklung-udjo.co.id/vendor/laravel/framework/src/Illuminate/Pipeline/Pipeline.php(170): Illuminate\\Foundation\\Http\\Kernel->{closure:Illuminate\\Foundation\\Http\\Kernel::dispatchToRouter():198}()
#33 /home/angklung/www.angklung-udjo.co.id/vendor/laravel/framework/src/Illuminate/Foundation/Http/Middleware/TransformsRequest.php(21): Illuminate\\Pipeline\\Pipeline->{closure:Illuminate\\Pipeline\\Pipeline::prepareDestination():168}()
#34 /home/angklung/www.angklung-udjo.co.id/vendor/laravel/framework/src/Illuminate/Foundation/Http/Middleware/ConvertEmptyStringsToNull.php(31): Illuminate\\Foundation\\Http\\Middleware\\TransformsRequest->handle()
#35 /home/angklung/www.angklung-udjo.co.id/vendor/laravel/framework/src/Illuminate/Pipeline/Pipeline.php(209): Illuminate\\Foundation\\Http\\Middleware\\ConvertEmptyStringsToNull->handle()
#36 /home/angklung/www.angklung-udjo.co.id/vendor/laravel/framework/src/Illuminate/Foundation/Http/Middleware/TransformsRequest.php(21): Illuminate\\Pipeline\\Pipeline->{closure:{closure:Illuminate\\Pipeline\\Pipeline::carry():184}:185}()
#37 /home/angklung/www.angklung-udjo.co.id/vendor/laravel/framework/src/Illuminate/Foundation/Http/Middleware/TrimStrings.php(51): Illuminate\\Foundation\\Http\\Middleware\\TransformsRequest->handle()
#38 /home/angklung/www.angklung-udjo.co.id/vendor/laravel/framework/src/Illuminate/Pipeline/Pipeline.php(209): Illuminate\\Foundation\\Http\\Middleware\\TrimStrings->handle()
#39 /home/angklung/www.angklung-udjo.co.id/vendor/laravel/framework/src/Illuminate/Http/Middleware/ValidatePostSize.php(27): Illuminate\\Pipeline\\Pipeline->{closure:{closure:Illuminate\\Pipeline\\Pipeline::carry():184}:185}()
#40 /home/angklung/www.angklung-udjo.co.id/vendor/laravel/framework/src/Illuminate/Pipeline/Pipeline.php(209): Illuminate\\Http\\Middleware\\ValidatePostSize->handle()
#41 /home/angklung/www.angklung-udjo.co.id/vendor/laravel/framework/src/Illuminate/Foundation/Http/Middleware/PreventRequestsDuringMaintenance.php(110): Illuminate\\Pipeline\\Pipeline->{closure:{closure:Illuminate\\Pipeline\\Pipeline::carry():184}:185}()
#42 /home/angklung/www.angklung-udjo.co.id/vendor/laravel/framework/src/Illuminate/Pipeline/Pipeline.php(209): Illuminate\\Foundation\\Http\\Middleware\\PreventRequestsDuringMaintenance->handle()
#43 /home/angklung/www.angklung-udjo.co.id/vendor/laravel/framework/src/Illuminate/Http/Middleware/HandleCors.php(49): Illuminate\\Pipeline\\Pipeline->{closure:{closure:Illuminate\\Pipeline\\Pipeline::carry():184}:185}()
#44 /home/angklung/www.angklung-udjo.co.id/vendor/laravel/framework/src/Illuminate/Pipeline/Pipeline.php(209): Illuminate\\Http\\Middleware\\HandleCors->handle()
#45 /home/angklung/www.angklung-udjo.co.id/vendor/laravel/framework/src/Illuminate/Http/Middleware/TrustProxies.php(58): Illuminate\\Pipeline\\Pipeline->{closure:{closure:Illuminate\\Pipeline\\Pipeline::carry():184}:185}()
#46 /home/angklung/www.angklung-udjo.co.id/vendor/laravel/framework/src/Illuminate/Pipeline/Pipeline.php(209): Illuminate\\Http\\Middleware\\TrustProxies->handle()
#47 /home/angklung/www.angklung-udjo.co.id/vendor/laravel/framework/src/Illuminate/Foundation/Http/Middleware/InvokeDeferredCallbacks.php(22): Illuminate\\Pipeline\\Pipeline->{closure:{closure:Illuminate\\Pipeline\\Pipeline::carry():184}:185}()
#48 /home/angklung/www.angklung-udjo.co.id/vendor/laravel/framework/src/Illuminate/Pipeline/Pipeline.php(209): Illuminate\\Foundation\\Http\\Middleware\\InvokeDeferredCallbacks->handle()
#49 /home/angklung/www.angklung-udjo.co.id/vendor/laravel/framework/src/Illuminate/Pipeline/Pipeline.php(127): Illuminate\\Pipeline\\Pipeline->{closure:{closure:Illuminate\\Pipeline\\Pipeline::carry():184}:185}()
#50 /home/angklung/www.angklung-udjo.co.id/vendor/laravel/framework/src/Illuminate/Foundation/Http/Kernel.php(176): Illuminate\\Pipeline\\Pipeline->then()
#51 /home/angklung/www.angklung-udjo.co.id/vendor/laravel/framework/src/Illuminate/Foundation/Http/Kernel.php(145): Illuminate\\Foundation\\Http\\Kernel->sendRequestThroughRouter()
#52 /home/angklung/www.angklung-udjo.co.id/vendor/laravel/framework/src/Illuminate/Foundation/Application.php(1220): Illuminate\\Foundation\\Http\\Kernel->handle()
#53 /home/angklung/www.angklung-udjo.co.id/public/index.php(20): Illuminate\\Foundation\\Application->handleRequest()
#54 {main}
"} 
[2026-06-04 13:39:35] production.ERROR: Undefined constant App\Models\BookingTicket::PRICES {"userId":3,"exception":"[object] (Error(code: 0): Undefined constant App\\Models\\BookingTicket::PRICES at /home/angklung/www.angklung-udjo.co.id/app/Http/Controllers/Admin/BookingTicketController.php:171)
[stacktrace]
#0 /home/angklung/www.angklung-udjo.co.id/vendor/laravel/framework/src/Illuminate/Routing/ControllerDispatcher.php(47): App\\Http\\Controllers\\Admin\\BookingTicketController->store()
#1 /home/angklung/www.angklung-udjo.co.id/vendor/laravel/framework/src/Illuminate/Routing/Route.php(266): Illuminate\\Routing\\ControllerDispatcher->dispatch()
#2 /home/angklung/www.angklung-udjo.co.id/vendor/laravel/framework/src/Illuminate/Routing/Route.php(212): Illuminate\\Routing\\Route->runController()
#3 /home/angklung/www.angklung-udjo.co.id/vendor/laravel/framework/src/Illuminate/Routing/Router.php(808): Illuminate\\Routing\\Route->run()
#4 /home/angklung/www.angklung-udjo.co.id/vendor/laravel/framework/src/Illuminate/Pipeline/Pipeline.php(170): Illuminate\\Routing\\Router->{closure:Illuminate\\Routing\\Router::runRouteWithinStack():807}()
#5 /home/angklung/www.angklung-udjo.co.id/app/Http/Middleware/SecurityHeaders.php(11): Illuminate\\Pipeline\\Pipeline->{closure:Illuminate\\Pipeline\\Pipeline::prepareDestination():168}()
#6 /home/angklung/www.angklung-udjo.co.id/vendor/laravel/framework/src/Illuminate/Pipeline/Pipeline.php(209): App\\Http\\Middleware\\SecurityHeaders->handle()
#7 /home/angklung/www.angklung-udjo.co.id/app/Http/Middleware/SetLocale.php(26): Illuminate\\Pipeline\\Pipeline->{closure:{closure:Illuminate\\Pipeline\\Pipeline::carry():184}:185}()
#8 /home/angklung/www.angklung-udjo.co.id/vendor/laravel/framework/src/Illuminate/Pipeline/Pipeline.php(209): App\\Http\\Middleware\\SetLocale->handle()
#9 /home/angklung/www.angklung-udjo.co.id/vendor/laravel/framework/src/Illuminate/Routing/Middleware/SubstituteBindings.php(51): Illuminate\\Pipeline\\Pipeline->{closure:{closure:Illuminate\\Pipeline\\Pipeline::carry():184}:185}()
#10 /home/angklung/www.angklung-udjo.co.id/vendor/laravel/framework/src/Illuminate/Pipeline/Pipeline.php(209): Illuminate\\Routing\\Middleware\\SubstituteBindings->handle()
#11 /home/angklung/www.angklung-udjo.co.id/vendor/laravel/framework/src/Illuminate/Auth/Middleware/Authenticate.php(64): Illuminate\\Pipeline\\Pipeline->{closure:{closure:Illuminate\\Pipeline\\Pipeline::carry():184}:185}()
#12 /home/angklung/www.angklung-udjo.co.id/vendor/laravel/framework/src/Illuminate/Pipeline/Pipeline.php(209): Illuminate\\Auth\\Middleware\\Authenticate->handle()
#13 /home/angklung/www.angklung-udjo.co.id/vendor/laravel/framework/src/Illuminate/Foundation/Http/Middleware/VerifyCsrfToken.php(88): Illuminate\\Pipeline\\Pipeline->{closure:{closure:Illuminate\\Pipeline\\Pipeline::carry():184}:185}()
#14 /home/angklung/www.angklung-udjo.co.id/vendor/laravel/framework/src/Illuminate/Pipeline/Pipeline.php(209): Illuminate\\Foundation\\Http\\Middleware\\VerifyCsrfToken->handle()
#15 /home/angklung/www.angklung-udjo.co.id/vendor/laravel/framework/src/Illuminate/View/Middleware/ShareErrorsFromSession.php(49): Illuminate\\Pipeline\\Pipeline->{closure:{closure:Illuminate\\Pipeline\\Pipeline::carry():184}:185}()
#16 /home/angklung/www.angklung-udjo.co.id/vendor/laravel/framework/src/Illuminate/Pipeline/Pipeline.php(209): Illuminate\\View\\Middleware\\ShareErrorsFromSession->handle()
#17 /home/angklung/www.angklung-udjo.co.id/vendor/laravel/framework/src/Illuminate/Session/Middleware/StartSession.php(121): Illuminate\\Pipeline\\Pipeline->{closure:{closure:Illuminate\\Pipeline\\Pipeline::carry():184}:185}()
#18 /home/angklung/www.angklung-udjo.co.id/vendor/laravel/framework/src/Illuminate/Session/Middleware/StartSession.php(64): Illuminate\\Session\\Middleware\\StartSession->handleStatefulRequest()
#19 /home/angklung/www.angklung-udjo.co.id/vendor/laravel/framework/src/Illuminate/Pipeline/Pipeline.php(209): Illuminate\\Session\\Middleware\\StartSession->handle()
#20 /home/angklung/www.angklung-udjo.co.id/vendor/laravel/framework/src/Illuminate/Cookie/Middleware/AddQueuedCookiesToResponse.php(37): Illuminate\\Pipeline\\Pipeline->{closure:{closure:Illuminate\\Pipeline\\Pipeline::carry():184}:185}()
#21 /home/angklung/www.angklung-udjo.co.id/vendor/laravel/framework/src/Illuminate/Pipeline/Pipeline.php(209): Illuminate\\Cookie\\Middleware\\AddQueuedCookiesToResponse->handle()
#22 /home/angklung/www.angklung-udjo.co.id/vendor/laravel/framework/src/Illuminate/Cookie/Middleware/EncryptCookies.php(75): Illuminate\\Pipeline\\Pipeline->{closure:{closure:Illuminate\\Pipeline\\Pipeline::carry():184}:185}()
#23 /home/angklung/www.angklung-udjo.co.id/vendor/laravel/framework/src/Illuminate/Pipeline/Pipeline.php(209): Illuminate\\Cookie\\Middleware\\EncryptCookies->handle()
#24 /home/angklung/www.angklung-udjo.co.id/vendor/laravel/framework/src/Illuminate/Pipeline/Pipeline.php(127): Illuminate\\Pipeline\\Pipeline->{closure:{closure:Illuminate\\Pipeline\\Pipeline::carry():184}:185}()
#25 /home/angklung/www.angklung-udjo.co.id/vendor/laravel/framework/src/Illuminate/Routing/Router.php(807): Illuminate\\Pipeline\\Pipeline->then()
#26 /home/angklung/www.angklung-udjo.co.id/vendor/laravel/framework/src/Illuminate/Routing/Router.php(786): Illuminate\\Routing\\Router->runRouteWithinStack()
#27 /home/angklung/www.angklung-udjo.co.id/vendor/laravel/framework/src/Illuminate/Routing/Router.php(750): Illuminate\\Routing\\Router->runRoute()
#28 /home/angklung/www.angklung-udjo.co.id/vendor/laravel/framework/src/Illuminate/Routing/Router.php(739): Illuminate\\Routing\\Router->dispatchToRoute()
#29 /home/angklung/www.angklung-udjo.co.id/vendor/laravel/framework/src/Illuminate/Foundation/Http/Kernel.php(201): Illuminate\\Routing\\Router->dispatch()
#30 /home/angklung/www.angklung-udjo.co.id/vendor/laravel/framework/src/Illuminate/Pipeline/Pipeline.php(170): Illuminate\\Foundation\\Http\\Kernel->{closure:Illuminate\\Foundation\\Http\\Kernel::dispatchToRouter():198}()
#31 /home/angklung/www.angklung-udjo.co.id/vendor/laravel/framework/src/Illuminate/Foundation/Http/Middleware/TransformsRequest.php(21): Illuminate\\Pipeline\\Pipeline->{closure:Illuminate\\Pipeline\\Pipeline::prepareDestination():168}()
#32 /home/angklung/www.angklung-udjo.co.id/vendor/laravel/framework/src/Illuminate/Foundation/Http/Middleware/ConvertEmptyStringsToNull.php(31): Illuminate\\Foundation\\Http\\Middleware\\TransformsRequest->handle()
#33 /home/angklung/www.angklung-udjo.co.id/vendor/laravel/framework/src/Illuminate/Pipeline/Pipeline.php(209): Illuminate\\Foundation\\Http\\Middleware\\ConvertEmptyStringsToNull->handle()
#34 /home/angklung/www.angklung-udjo.co.id/vendor/laravel/framework/src/Illuminate/Foundation/Http/Middleware/TransformsRequest.php(21): Illuminate\\Pipeline\\Pipeline->{closure:{closure:Illuminate\\Pipeline\\Pipeline::carry():184}:185}()
#35 /home/angklung/www.angklung-udjo.co.id/vendor/laravel/framework/src/Illuminate/Foundation/Http/Middleware/TrimStrings.php(51): Illuminate\\Foundation\\Http\\Middleware\\TransformsRequest->handle()
#36 /home/angklung/www.angklung-udjo.co.id/vendor/laravel/framework/src/Illuminate/Pipeline/Pipeline.php(209): Illuminate\\Foundation\\Http\\Middleware\\TrimStrings->handle()
#37 /home/angklung/www.angklung-udjo.co.id/vendor/laravel/framework/src/Illuminate/Http/Middleware/ValidatePostSize.php(27): Illuminate\\Pipeline\\Pipeline->{closure:{closure:Illuminate\\Pipeline\\Pipeline::carry():184}:185}()
#38 /home/angklung/www.angklung-udjo.co.id/vendor/laravel/framework/src/Illuminate/Pipeline/Pipeline.php(209): Illuminate\\Http\\Middleware\\ValidatePostSize->handle()
#39 /home/angklung/www.angklung-udjo.co.id/vendor/laravel/framework/src/Illuminate/Foundation/Http/Middleware/PreventRequestsDuringMaintenance.php(110): Illuminate\\Pipeline\\Pipeline->{closure:{closure:Illuminate\\Pipeline\\Pipeline::carry():184}:185}()
#40 /home/angklung/www.angklung-udjo.co.id/vendor/laravel/framework/src/Illuminate/Pipeline/Pipeline.php(209): Illuminate\\Foundation\\Http\\Middleware\\PreventRequestsDuringMaintenance->handle()
#41 /home/angklung/www.angklung-udjo.co.id/vendor/laravel/framework/src/Illuminate/Http/Middleware/HandleCors.php(49): Illuminate\\Pipeline\\Pipeline->{closure:{closure:Illuminate\\Pipeline\\Pipeline::carry():184}:185}()
#42 /home/angklung/www.angklung-udjo.co.id/vendor/laravel/framework/src/Illuminate/Pipeline/Pipeline.php(209): Illuminate\\Http\\Middleware\\HandleCors->handle()
#43 /home/angklung/www.angklung-udjo.co.id/vendor/laravel/framework/src/Illuminate/Http/Middleware/TrustProxies.php(58): Illuminate\\Pipeline\\Pipeline->{closure:{closure:Illuminate\\Pipeline\\Pipeline::carry():184}:185}()
#44 /home/angklung/www.angklung-udjo.co.id/vendor/laravel/framework/src/Illuminate/Pipeline/Pipeline.php(209): Illuminate\\Http\\Middleware\\TrustProxies->handle()
#45 /home/angklung/www.angklung-udjo.co.id/vendor/laravel/framework/src/Illuminate/Foundation/Http/Middleware/InvokeDeferredCallbacks.php(22): Illuminate\\Pipeline\\Pipeline->{closure:{closure:Illuminate\\Pipeline\\Pipeline::carry():184}:185}()
#46 /home/angklung/www.angklung-udjo.co.id/vendor/laravel/framework/src/Illuminate/Pipeline/Pipeline.php(209): Illuminate\\Foundation\\Http\\Middleware\\InvokeDeferredCallbacks->handle()
#47 /home/angklung/www.angklung-udjo.co.id/vendor/laravel/framework/src/Illuminate/Pipeline/Pipeline.php(127): Illuminate\\Pipeline\\Pipeline->{closure:{closure:Illuminate\\Pipeline\\Pipeline::carry():184}:185}()
#48 /home/angklung/www.angklung-udjo.co.id/vendor/laravel/framework/src/Illuminate/Foundation/Http/Kernel.php(176): Illuminate\\Pipeline\\Pipeline->then()
#49 /home/angklung/www.angklung-udjo.co.id/vendor/laravel/framework/src/Illuminate/Foundation/Http/Kernel.php(145): Illuminate\\Foundation\\Http\\Kernel->sendRequestThroughRouter()
#50 /home/angklung/www.angklung-udjo.co.id/vendor/laravel/framework/src/Illuminate/Foundation/Application.php(1220): Illuminate\\Foundation\\Http\\Kernel->handle()
#51 /home/angklung/www.angklung-udjo.co.id/public/index.php(20): Illuminate\\Foundation\\Application->handleRequest()
#52 {main}
"} 
[2026-06-04 14:06:12] production.ERROR: View [shows.show] not found. {"exception":"[object] (InvalidArgumentException(code: 0): View [shows.show] not found. at /home/angklung/www.angklung-udjo.co.id/vendor/laravel/framework/src/Illuminate/View/FileViewFinder.php:139)
[stacktrace]
#0 /home/angklung/www.angklung-udjo.co.id/vendor/laravel/framework/src/Illuminate/View/FileViewFinder.php(79): Illuminate\\View\\FileViewFinder->findInPaths()
#1 /home/angklung/www.angklung-udjo.co.id/vendor/laravel/framework/src/Illuminate/View/Factory.php(151): Illuminate\\View\\FileViewFinder->find()
#2 /home/angklung/www.angklung-udjo.co.id/vendor/laravel/framework/src/Illuminate/Foundation/helpers.php(1062): Illuminate\\View\\Factory->make()
#3 /home/angklung/www.angklung-udjo.co.id/app/Http/Controllers/ShowController.php(22): view()
#4 /home/angklung/www.angklung-udjo.co.id/vendor/laravel/framework/src/Illuminate/Routing/ControllerDispatcher.php(47): App\\Http\\Controllers\\ShowController->show()
#5 /home/angklung/www.angklung-udjo.co.id/vendor/laravel/framework/src/Illuminate/Routing/Route.php(266): Illuminate\\Routing\\ControllerDispatcher->dispatch()
#6 /home/angklung/www.angklung-udjo.co.id/vendor/laravel/framework/src/Illuminate/Routing/Route.php(212): Illuminate\\Routing\\Route->runController()
#7 /home/angklung/www.angklung-udjo.co.id/vendor/laravel/framework/src/Illuminate/Routing/Router.php(808): Illuminate\\Routing\\Route->run()
#8 /home/angklung/www.angklung-udjo.co.id/vendor/laravel/framework/src/Illuminate/Pipeline/Pipeline.php(170): Illuminate\\Routing\\Router->{closure:Illuminate\\Routing\\Router::runRouteWithinStack():807}()
#9 /home/angklung/www.angklung-udjo.co.id/app/Http/Middleware/SecurityHeaders.php(11): Illuminate\\Pipeline\\Pipeline->{closure:Illuminate\\Pipeline\\Pipeline::prepareDestination():168}()
#10 /home/angklung/www.angklung-udjo.co.id/vendor/laravel/framework/src/Illuminate/Pipeline/Pipeline.php(209): App\\Http\\Middleware\\SecurityHeaders->handle()
#11 /home/angklung/www.angklung-udjo.co.id/app/Http/Middleware/SetLocale.php(26): Illuminate\\Pipeline\\Pipeline->{closure:{closure:Illuminate\\Pipeline\\Pipeline::carry():184}:185}()
#12 /home/angklung/www.angklung-udjo.co.id/vendor/laravel/framework/src/Illuminate/Pipeline/Pipeline.php(209): App\\Http\\Middleware\\SetLocale->handle()
#13 /home/angklung/www.angklung-udjo.co.id/vendor/laravel/framework/src/Illuminate/Routing/Middleware/SubstituteBindings.php(51): Illuminate\\Pipeline\\Pipeline->{closure:{closure:Illuminate\\Pipeline\\Pipeline::carry():184}:185}()
#14 /home/angklung/www.angklung-udjo.co.id/vendor/laravel/framework/src/Illuminate/Pipeline/Pipeline.php(209): Illuminate\\Routing\\Middleware\\SubstituteBindings->handle()
#15 /home/angklung/www.angklung-udjo.co.id/vendor/laravel/framework/src/Illuminate/Foundation/Http/Middleware/VerifyCsrfToken.php(88): Illuminate\\Pipeline\\Pipeline->{closure:{closure:Illuminate\\Pipeline\\Pipeline::carry():184}:185}()
#16 /home/angklung/www.angklung-udjo.co.id/vendor/laravel/framework/src/Illuminate/Pipeline/Pipeline.php(209): Illuminate\\Foundation\\Http\\Middleware\\VerifyCsrfToken->handle()
#17 /home/angklung/www.angklung-udjo.co.id/vendor/laravel/framework/src/Illuminate/View/Middleware/ShareErrorsFromSession.php(49): Illuminate\\Pipeline\\Pipeline->{closure:{closure:Illuminate\\Pipeline\\Pipeline::carry():184}:185}()
#18 /home/angklung/www.angklung-udjo.co.id/vendor/laravel/framework/src/Illuminate/Pipeline/Pipeline.php(209): Illuminate\\View\\Middleware\\ShareErrorsFromSession->handle()
#19 /home/angklung/www.angklung-udjo.co.id/vendor/laravel/framework/src/Illuminate/Session/Middleware/StartSession.php(121): Illuminate\\Pipeline\\Pipeline->{closure:{closure:Illuminate\\Pipeline\\Pipeline::carry():184}:185}()
#20 /home/angklung/www.angklung-udjo.co.id/vendor/laravel/framework/src/Illuminate/Session/Middleware/StartSession.php(64): Illuminate\\Session\\Middleware\\StartSession->handleStatefulRequest()
#21 /home/angklung/www.angklung-udjo.co.id/vendor/laravel/framework/src/Illuminate/Pipeline/Pipeline.php(209): Illuminate\\Session\\Middleware\\StartSession->handle()
#22 /home/angklung/www.angklung-udjo.co.id/vendor/laravel/framework/src/Illuminate/Cookie/Middleware/AddQueuedCookiesToResponse.php(37): Illuminate\\Pipeline\\Pipeline->{closure:{closure:Illuminate\\Pipeline\\Pipeline::carry():184}:185}()
#23 /home/angklung/www.angklung-udjo.co.id/vendor/laravel/framework/src/Illuminate/Pipeline/Pipeline.php(209): Illuminate\\Cookie\\Middleware\\AddQueuedCookiesToResponse->handle()
#24 /home/angklung/www.angklung-udjo.co.id/vendor/laravel/framework/src/Illuminate/Cookie/Middleware/EncryptCookies.php(75): Illuminate\\Pipeline\\Pipeline->{closure:{closure:Illuminate\\Pipeline\\Pipeline::carry():184}:185}()
#25 /home/angklung/www.angklung-udjo.co.id/vendor/laravel/framework/src/Illuminate/Pipeline/Pipeline.php(209): Illuminate\\Cookie\\Middleware\\EncryptCookies->handle()
#26 /home/angklung/www.angklung-udjo.co.id/vendor/laravel/framework/src/Illuminate/Pipeline/Pipeline.php(127): Illuminate\\Pipeline\\Pipeline->{closure:{closure:Illuminate\\Pipeline\\Pipeline::carry():184}:185}()
#27 /home/angklung/www.angklung-udjo.co.id/vendor/laravel/framework/src/Illuminate/Routing/Router.php(807): Illuminate\\Pipeline\\Pipeline->then()
#28 /home/angklung/www.angklung-udjo.co.id/vendor/laravel/framework/src/Illuminate/Routing/Router.php(786): Illuminate\\Routing\\Router->runRouteWithinStack()
#29 /home/angklung/www.angklung-udjo.co.id/vendor/laravel/framework/src/Illuminate/Routing/Router.php(750): Illuminate\\Routing\\Router->runRoute()
#30 /home/angklung/www.angklung-udjo.co.id/vendor/laravel/framework/src/Illuminate/Routing/Router.php(739): Illuminate\\Routing\\Router->dispatchToRoute()
#31 /home/angklung/www.angklung-udjo.co.id/vendor/laravel/framework/src/Illuminate/Foundation/Http/Kernel.php(201): Illuminate\\Routing\\Router->dispatch()
#32 /home/angklung/www.angklung-udjo.co.id/vendor/laravel/framework/src/Illuminate/Pipeline/Pipeline.php(170): Illuminate\\Foundation\\Http\\Kernel->{closure:Illuminate\\Foundation\\Http\\Kernel::dispatchToRouter():198}()
#33 /home/angklung/www.angklung-udjo.co.id/vendor/laravel/framework/src/Illuminate/Foundation/Http/Middleware/TransformsRequest.php(21): Illuminate\\Pipeline\\Pipeline->{closure:Illuminate\\Pipeline\\Pipeline::prepareDestination():168}()
#34 /home/angklung/www.angklung-udjo.co.id/vendor/laravel/framework/src/Illuminate/Foundation/Http/Middleware/ConvertEmptyStringsToNull.php(31): Illuminate\\Foundation\\Http\\Middleware\\TransformsRequest->handle()
#35 /home/angklung/www.angklung-udjo.co.id/vendor/laravel/framework/src/Illuminate/Pipeline/Pipeline.php(209): Illuminate\\Foundation\\Http\\Middleware\\ConvertEmptyStringsToNull->handle()
#36 /home/angklung/www.angklung-udjo.co.id/vendor/laravel/framework/src/Illuminate/Foundation/Http/Middleware/TransformsRequest.php(21): Illuminate\\Pipeline\\Pipeline->{closure:{closure:Illuminate\\Pipeline\\Pipeline::carry():184}:185}()
#37 /home/angklung/www.angklung-udjo.co.id/vendor/laravel/framework/src/Illuminate/Foundation/Http/Middleware/TrimStrings.php(51): Illuminate\\Foundation\\Http\\Middleware\\TransformsRequest->handle()
#38 /home/angklung/www.angklung-udjo.co.id/vendor/laravel/framework/src/Illuminate/Pipeline/Pipeline.php(209): Illuminate\\Foundation\\Http\\Middleware\\TrimStrings->handle()
#39 /home/angklung/www.angklung-udjo.co.id/vendor/laravel/framework/src/Illuminate/Http/Middleware/ValidatePostSize.php(27): Illuminate\\Pipeline\\Pipeline->{closure:{closure:Illuminate\\Pipeline\\Pipeline::carry():184}:185}()
#40 /home/angklung/www.angklung-udjo.co.id/vendor/laravel/framework/src/Illuminate/Pipeline/Pipeline.php(209): Illuminate\\Http\\Middleware\\ValidatePostSize->handle()
#41 /home/angklung/www.angklung-udjo.co.id/vendor/laravel/framework/src/Illuminate/Foundation/Http/Middleware/PreventRequestsDuringMaintenance.php(110): Illuminate\\Pipeline\\Pipeline->{closure:{closure:Illuminate\\Pipeline\\Pipeline::carry():184}:185}()
#42 /home/angklung/www.angklung-udjo.co.id/vendor/laravel/framework/src/Illuminate/Pipeline/Pipeline.php(209): Illuminate\\Foundation\\Http\\Middleware\\PreventRequestsDuringMaintenance->handle()
#43 /home/angklung/www.angklung-udjo.co.id/vendor/laravel/framework/src/Illuminate/Http/Middleware/HandleCors.php(49): Illuminate\\Pipeline\\Pipeline->{closure:{closure:Illuminate\\Pipeline\\Pipeline::carry():184}:185}()
#44 /home/angklung/www.angklung-udjo.co.id/vendor/laravel/framework/src/Illuminate/Pipeline/Pipeline.php(209): Illuminate\\Http\\Middleware\\HandleCors->handle()
#45 /home/angklung/www.angklung-udjo.co.id/vendor/laravel/framework/src/Illuminate/Http/Middleware/TrustProxies.php(58): Illuminate\\Pipeline\\Pipeline->{closure:{closure:Illuminate\\Pipeline\\Pipeline::carry():184}:185}()
#46 /home/angklung/www.angklung-udjo.co.id/vendor/laravel/framework/src/Illuminate/Pipeline/Pipeline.php(209): Illuminate\\Http\\Middleware\\TrustProxies->handle()
#47 /home/angklung/www.angklung-udjo.co.id/vendor/laravel/framework/src/Illuminate/Foundation/Http/Middleware/InvokeDeferredCallbacks.php(22): Illuminate\\Pipeline\\Pipeline->{closure:{closure:Illuminate\\Pipeline\\Pipeline::carry():184}:185}()
#48 /home/angklung/www.angklung-udjo.co.id/vendor/laravel/framework/src/Illuminate/Pipeline/Pipeline.php(209): Illuminate\\Foundation\\Http\\Middleware\\InvokeDeferredCallbacks->handle()
#49 /home/angklung/www.angklung-udjo.co.id/vendor/laravel/framework/src/Illuminate/Pipeline/Pipeline.php(127): Illuminate\\Pipeline\\Pipeline->{closure:{closure:Illuminate\\Pipeline\\Pipeline::carry():184}:185}()
#50 /home/angklung/www.angklung-udjo.co.id/vendor/laravel/framework/src/Illuminate/Foundation/Http/Kernel.php(176): Illuminate\\Pipeline\\Pipeline->then()
#51 /home/angklung/www.angklung-udjo.co.id/vendor/laravel/framework/src/Illuminate/Foundation/Http/Kernel.php(145): Illuminate\\Foundation\\Http\\Kernel->sendRequestThroughRouter()
#52 /home/angklung/www.angklung-udjo.co.id/vendor/laravel/framework/src/Illuminate/Foundation/Application.php(1220): Illuminate\\Foundation\\Http\\Kernel->handle()
#53 /home/angklung/www.angklung-udjo.co.id/public/index.php(20): Illuminate\\Foundation\\Application->handleRequest()
#54 {main}
"} 
[2026-06-04 14:14:54] production.ERROR: View [privacy-policy] not found. {"exception":"[object] (InvalidArgumentException(code: 0): View [privacy-policy] not found. at /home/angklung/www.angklung-udjo.co.id/vendor/laravel/framework/src/Illuminate/View/FileViewFinder.php:139)
[stacktrace]
#0 /home/angklung/www.angklung-udjo.co.id/vendor/laravel/framework/src/Illuminate/View/FileViewFinder.php(79): Illuminate\\View\\FileViewFinder->findInPaths()
#1 /home/angklung/www.angklung-udjo.co.id/vendor/laravel/framework/src/Illuminate/View/Factory.php(151): Illuminate\\View\\FileViewFinder->find()
#2 /home/angklung/www.angklung-udjo.co.id/vendor/laravel/framework/src/Illuminate/Foundation/helpers.php(1062): Illuminate\\View\\Factory->make()
#3 /home/angklung/www.angklung-udjo.co.id/routes/web.php(122): view()
#4 /home/angklung/www.angklung-udjo.co.id/vendor/laravel/framework/src/Illuminate/Routing/CallableDispatcher.php(40): Illuminate\\Routing\\RouteFileRegistrar->{closure:/home/angklung/www.angklung-udjo.co.id/routes/web.php:122}()
#5 /home/angklung/www.angklung-udjo.co.id/vendor/laravel/framework/src/Illuminate/Routing/Route.php(244): Illuminate\\Routing\\CallableDispatcher->dispatch()
#6 /home/angklung/www.angklung-udjo.co.id/vendor/laravel/framework/src/Illuminate/Routing/Route.php(215): Illuminate\\Routing\\Route->runCallable()
#7 /home/angklung/www.angklung-udjo.co.id/vendor/laravel/framework/src/Illuminate/Routing/Router.php(808): Illuminate\\Routing\\Route->run()
#8 /home/angklung/www.angklung-udjo.co.id/vendor/laravel/framework/src/Illuminate/Pipeline/Pipeline.php(170): Illuminate\\Routing\\Router->{closure:Illuminate\\Routing\\Router::runRouteWithinStack():807}()
#9 /home/angklung/www.angklung-udjo.co.id/app/Http/Middleware/SecurityHeaders.php(11): Illuminate\\Pipeline\\Pipeline->{closure:Illuminate\\Pipeline\\Pipeline::prepareDestination():168}()
#10 /home/angklung/www.angklung-udjo.co.id/vendor/laravel/framework/src/Illuminate/Pipeline/Pipeline.php(209): App\\Http\\Middleware\\SecurityHeaders->handle()
#11 /home/angklung/www.angklung-udjo.co.id/app/Http/Middleware/SetLocale.php(26): Illuminate\\Pipeline\\Pipeline->{closure:{closure:Illuminate\\Pipeline\\Pipeline::carry():184}:185}()
#12 /home/angklung/www.angklung-udjo.co.id/vendor/laravel/framework/src/Illuminate/Pipeline/Pipeline.php(209): App\\Http\\Middleware\\SetLocale->handle()
#13 /home/angklung/www.angklung-udjo.co.id/vendor/laravel/framework/src/Illuminate/Routing/Middleware/SubstituteBindings.php(51): Illuminate\\Pipeline\\Pipeline->{closure:{closure:Illuminate\\Pipeline\\Pipeline::carry():184}:185}()
#14 /home/angklung/www.angklung-udjo.co.id/vendor/laravel/framework/src/Illuminate/Pipeline/Pipeline.php(209): Illuminate\\Routing\\Middleware\\SubstituteBindings->handle()
#15 /home/angklung/www.angklung-udjo.co.id/vendor/laravel/framework/src/Illuminate/Foundation/Http/Middleware/VerifyCsrfToken.php(88): Illuminate\\Pipeline\\Pipeline->{closure:{closure:Illuminate\\Pipeline\\Pipeline::carry():184}:185}()
#16 /home/angklung/www.angklung-udjo.co.id/vendor/laravel/framework/src/Illuminate/Pipeline/Pipeline.php(209): Illuminate\\Foundation\\Http\\Middleware\\VerifyCsrfToken->handle()
#17 /home/angklung/www.angklung-udjo.co.id/vendor/laravel/framework/src/Illuminate/View/Middleware/ShareErrorsFromSession.php(49): Illuminate\\Pipeline\\Pipeline->{closure:{closure:Illuminate\\Pipeline\\Pipeline::carry():184}:185}()
#18 /home/angklung/www.angklung-udjo.co.id/vendor/laravel/framework/src/Illuminate/Pipeline/Pipeline.php(209): Illuminate\\View\\Middleware\\ShareErrorsFromSession->handle()
#19 /home/angklung/www.angklung-udjo.co.id/vendor/laravel/framework/src/Illuminate/Session/Middleware/StartSession.php(121): Illuminate\\Pipeline\\Pipeline->{closure:{closure:Illuminate\\Pipeline\\Pipeline::carry():184}:185}()
#20 /home/angklung/www.angklung-udjo.co.id/vendor/laravel/framework/src/Illuminate/Session/Middleware/StartSession.php(64): Illuminate\\Session\\Middleware\\StartSession->handleStatefulRequest()
#21 /home/angklung/www.angklung-udjo.co.id/vendor/laravel/framework/src/Illuminate/Pipeline/Pipeline.php(209): Illuminate\\Session\\Middleware\\StartSession->handle()
#22 /home/angklung/www.angklung-udjo.co.id/vendor/laravel/framework/src/Illuminate/Cookie/Middleware/AddQueuedCookiesToResponse.php(37): Illuminate\\Pipeline\\Pipeline->{closure:{closure:Illuminate\\Pipeline\\Pipeline::carry():184}:185}()
#23 /home/angklung/www.angklung-udjo.co.id/vendor/laravel/framework/src/Illuminate/Pipeline/Pipeline.php(209): Illuminate\\Cookie\\Middleware\\AddQueuedCookiesToResponse->handle()
#24 /home/angklung/www.angklung-udjo.co.id/vendor/laravel/framework/src/Illuminate/Cookie/Middleware/EncryptCookies.php(75): Illuminate\\Pipeline\\Pipeline->{closure:{closure:Illuminate\\Pipeline\\Pipeline::carry():184}:185}()
#25 /home/angklung/www.angklung-udjo.co.id/vendor/laravel/framework/src/Illuminate/Pipeline/Pipeline.php(209): Illuminate\\Cookie\\Middleware\\EncryptCookies->handle()
#26 /home/angklung/www.angklung-udjo.co.id/vendor/laravel/framework/src/Illuminate/Pipeline/Pipeline.php(127): Illuminate\\Pipeline\\Pipeline->{closure:{closure:Illuminate\\Pipeline\\Pipeline::carry():184}:185}()
#27 /home/angklung/www.angklung-udjo.co.id/vendor/laravel/framework/src/Illuminate/Routing/Router.php(807): Illuminate\\Pipeline\\Pipeline->then()
#28 /home/angklung/www.angklung-udjo.co.id/vendor/laravel/framework/src/Illuminate/Routing/Router.php(786): Illuminate\\Routing\\Router->runRouteWithinStack()
#29 /home/angklung/www.angklung-udjo.co.id/vendor/laravel/framework/src/Illuminate/Routing/Router.php(750): Illuminate\\Routing\\Router->runRoute()
#30 /home/angklung/www.angklung-udjo.co.id/vendor/laravel/framework/src/Illuminate/Routing/Router.php(739): Illuminate\\Routing\\Router->dispatchToRoute()
#31 /home/angklung/www.angklung-udjo.co.id/vendor/laravel/framework/src/Illuminate/Foundation/Http/Kernel.php(201): Illuminate\\Routing\\Router->dispatch()
#32 /home/angklung/www.angklung-udjo.co.id/vendor/laravel/framework/src/Illuminate/Pipeline/Pipeline.php(170): Illuminate\\Foundation\\Http\\Kernel->{closure:Illuminate\\Foundation\\Http\\Kernel::dispatchToRouter():198}()
#33 /home/angklung/www.angklung-udjo.co.id/vendor/laravel/framework/src/Illuminate/Foundation/Http/Middleware/TransformsRequest.php(21): Illuminate\\Pipeline\\Pipeline->{closure:Illuminate\\Pipeline\\Pipeline::prepareDestination():168}()
#34 /home/angklung/www.angklung-udjo.co.id/vendor/laravel/framework/src/Illuminate/Foundation/Http/Middleware/ConvertEmptyStringsToNull.php(31): Illuminate\\Foundation\\Http\\Middleware\\TransformsRequest->handle()
#35 /home/angklung/www.angklung-udjo.co.id/vendor/laravel/framework/src/Illuminate/Pipeline/Pipeline.php(209): Illuminate\\Foundation\\Http\\Middleware\\ConvertEmptyStringsToNull->handle()
#36 /home/angklung/www.angklung-udjo.co.id/vendor/laravel/framework/src/Illuminate/Foundation/Http/Middleware/TransformsRequest.php(21): Illuminate\\Pipeline\\Pipeline->{closure:{closure:Illuminate\\Pipeline\\Pipeline::carry():184}:185}()
#37 /home/angklung/www.angklung-udjo.co.id/vendor/laravel/framework/src/Illuminate/Foundation/Http/Middleware/TrimStrings.php(51): Illuminate\\Foundation\\Http\\Middleware\\TransformsRequest->handle()
#38 /home/angklung/www.angklung-udjo.co.id/vendor/laravel/framework/src/Illuminate/Pipeline/Pipeline.php(209): Illuminate\\Foundation\\Http\\Middleware\\TrimStrings->handle()
#39 /home/angklung/www.angklung-udjo.co.id/vendor/laravel/framework/src/Illuminate/Http/Middleware/ValidatePostSize.php(27): Illuminate\\Pipeline\\Pipeline->{closure:{closure:Illuminate\\Pipeline\\Pipeline::carry():184}:185}()
#40 /home/angklung/www.angklung-udjo.co.id/vendor/laravel/framework/src/Illuminate/Pipeline/Pipeline.php(209): Illuminate\\Http\\Middleware\\ValidatePostSize->handle()
#41 /home/angklung/www.angklung-udjo.co.id/vendor/laravel/framework/src/Illuminate/Foundation/Http/Middleware/PreventRequestsDuringMaintenance.php(110): Illuminate\\Pipeline\\Pipeline->{closure:{closure:Illuminate\\Pipeline\\Pipeline::carry():184}:185}()
#42 /home/angklung/www.angklung-udjo.co.id/vendor/laravel/framework/src/Illuminate/Pipeline/Pipeline.php(209): Illuminate\\Foundation\\Http\\Middleware\\PreventRequestsDuringMaintenance->handle()
#43 /home/angklung/www.angklung-udjo.co.id/vendor/laravel/framework/src/Illuminate/Http/Middleware/HandleCors.php(49): Illuminate\\Pipeline\\Pipeline->{closure:{closure:Illuminate\\Pipeline\\Pipeline::carry():184}:185}()
#44 /home/angklung/www.angklung-udjo.co.id/vendor/laravel/framework/src/Illuminate/Pipeline/Pipeline.php(209): Illuminate\\Http\\Middleware\\HandleCors->handle()
#45 /home/angklung/www.angklung-udjo.co.id/vendor/laravel/framework/src/Illuminate/Http/Middleware/TrustProxies.php(58): Illuminate\\Pipeline\\Pipeline->{closure:{closure:Illuminate\\Pipeline\\Pipeline::carry():184}:185}()
#46 /home/angklung/www.angklung-udjo.co.id/vendor/laravel/framework/src/Illuminate/Pipeline/Pipeline.php(209): Illuminate\\Http\\Middleware\\TrustProxies->handle()
#47 /home/angklung/www.angklung-udjo.co.id/vendor/laravel/framework/src/Illuminate/Foundation/Http/Middleware/InvokeDeferredCallbacks.php(22): Illuminate\\Pipeline\\Pipeline->{closure:{closure:Illuminate\\Pipeline\\Pipeline::carry():184}:185}()
#48 /home/angklung/www.angklung-udjo.co.id/vendor/laravel/framework/src/Illuminate/Pipeline/Pipeline.php(209): Illuminate\\Foundation\\Http\\Middleware\\InvokeDeferredCallbacks->handle()
#49 /home/angklung/www.angklung-udjo.co.id/vendor/laravel/framework/src/Illuminate/Pipeline/Pipeline.php(127): Illuminate\\Pipeline\\Pipeline->{closure:{closure:Illuminate\\Pipeline\\Pipeline::carry():184}:185}()
#50 /home/angklung/www.angklung-udjo.co.id/vendor/laravel/framework/src/Illuminate/Foundation/Http/Kernel.php(176): Illuminate\\Pipeline\\Pipeline->then()
#51 /home/angklung/www.angklung-udjo.co.id/vendor/laravel/framework/src/Illuminate/Foundation/Http/Kernel.php(145): Illuminate\\Foundation\\Http\\Kernel->sendRequestThroughRouter()
#52 /home/angklung/www.angklung-udjo.co.id/vendor/laravel/framework/src/Illuminate/Foundation/Application.php(1220): Illuminate\\Foundation\\Http\\Kernel->handle()
#53 /home/angklung/www.angklung-udjo.co.id/public/index.php(20): Illuminate\\Foundation\\Application->handleRequest()
#54 {main}
"} 
[2026-06-04 14:15:59] production.ERROR: Unclosed '{' on line 8 {"exception":"[object] (ParseError(code: 0): Unclosed '{' on line 8 at /home/angklung/www.angklung-udjo.co.id/database/migrations/2026_06_04_141513_add_kitas_to_booking_tickets_table.php:30)
[stacktrace]
#0 /home/angklung/www.angklung-udjo.co.id/vendor/laravel/framework/src/Illuminate/Filesystem/Filesystem.php(149): Illuminate\\Filesystem\\Filesystem::{closure:Illuminate\\Filesystem\\Filesystem::requireOnce():145}()
#1 /home/angklung/www.angklung-udjo.co.id/vendor/laravel/framework/src/Illuminate/Database/Migrations/Migrator.php(588): Illuminate\\Filesystem\\Filesystem->requireOnce()
#2 /home/angklung/www.angklung-udjo.co.id/vendor/laravel/framework/src/Illuminate/Database/Migrations/Migrator.php(131): Illuminate\\Database\\Migrations\\Migrator->requireFiles()
#3 /home/angklung/www.angklung-udjo.co.id/vendor/laravel/framework/src/Illuminate/Database/Console/Migrations/MigrateCommand.php(117): Illuminate\\Database\\Migrations\\Migrator->run()
#4 /home/angklung/www.angklung-udjo.co.id/vendor/laravel/framework/src/Illuminate/Database/Migrations/Migrator.php(658): Illuminate\\Database\\Console\\Migrations\\MigrateCommand->{closure:Illuminate\\Database\\Console\\Migrations\\MigrateCommand::runMigrations():110}()
#5 /home/angklung/www.angklung-udjo.co.id/vendor/laravel/framework/src/Illuminate/Database/Console/Migrations/MigrateCommand.php(110): Illuminate\\Database\\Migrations\\Migrator->usingConnection()
#6 /home/angklung/www.angklung-udjo.co.id/vendor/laravel/framework/src/Illuminate/Database/Console/Migrations/MigrateCommand.php(89): Illuminate\\Database\\Console\\Migrations\\MigrateCommand->runMigrations()
#7 /home/angklung/www.angklung-udjo.co.id/vendor/laravel/framework/src/Illuminate/Container/BoundMethod.php(36): Illuminate\\Database\\Console\\Migrations\\MigrateCommand->handle()
#8 /home/angklung/www.angklung-udjo.co.id/vendor/laravel/framework/src/Illuminate/Container/Util.php(43): Illuminate\\Container\\BoundMethod::{closure:Illuminate\\Container\\BoundMethod::call():35}()
#9 /home/angklung/www.angklung-udjo.co.id/vendor/laravel/framework/src/Illuminate/Container/BoundMethod.php(95): Illuminate\\Container\\Util::unwrapIfClosure()
#10 /home/angklung/www.angklung-udjo.co.id/vendor/laravel/framework/src/Illuminate/Container/BoundMethod.php(35): Illuminate\\Container\\BoundMethod::callBoundMethod()
#11 /home/angklung/www.angklung-udjo.co.id/vendor/laravel/framework/src/Illuminate/Container/Container.php(696): Illuminate\\Container\\BoundMethod::call()
#12 /home/angklung/www.angklung-udjo.co.id/vendor/laravel/framework/src/Illuminate/Console/Command.php(213): Illuminate\\Container\\Container->call()
#13 /home/angklung/www.angklung-udjo.co.id/vendor/symfony/console/Command/Command.php(341): Illuminate\\Console\\Command->execute()
#14 /home/angklung/www.angklung-udjo.co.id/vendor/laravel/framework/src/Illuminate/Console/Command.php(182): Symfony\\Component\\Console\\Command\\Command->run()
#15 /home/angklung/www.angklung-udjo.co.id/vendor/symfony/console/Application.php(1102): Illuminate\\Console\\Command->run()
#16 /home/angklung/www.angklung-udjo.co.id/vendor/symfony/console/Application.php(356): Symfony\\Component\\Console\\Application->doRunCommand()
#17 /home/angklung/www.angklung-udjo.co.id/vendor/symfony/console/Application.php(195): Symfony\\Component\\Console\\Application->doRun()
#18 /home/angklung/www.angklung-udjo.co.id/vendor/laravel/framework/src/Illuminate/Foundation/Console/Kernel.php(198): Symfony\\Component\\Console\\Application->run()
#19 /home/angklung/www.angklung-udjo.co.id/vendor/laravel/framework/src/Illuminate/Foundation/Application.php(1235): Illuminate\\Foundation\\Console\\Kernel->handle()
#20 /home/angklung/www.angklung-udjo.co.id/artisan(13): Illuminate\\Foundation\\Application->handleCommand()
#21 {main}
"} 
[2026-06-04 14:16:09] production.ERROR: Unclosed '{' on line 8 {"exception":"[object] (ParseError(code: 0): Unclosed '{' on line 8 at /home/angklung/www.angklung-udjo.co.id/database/migrations/2026_06_04_141513_add_kitas_to_booking_tickets_table.php:30)
[stacktrace]
#0 /home/angklung/www.angklung-udjo.co.id/vendor/laravel/framework/src/Illuminate/Filesystem/Filesystem.php(149): Illuminate\\Filesystem\\Filesystem::{closure:Illuminate\\Filesystem\\Filesystem::requireOnce():145}()
#1 /home/angklung/www.angklung-udjo.co.id/vendor/laravel/framework/src/Illuminate/Database/Migrations/Migrator.php(588): Illuminate\\Filesystem\\Filesystem->requireOnce()
#2 /home/angklung/www.angklung-udjo.co.id/vendor/laravel/framework/src/Illuminate/Database/Migrations/Migrator.php(131): Illuminate\\Database\\Migrations\\Migrator->requireFiles()
#3 /home/angklung/www.angklung-udjo.co.id/vendor/laravel/framework/src/Illuminate/Database/Console/Migrations/MigrateCommand.php(117): Illuminate\\Database\\Migrations\\Migrator->run()
#4 /home/angklung/www.angklung-udjo.co.id/vendor/laravel/framework/src/Illuminate/Database/Migrations/Migrator.php(658): Illuminate\\Database\\Console\\Migrations\\MigrateCommand->{closure:Illuminate\\Database\\Console\\Migrations\\MigrateCommand::runMigrations():110}()
#5 /home/angklung/www.angklung-udjo.co.id/vendor/laravel/framework/src/Illuminate/Database/Console/Migrations/MigrateCommand.php(110): Illuminate\\Database\\Migrations\\Migrator->usingConnection()
#6 /home/angklung/www.angklung-udjo.co.id/vendor/laravel/framework/src/Illuminate/Database/Console/Migrations/MigrateCommand.php(89): Illuminate\\Database\\Console\\Migrations\\MigrateCommand->runMigrations()
#7 /home/angklung/www.angklung-udjo.co.id/vendor/laravel/framework/src/Illuminate/Container/BoundMethod.php(36): Illuminate\\Database\\Console\\Migrations\\MigrateCommand->handle()
#8 /home/angklung/www.angklung-udjo.co.id/vendor/laravel/framework/src/Illuminate/Container/Util.php(43): Illuminate\\Container\\BoundMethod::{closure:Illuminate\\Container\\BoundMethod::call():35}()
#9 /home/angklung/www.angklung-udjo.co.id/vendor/laravel/framework/src/Illuminate/Container/BoundMethod.php(95): Illuminate\\Container\\Util::unwrapIfClosure()
#10 /home/angklung/www.angklung-udjo.co.id/vendor/laravel/framework/src/Illuminate/Container/BoundMethod.php(35): Illuminate\\Container\\BoundMethod::callBoundMethod()
#11 /home/angklung/www.angklung-udjo.co.id/vendor/laravel/framework/src/Illuminate/Container/Container.php(696): Illuminate\\Container\\BoundMethod::call()
#12 /home/angklung/www.angklung-udjo.co.id/vendor/laravel/framework/src/Illuminate/Console/Command.php(213): Illuminate\\Container\\Container->call()
#13 /home/angklung/www.angklung-udjo.co.id/vendor/symfony/console/Command/Command.php(341): Illuminate\\Console\\Command->execute()
#14 /home/angklung/www.angklung-udjo.co.id/vendor/laravel/framework/src/Illuminate/Console/Command.php(182): Symfony\\Component\\Console\\Command\\Command->run()
#15 /home/angklung/www.angklung-udjo.co.id/vendor/symfony/console/Application.php(1102): Illuminate\\Console\\Command->run()
#16 /home/angklung/www.angklung-udjo.co.id/vendor/symfony/console/Application.php(356): Symfony\\Component\\Console\\Application->doRunCommand()
#17 /home/angklung/www.angklung-udjo.co.id/vendor/symfony/console/Application.php(195): Symfony\\Component\\Console\\Application->doRun()
#18 /home/angklung/www.angklung-udjo.co.id/vendor/laravel/framework/src/Illuminate/Foundation/Console/Kernel.php(198): Symfony\\Component\\Console\\Application->run()
#19 /home/angklung/www.angklung-udjo.co.id/vendor/laravel/framework/src/Illuminate/Foundation/Application.php(1235): Illuminate\\Foundation\\Console\\Kernel->handle()
#20 /home/angklung/www.angklung-udjo.co.id/artisan(13): Illuminate\\Foundation\\Application->handleCommand()
#21 {main}
"} 
[2026-06-04 15:27:05] production.ERROR: View [Ramadhan] not found. {"exception":"[object] (InvalidArgumentException(code: 0): View [Ramadhan] not found. at /home/angklung/www.angklung-udjo.co.id/vendor/laravel/framework/src/Illuminate/View/FileViewFinder.php:139)
[stacktrace]
#0 /home/angklung/www.angklung-udjo.co.id/vendor/laravel/framework/src/Illuminate/View/FileViewFinder.php(79): Illuminate\\View\\FileViewFinder->findInPaths()
#1 /home/angklung/www.angklung-udjo.co.id/vendor/laravel/framework/src/Illuminate/View/Factory.php(151): Illuminate\\View\\FileViewFinder->find()
#2 /home/angklung/www.angklung-udjo.co.id/vendor/laravel/framework/src/Illuminate/Foundation/helpers.php(1062): Illuminate\\View\\Factory->make()
#3 /home/angklung/www.angklung-udjo.co.id/routes/web.php(140): view()
#4 /home/angklung/www.angklung-udjo.co.id/vendor/laravel/framework/src/Illuminate/Routing/CallableDispatcher.php(40): Illuminate\\Routing\\RouteFileRegistrar->{closure:/home/angklung/www.angklung-udjo.co.id/routes/web.php:140}()
#5 /home/angklung/www.angklung-udjo.co.id/vendor/laravel/framework/src/Illuminate/Routing/Route.php(244): Illuminate\\Routing\\CallableDispatcher->dispatch()
#6 /home/angklung/www.angklung-udjo.co.id/vendor/laravel/framework/src/Illuminate/Routing/Route.php(215): Illuminate\\Routing\\Route->runCallable()
#7 /home/angklung/www.angklung-udjo.co.id/vendor/laravel/framework/src/Illuminate/Routing/Router.php(808): Illuminate\\Routing\\Route->run()
#8 /home/angklung/www.angklung-udjo.co.id/vendor/laravel/framework/src/Illuminate/Pipeline/Pipeline.php(170): Illuminate\\Routing\\Router->{closure:Illuminate\\Routing\\Router::runRouteWithinStack():807}()
#9 /home/angklung/www.angklung-udjo.co.id/app/Http/Middleware/SecurityHeaders.php(11): Illuminate\\Pipeline\\Pipeline->{closure:Illuminate\\Pipeline\\Pipeline::prepareDestination():168}()
#10 /home/angklung/www.angklung-udjo.co.id/vendor/laravel/framework/src/Illuminate/Pipeline/Pipeline.php(209): App\\Http\\Middleware\\SecurityHeaders->handle()
#11 /home/angklung/www.angklung-udjo.co.id/app/Http/Middleware/SetLocale.php(26): Illuminate\\Pipeline\\Pipeline->{closure:{closure:Illuminate\\Pipeline\\Pipeline::carry():184}:185}()
#12 /home/angklung/www.angklung-udjo.co.id/vendor/laravel/framework/src/Illuminate/Pipeline/Pipeline.php(209): App\\Http\\Middleware\\SetLocale->handle()
#13 /home/angklung/www.angklung-udjo.co.id/vendor/laravel/framework/src/Illuminate/Routing/Middleware/SubstituteBindings.php(51): Illuminate\\Pipeline\\Pipeline->{closure:{closure:Illuminate\\Pipeline\\Pipeline::carry():184}:185}()
#14 /home/angklung/www.angklung-udjo.co.id/vendor/laravel/framework/src/Illuminate/Pipeline/Pipeline.php(209): Illuminate\\Routing\\Middleware\\SubstituteBindings->handle()
#15 /home/angklung/www.angklung-udjo.co.id/vendor/laravel/framework/src/Illuminate/Foundation/Http/Middleware/VerifyCsrfToken.php(88): Illuminate\\Pipeline\\Pipeline->{closure:{closure:Illuminate\\Pipeline\\Pipeline::carry():184}:185}()
#16 /home/angklung/www.angklung-udjo.co.id/vendor/laravel/framework/src/Illuminate/Pipeline/Pipeline.php(209): Illuminate\\Foundation\\Http\\Middleware\\VerifyCsrfToken->handle()
#17 /home/angklung/www.angklung-udjo.co.id/vendor/laravel/framework/src/Illuminate/View/Middleware/ShareErrorsFromSession.php(49): Illuminate\\Pipeline\\Pipeline->{closure:{closure:Illuminate\\Pipeline\\Pipeline::carry():184}:185}()
#18 /home/angklung/www.angklung-udjo.co.id/vendor/laravel/framework/src/Illuminate/Pipeline/Pipeline.php(209): Illuminate\\View\\Middleware\\ShareErrorsFromSession->handle()
#19 /home/angklung/www.angklung-udjo.co.id/vendor/laravel/framework/src/Illuminate/Session/Middleware/StartSession.php(121): Illuminate\\Pipeline\\Pipeline->{closure:{closure:Illuminate\\Pipeline\\Pipeline::carry():184}:185}()
#20 /home/angklung/www.angklung-udjo.co.id/vendor/laravel/framework/src/Illuminate/Session/Middleware/StartSession.php(64): Illuminate\\Session\\Middleware\\StartSession->handleStatefulRequest()
#21 /home/angklung/www.angklung-udjo.co.id/vendor/laravel/framework/src/Illuminate/Pipeline/Pipeline.php(209): Illuminate\\Session\\Middleware\\StartSession->handle()
#22 /home/angklung/www.angklung-udjo.co.id/vendor/laravel/framework/src/Illuminate/Cookie/Middleware/AddQueuedCookiesToResponse.php(37): Illuminate\\Pipeline\\Pipeline->{closure:{closure:Illuminate\\Pipeline\\Pipeline::carry():184}:185}()
#23 /home/angklung/www.angklung-udjo.co.id/vendor/laravel/framework/src/Illuminate/Pipeline/Pipeline.php(209): Illuminate\\Cookie\\Middleware\\AddQueuedCookiesToResponse->handle()
#24 /home/angklung/www.angklung-udjo.co.id/vendor/laravel/framework/src/Illuminate/Cookie/Middleware/EncryptCookies.php(75): Illuminate\\Pipeline\\Pipeline->{closure:{closure:Illuminate\\Pipeline\\Pipeline::carry():184}:185}()
#25 /home/angklung/www.angklung-udjo.co.id/vendor/laravel/framework/src/Illuminate/Pipeline/Pipeline.php(209): Illuminate\\Cookie\\Middleware\\EncryptCookies->handle()
#26 /home/angklung/www.angklung-udjo.co.id/vendor/laravel/framework/src/Illuminate/Pipeline/Pipeline.php(127): Illuminate\\Pipeline\\Pipeline->{closure:{closure:Illuminate\\Pipeline\\Pipeline::carry():184}:185}()
#27 /home/angklung/www.angklung-udjo.co.id/vendor/laravel/framework/src/Illuminate/Routing/Router.php(807): Illuminate\\Pipeline\\Pipeline->then()
#28 /home/angklung/www.angklung-udjo.co.id/vendor/laravel/framework/src/Illuminate/Routing/Router.php(786): Illuminate\\Routing\\Router->runRouteWithinStack()
#29 /home/angklung/www.angklung-udjo.co.id/vendor/laravel/framework/src/Illuminate/Routing/Router.php(750): Illuminate\\Routing\\Router->runRoute()
#30 /home/angklung/www.angklung-udjo.co.id/vendor/laravel/framework/src/Illuminate/Routing/Router.php(739): Illuminate\\Routing\\Router->dispatchToRoute()
#31 /home/angklung/www.angklung-udjo.co.id/vendor/laravel/framework/src/Illuminate/Foundation/Http/Kernel.php(201): Illuminate\\Routing\\Router->dispatch()
#32 /home/angklung/www.angklung-udjo.co.id/vendor/laravel/framework/src/Illuminate/Pipeline/Pipeline.php(170): Illuminate\\Foundation\\Http\\Kernel->{closure:Illuminate\\Foundation\\Http\\Kernel::dispatchToRouter():198}()
#33 /home/angklung/www.angklung-udjo.co.id/vendor/laravel/framework/src/Illuminate/Foundation/Http/Middleware/TransformsRequest.php(21): Illuminate\\Pipeline\\Pipeline->{closure:Illuminate\\Pipeline\\Pipeline::prepareDestination():168}()
#34 /home/angklung/www.angklung-udjo.co.id/vendor/laravel/framework/src/Illuminate/Foundation/Http/Middleware/ConvertEmptyStringsToNull.php(31): Illuminate\\Foundation\\Http\\Middleware\\TransformsRequest->handle()
#35 /home/angklung/www.angklung-udjo.co.id/vendor/laravel/framework/src/Illuminate/Pipeline/Pipeline.php(209): Illuminate\\Foundation\\Http\\Middleware\\ConvertEmptyStringsToNull->handle()
#36 /home/angklung/www.angklung-udjo.co.id/vendor/laravel/framework/src/Illuminate/Foundation/Http/Middleware/TransformsRequest.php(21): Illuminate\\Pipeline\\Pipeline->{closure:{closure:Illuminate\\Pipeline\\Pipeline::carry():184}:185}()
#37 /home/angklung/www.angklung-udjo.co.id/vendor/laravel/framework/src/Illuminate/Foundation/Http/Middleware/TrimStrings.php(51): Illuminate\\Foundation\\Http\\Middleware\\TransformsRequest->handle()
#38 /home/angklung/www.angklung-udjo.co.id/vendor/laravel/framework/src/Illuminate/Pipeline/Pipeline.php(209): Illuminate\\Foundation\\Http\\Middleware\\TrimStrings->handle()
#39 /home/angklung/www.angklung-udjo.co.id/vendor/laravel/framework/src/Illuminate/Http/Middleware/ValidatePostSize.php(27): Illuminate\\Pipeline\\Pipeline->{closure:{closure:Illuminate\\Pipeline\\Pipeline::carry():184}:185}()
#40 /home/angklung/www.angklung-udjo.co.id/vendor/laravel/framework/src/Illuminate/Pipeline/Pipeline.php(209): Illuminate\\Http\\Middleware\\ValidatePostSize->handle()
#41 /home/angklung/www.angklung-udjo.co.id/vendor/laravel/framework/src/Illuminate/Foundation/Http/Middleware/PreventRequestsDuringMaintenance.php(110): Illuminate\\Pipeline\\Pipeline->{closure:{closure:Illuminate\\Pipeline\\Pipeline::carry():184}:185}()
#42 /home/angklung/www.angklung-udjo.co.id/vendor/laravel/framework/src/Illuminate/Pipeline/Pipeline.php(209): Illuminate\\Foundation\\Http\\Middleware\\PreventRequestsDuringMaintenance->handle()
#43 /home/angklung/www.angklung-udjo.co.id/vendor/laravel/framework/src/Illuminate/Http/Middleware/HandleCors.php(49): Illuminate\\Pipeline\\Pipeline->{closure:{closure:Illuminate\\Pipeline\\Pipeline::carry():184}:185}()
#44 /home/angklung/www.angklung-udjo.co.id/vendor/laravel/framework/src/Illuminate/Pipeline/Pipeline.php(209): Illuminate\\Http\\Middleware\\HandleCors->handle()
#45 /home/angklung/www.angklung-udjo.co.id/vendor/laravel/framework/src/Illuminate/Http/Middleware/TrustProxies.php(58): Illuminate\\Pipeline\\Pipeline->{closure:{closure:Illuminate\\Pipeline\\Pipeline::carry():184}:185}()
#46 /home/angklung/www.angklung-udjo.co.id/vendor/laravel/framework/src/Illuminate/Pipeline/Pipeline.php(209): Illuminate\\Http\\Middleware\\TrustProxies->handle()
#47 /home/angklung/www.angklung-udjo.co.id/vendor/laravel/framework/src/Illuminate/Foundation/Http/Middleware/InvokeDeferredCallbacks.php(22): Illuminate\\Pipeline\\Pipeline->{closure:{closure:Illuminate\\Pipeline\\Pipeline::carry():184}:185}()
#48 /home/angklung/www.angklung-udjo.co.id/vendor/laravel/framework/src/Illuminate/Pipeline/Pipeline.php(209): Illuminate\\Foundation\\Http\\Middleware\\InvokeDeferredCallbacks->handle()
#49 /home/angklung/www.angklung-udjo.co.id/vendor/laravel/framework/src/Illuminate/Pipeline/Pipeline.php(127): Illuminate\\Pipeline\\Pipeline->{closure:{closure:Illuminate\\Pipeline\\Pipeline::carry():184}:185}()
#50 /home/angklung/www.angklung-udjo.co.id/vendor/laravel/framework/src/Illuminate/Foundation/Http/Kernel.php(176): Illuminate\\Pipeline\\Pipeline->then()
#51 /home/angklung/www.angklung-udjo.co.id/vendor/laravel/framework/src/Illuminate/Foundation/Http/Kernel.php(145): Illuminate\\Foundation\\Http\\Kernel->sendRequestThroughRouter()
#52 /home/angklung/www.angklung-udjo.co.id/vendor/laravel/framework/src/Illuminate/Foundation/Application.php(1220): Illuminate\\Foundation\\Http\\Kernel->handle()
#53 /home/angklung/www.angklung-udjo.co.id/public/index.php(20): Illuminate\\Foundation\\Application->handleRequest()
#54 {main}
"} 
[2026-06-04 18:16:59] production.ERROR: View [privacy-policy] not found. {"exception":"[object] (InvalidArgumentException(code: 0): View [privacy-policy] not found. at /home/angklung/www.angklung-udjo.co.id/vendor/laravel/framework/src/Illuminate/View/FileViewFinder.php:139)
[stacktrace]
#0 /home/angklung/www.angklung-udjo.co.id/vendor/laravel/framework/src/Illuminate/View/FileViewFinder.php(79): Illuminate\\View\\FileViewFinder->findInPaths()
#1 /home/angklung/www.angklung-udjo.co.id/vendor/laravel/framework/src/Illuminate/View/Factory.php(151): Illuminate\\View\\FileViewFinder->find()
#2 /home/angklung/www.angklung-udjo.co.id/vendor/laravel/framework/src/Illuminate/Foundation/helpers.php(1062): Illuminate\\View\\Factory->make()
#3 /home/angklung/www.angklung-udjo.co.id/routes/web.php(122): view()
#4 /home/angklung/www.angklung-udjo.co.id/vendor/laravel/framework/src/Illuminate/Routing/CallableDispatcher.php(40): Illuminate\\Routing\\RouteFileRegistrar->{closure:/home/angklung/www.angklung-udjo.co.id/routes/web.php:122}()
#5 /home/angklung/www.angklung-udjo.co.id/vendor/laravel/framework/src/Illuminate/Routing/Route.php(244): Illuminate\\Routing\\CallableDispatcher->dispatch()
#6 /home/angklung/www.angklung-udjo.co.id/vendor/laravel/framework/src/Illuminate/Routing/Route.php(215): Illuminate\\Routing\\Route->runCallable()
#7 /home/angklung/www.angklung-udjo.co.id/vendor/laravel/framework/src/Illuminate/Routing/Router.php(808): Illuminate\\Routing\\Route->run()
#8 /home/angklung/www.angklung-udjo.co.id/vendor/laravel/framework/src/Illuminate/Pipeline/Pipeline.php(170): Illuminate\\Routing\\Router->{closure:Illuminate\\Routing\\Router::runRouteWithinStack():807}()
#9 /home/angklung/www.angklung-udjo.co.id/app/Http/Middleware/SecurityHeaders.php(11): Illuminate\\Pipeline\\Pipeline->{closure:Illuminate\\Pipeline\\Pipeline::prepareDestination():168}()
#10 /home/angklung/www.angklung-udjo.co.id/vendor/laravel/framework/src/Illuminate/Pipeline/Pipeline.php(209): App\\Http\\Middleware\\SecurityHeaders->handle()
#11 /home/angklung/www.angklung-udjo.co.id/app/Http/Middleware/SetLocale.php(26): Illuminate\\Pipeline\\Pipeline->{closure:{closure:Illuminate\\Pipeline\\Pipeline::carry():184}:185}()
#12 /home/angklung/www.angklung-udjo.co.id/vendor/laravel/framework/src/Illuminate/Pipeline/Pipeline.php(209): App\\Http\\Middleware\\SetLocale->handle()
#13 /home/angklung/www.angklung-udjo.co.id/vendor/laravel/framework/src/Illuminate/Routing/Middleware/SubstituteBindings.php(51): Illuminate\\Pipeline\\Pipeline->{closure:{closure:Illuminate\\Pipeline\\Pipeline::carry():184}:185}()
#14 /home/angklung/www.angklung-udjo.co.id/vendor/laravel/framework/src/Illuminate/Pipeline/Pipeline.php(209): Illuminate\\Routing\\Middleware\\SubstituteBindings->handle()
#15 /home/angklung/www.angklung-udjo.co.id/vendor/laravel/framework/src/Illuminate/Foundation/Http/Middleware/VerifyCsrfToken.php(88): Illuminate\\Pipeline\\Pipeline->{closure:{closure:Illuminate\\Pipeline\\Pipeline::carry():184}:185}()
#16 /home/angklung/www.angklung-udjo.co.id/vendor/laravel/framework/src/Illuminate/Pipeline/Pipeline.php(209): Illuminate\\Foundation\\Http\\Middleware\\VerifyCsrfToken->handle()
#17 /home/angklung/www.angklung-udjo.co.id/vendor/laravel/framework/src/Illuminate/View/Middleware/ShareErrorsFromSession.php(49): Illuminate\\Pipeline\\Pipeline->{closure:{closure:Illuminate\\Pipeline\\Pipeline::carry():184}:185}()
#18 /home/angklung/www.angklung-udjo.co.id/vendor/laravel/framework/src/Illuminate/Pipeline/Pipeline.php(209): Illuminate\\View\\Middleware\\ShareErrorsFromSession->handle()
#19 /home/angklung/www.angklung-udjo.co.id/vendor/laravel/framework/src/Illuminate/Session/Middleware/StartSession.php(121): Illuminate\\Pipeline\\Pipeline->{closure:{closure:Illuminate\\Pipeline\\Pipeline::carry():184}:185}()
#20 /home/angklung/www.angklung-udjo.co.id/vendor/laravel/framework/src/Illuminate/Session/Middleware/StartSession.php(64): Illuminate\\Session\\Middleware\\StartSession->handleStatefulRequest()
#21 /home/angklung/www.angklung-udjo.co.id/vendor/laravel/framework/src/Illuminate/Pipeline/Pipeline.php(209): Illuminate\\Session\\Middleware\\StartSession->handle()
#22 /home/angklung/www.angklung-udjo.co.id/vendor/laravel/framework/src/Illuminate/Cookie/Middleware/AddQueuedCookiesToResponse.php(37): Illuminate\\Pipeline\\Pipeline->{closure:{closure:Illuminate\\Pipeline\\Pipeline::carry():184}:185}()
#23 /home/angklung/www.angklung-udjo.co.id/vendor/laravel/framework/src/Illuminate/Pipeline/Pipeline.php(209): Illuminate\\Cookie\\Middleware\\AddQueuedCookiesToResponse->handle()
#24 /home/angklung/www.angklung-udjo.co.id/vendor/laravel/framework/src/Illuminate/Cookie/Middleware/EncryptCookies.php(75): Illuminate\\Pipeline\\Pipeline->{closure:{closure:Illuminate\\Pipeline\\Pipeline::carry():184}:185}()
#25 /home/angklung/www.angklung-udjo.co.id/vendor/laravel/framework/src/Illuminate/Pipeline/Pipeline.php(209): Illuminate\\Cookie\\Middleware\\EncryptCookies->handle()
#26 /home/angklung/www.angklung-udjo.co.id/vendor/laravel/framework/src/Illuminate/Pipeline/Pipeline.php(127): Illuminate\\Pipeline\\Pipeline->{closure:{closure:Illuminate\\Pipeline\\Pipeline::carry():184}:185}()
#27 /home/angklung/www.angklung-udjo.co.id/vendor/laravel/framework/src/Illuminate/Routing/Router.php(807): Illuminate\\Pipeline\\Pipeline->then()
#28 /home/angklung/www.angklung-udjo.co.id/vendor/laravel/framework/src/Illuminate/Routing/Router.php(786): Illuminate\\Routing\\Router->runRouteWithinStack()
#29 /home/angklung/www.angklung-udjo.co.id/vendor/laravel/framework/src/Illuminate/Routing/Router.php(750): Illuminate\\Routing\\Router->runRoute()
#30 /home/angklung/www.angklung-udjo.co.id/vendor/laravel/framework/src/Illuminate/Routing/Router.php(739): Illuminate\\Routing\\Router->dispatchToRoute()
#31 /home/angklung/www.angklung-udjo.co.id/vendor/laravel/framework/src/Illuminate/Foundation/Http/Kernel.php(201): Illuminate\\Routing\\Router->dispatch()
#32 /home/angklung/www.angklung-udjo.co.id/vendor/laravel/framework/src/Illuminate/Pipeline/Pipeline.php(170): Illuminate\\Foundation\\Http\\Kernel->{closure:Illuminate\\Foundation\\Http\\Kernel::dispatchToRouter():198}()
#33 /home/angklung/www.angklung-udjo.co.id/vendor/laravel/framework/src/Illuminate/Foundation/Http/Middleware/TransformsRequest.php(21): Illuminate\\Pipeline\\Pipeline->{closure:Illuminate\\Pipeline\\Pipeline::prepareDestination():168}()
#34 /home/angklung/www.angklung-udjo.co.id/vendor/laravel/framework/src/Illuminate/Foundation/Http/Middleware/ConvertEmptyStringsToNull.php(31): Illuminate\\Foundation\\Http\\Middleware\\TransformsRequest->handle()
#35 /home/angklung/www.angklung-udjo.co.id/vendor/laravel/framework/src/Illuminate/Pipeline/Pipeline.php(209): Illuminate\\Foundation\\Http\\Middleware\\ConvertEmptyStringsToNull->handle()
#36 /home/angklung/www.angklung-udjo.co.id/vendor/laravel/framework/src/Illuminate/Foundation/Http/Middleware/TransformsRequest.php(21): Illuminate\\Pipeline\\Pipeline->{closure:{closure:Illuminate\\Pipeline\\Pipeline::carry():184}:185}()
#37 /home/angklung/www.angklung-udjo.co.id/vendor/laravel/framework/src/Illuminate/Foundation/Http/Middleware/TrimStrings.php(51): Illuminate\\Foundation\\Http\\Middleware\\TransformsRequest->handle()
#38 /home/angklung/www.angklung-udjo.co.id/vendor/laravel/framework/src/Illuminate/Pipeline/Pipeline.php(209): Illuminate\\Foundation\\Http\\Middleware\\TrimStrings->handle()
#39 /home/angklung/www.angklung-udjo.co.id/vendor/laravel/framework/src/Illuminate/Http/Middleware/ValidatePostSize.php(27): Illuminate\\Pipeline\\Pipeline->{closure:{closure:Illuminate\\Pipeline\\Pipeline::carry():184}:185}()
#40 /home/angklung/www.angklung-udjo.co.id/vendor/laravel/framework/src/Illuminate/Pipeline/Pipeline.php(209): Illuminate\\Http\\Middleware\\ValidatePostSize->handle()
#41 /home/angklung/www.angklung-udjo.co.id/vendor/laravel/framework/src/Illuminate/Foundation/Http/Middleware/PreventRequestsDuringMaintenance.php(110): Illuminate\\Pipeline\\Pipeline->{closure:{closure:Illuminate\\Pipeline\\Pipeline::carry():184}:185}()
#42 /home/angklung/www.angklung-udjo.co.id/vendor/laravel/framework/src/Illuminate/Pipeline/Pipeline.php(209): Illuminate\\Foundation\\Http\\Middleware\\PreventRequestsDuringMaintenance->handle()
#43 /home/angklung/www.angklung-udjo.co.id/vendor/laravel/framework/src/Illuminate/Http/Middleware/HandleCors.php(49): Illuminate\\Pipeline\\Pipeline->{closure:{closure:Illuminate\\Pipeline\\Pipeline::carry():184}:185}()
#44 /home/angklung/www.angklung-udjo.co.id/vendor/laravel/framework/src/Illuminate/Pipeline/Pipeline.php(209): Illuminate\\Http\\Middleware\\HandleCors->handle()
#45 /home/angklung/www.angklung-udjo.co.id/vendor/laravel/framework/src/Illuminate/Http/Middleware/TrustProxies.php(58): Illuminate\\Pipeline\\Pipeline->{closure:{closure:Illuminate\\Pipeline\\Pipeline::carry():184}:185}()
#46 /home/angklung/www.angklung-udjo.co.id/vendor/laravel/framework/src/Illuminate/Pipeline/Pipeline.php(209): Illuminate\\Http\\Middleware\\TrustProxies->handle()
#47 /home/angklung/www.angklung-udjo.co.id/vendor/laravel/framework/src/Illuminate/Foundation/Http/Middleware/InvokeDeferredCallbacks.php(22): Illuminate\\Pipeline\\Pipeline->{closure:{closure:Illuminate\\Pipeline\\Pipeline::carry():184}:185}()
#48 /home/angklung/www.angklung-udjo.co.id/vendor/laravel/framework/src/Illuminate/Pipeline/Pipeline.php(209): Illuminate\\Foundation\\Http\\Middleware\\InvokeDeferredCallbacks->handle()
#49 /home/angklung/www.angklung-udjo.co.id/vendor/laravel/framework/src/Illuminate/Pipeline/Pipeline.php(127): Illuminate\\Pipeline\\Pipeline->{closure:{closure:Illuminate\\Pipeline\\Pipeline::carry():184}:185}()
#50 /home/angklung/www.angklung-udjo.co.id/vendor/laravel/framework/src/Illuminate/Foundation/Http/Kernel.php(176): Illuminate\\Pipeline\\Pipeline->then()
#51 /home/angklung/www.angklung-udjo.co.id/vendor/laravel/framework/src/Illuminate/Foundation/Http/Kernel.php(145): Illuminate\\Foundation\\Http\\Kernel->sendRequestThroughRouter()
#52 /home/angklung/www.angklung-udjo.co.id/vendor/laravel/framework/src/Illuminate/Foundation/Application.php(1220): Illuminate\\Foundation\\Http\\Kernel->handle()
#53 /home/angklung/www.angklung-udjo.co.id/public/index.php(20): Illuminate\\Foundation\\Application->handleRequest()
#54 {main}
"} 
[2026-06-04 18:52:28] production.ERROR: View [privacy-policy] not found. {"exception":"[object] (InvalidArgumentException(code: 0): View [privacy-policy] not found. at /home/angklung/www.angklung-udjo.co.id/vendor/laravel/framework/src/Illuminate/View/FileViewFinder.php:139)
[stacktrace]
#0 /home/angklung/www.angklung-udjo.co.id/vendor/laravel/framework/src/Illuminate/View/FileViewFinder.php(79): Illuminate\\View\\FileViewFinder->findInPaths()
#1 /home/angklung/www.angklung-udjo.co.id/vendor/laravel/framework/src/Illuminate/View/Factory.php(151): Illuminate\\View\\FileViewFinder->find()
#2 /home/angklung/www.angklung-udjo.co.id/vendor/laravel/framework/src/Illuminate/Foundation/helpers.php(1062): Illuminate\\View\\Factory->make()
#3 /home/angklung/www.angklung-udjo.co.id/routes/web.php(122): view()
#4 /home/angklung/www.angklung-udjo.co.id/vendor/laravel/framework/src/Illuminate/Routing/CallableDispatcher.php(40): Illuminate\\Routing\\RouteFileRegistrar->{closure:/home/angklung/www.angklung-udjo.co.id/routes/web.php:122}()
#5 /home/angklung/www.angklung-udjo.co.id/vendor/laravel/framework/src/Illuminate/Routing/Route.php(244): Illuminate\\Routing\\CallableDispatcher->dispatch()
#6 /home/angklung/www.angklung-udjo.co.id/vendor/laravel/framework/src/Illuminate/Routing/Route.php(215): Illuminate\\Routing\\Route->runCallable()
#7 /home/angklung/www.angklung-udjo.co.id/vendor/laravel/framework/src/Illuminate/Routing/Router.php(808): Illuminate\\Routing\\Route->run()
#8 /home/angklung/www.angklung-udjo.co.id/vendor/laravel/framework/src/Illuminate/Pipeline/Pipeline.php(170): Illuminate\\Routing\\Router->{closure:Illuminate\\Routing\\Router::runRouteWithinStack():807}()
#9 /home/angklung/www.angklung-udjo.co.id/app/Http/Middleware/SecurityHeaders.php(11): Illuminate\\Pipeline\\Pipeline->{closure:Illuminate\\Pipeline\\Pipeline::prepareDestination():168}()
#10 /home/angklung/www.angklung-udjo.co.id/vendor/laravel/framework/src/Illuminate/Pipeline/Pipeline.php(209): App\\Http\\Middleware\\SecurityHeaders->handle()
#11 /home/angklung/www.angklung-udjo.co.id/app/Http/Middleware/SetLocale.php(26): Illuminate\\Pipeline\\Pipeline->{closure:{closure:Illuminate\\Pipeline\\Pipeline::carry():184}:185}()
#12 /home/angklung/www.angklung-udjo.co.id/vendor/laravel/framework/src/Illuminate/Pipeline/Pipeline.php(209): App\\Http\\Middleware\\SetLocale->handle()
#13 /home/angklung/www.angklung-udjo.co.id/vendor/laravel/framework/src/Illuminate/Routing/Middleware/SubstituteBindings.php(51): Illuminate\\Pipeline\\Pipeline->{closure:{closure:Illuminate\\Pipeline\\Pipeline::carry():184}:185}()
#14 /home/angklung/www.angklung-udjo.co.id/vendor/laravel/framework/src/Illuminate/Pipeline/Pipeline.php(209): Illuminate\\Routing\\Middleware\\SubstituteBindings->handle()
#15 /home/angklung/www.angklung-udjo.co.id/vendor/laravel/framework/src/Illuminate/Foundation/Http/Middleware/VerifyCsrfToken.php(88): Illuminate\\Pipeline\\Pipeline->{closure:{closure:Illuminate\\Pipeline\\Pipeline::carry():184}:185}()
#16 /home/angklung/www.angklung-udjo.co.id/vendor/laravel/framework/src/Illuminate/Pipeline/Pipeline.php(209): Illuminate\\Foundation\\Http\\Middleware\\VerifyCsrfToken->handle()
#17 /home/angklung/www.angklung-udjo.co.id/vendor/laravel/framework/src/Illuminate/View/Middleware/ShareErrorsFromSession.php(49): Illuminate\\Pipeline\\Pipeline->{closure:{closure:Illuminate\\Pipeline\\Pipeline::carry():184}:185}()
#18 /home/angklung/www.angklung-udjo.co.id/vendor/laravel/framework/src/Illuminate/Pipeline/Pipeline.php(209): Illuminate\\View\\Middleware\\ShareErrorsFromSession->handle()
#19 /home/angklung/www.angklung-udjo.co.id/vendor/laravel/framework/src/Illuminate/Session/Middleware/StartSession.php(121): Illuminate\\Pipeline\\Pipeline->{closure:{closure:Illuminate\\Pipeline\\Pipeline::carry():184}:185}()
#20 /home/angklung/www.angklung-udjo.co.id/vendor/laravel/framework/src/Illuminate/Session/Middleware/StartSession.php(64): Illuminate\\Session\\Middleware\\StartSession->handleStatefulRequest()
#21 /home/angklung/www.angklung-udjo.co.id/vendor/laravel/framework/src/Illuminate/Pipeline/Pipeline.php(209): Illuminate\\Session\\Middleware\\StartSession->handle()
#22 /home/angklung/www.angklung-udjo.co.id/vendor/laravel/framework/src/Illuminate/Cookie/Middleware/AddQueuedCookiesToResponse.php(37): Illuminate\\Pipeline\\Pipeline->{closure:{closure:Illuminate\\Pipeline\\Pipeline::carry():184}:185}()
#23 /home/angklung/www.angklung-udjo.co.id/vendor/laravel/framework/src/Illuminate/Pipeline/Pipeline.php(209): Illuminate\\Cookie\\Middleware\\AddQueuedCookiesToResponse->handle()
#24 /home/angklung/www.angklung-udjo.co.id/vendor/laravel/framework/src/Illuminate/Cookie/Middleware/EncryptCookies.php(75): Illuminate\\Pipeline\\Pipeline->{closure:{closure:Illuminate\\Pipeline\\Pipeline::carry():184}:185}()
#25 /home/angklung/www.angklung-udjo.co.id/vendor/laravel/framework/src/Illuminate/Pipeline/Pipeline.php(209): Illuminate\\Cookie\\Middleware\\EncryptCookies->handle()
#26 /home/angklung/www.angklung-udjo.co.id/vendor/laravel/framework/src/Illuminate/Pipeline/Pipeline.php(127): Illuminate\\Pipeline\\Pipeline->{closure:{closure:Illuminate\\Pipeline\\Pipeline::carry():184}:185}()
#27 /home/angklung/www.angklung-udjo.co.id/vendor/laravel/framework/src/Illuminate/Routing/Router.php(807): Illuminate\\Pipeline\\Pipeline->then()
#28 /home/angklung/www.angklung-udjo.co.id/vendor/laravel/framework/src/Illuminate/Routing/Router.php(786): Illuminate\\Routing\\Router->runRouteWithinStack()
#29 /home/angklung/www.angklung-udjo.co.id/vendor/laravel/framework/src/Illuminate/Routing/Router.php(750): Illuminate\\Routing\\Router->runRoute()
#30 /home/angklung/www.angklung-udjo.co.id/vendor/laravel/framework/src/Illuminate/Routing/Router.php(739): Illuminate\\Routing\\Router->dispatchToRoute()
#31 /home/angklung/www.angklung-udjo.co.id/vendor/laravel/framework/src/Illuminate/Foundation/Http/Kernel.php(201): Illuminate\\Routing\\Router->dispatch()
#32 /home/angklung/www.angklung-udjo.co.id/vendor/laravel/framework/src/Illuminate/Pipeline/Pipeline.php(170): Illuminate\\Foundation\\Http\\Kernel->{closure:Illuminate\\Foundation\\Http\\Kernel::dispatchToRouter():198}()
#33 /home/angklung/www.angklung-udjo.co.id/vendor/laravel/framework/src/Illuminate/Foundation/Http/Middleware/TransformsRequest.php(21): Illuminate\\Pipeline\\Pipeline->{closure:Illuminate\\Pipeline\\Pipeline::prepareDestination():168}()
#34 /home/angklung/www.angklung-udjo.co.id/vendor/laravel/framework/src/Illuminate/Foundation/Http/Middleware/ConvertEmptyStringsToNull.php(31): Illuminate\\Foundation\\Http\\Middleware\\TransformsRequest->handle()
#35 /home/angklung/www.angklung-udjo.co.id/vendor/laravel/framework/src/Illuminate/Pipeline/Pipeline.php(209): Illuminate\\Foundation\\Http\\Middleware\\ConvertEmptyStringsToNull->handle()
#36 /home/angklung/www.angklung-udjo.co.id/vendor/laravel/framework/src/Illuminate/Foundation/Http/Middleware/TransformsRequest.php(21): Illuminate\\Pipeline\\Pipeline->{closure:{closure:Illuminate\\Pipeline\\Pipeline::carry():184}:185}()
#37 /home/angklung/www.angklung-udjo.co.id/vendor/laravel/framework/src/Illuminate/Foundation/Http/Middleware/TrimStrings.php(51): Illuminate\\Foundation\\Http\\Middleware\\TransformsRequest->handle()
#38 /home/angklung/www.angklung-udjo.co.id/vendor/laravel/framework/src/Illuminate/Pipeline/Pipeline.php(209): Illuminate\\Foundation\\Http\\Middleware\\TrimStrings->handle()
#39 /home/angklung/www.angklung-udjo.co.id/vendor/laravel/framework/src/Illuminate/Http/Middleware/ValidatePostSize.php(27): Illuminate\\Pipeline\\Pipeline->{closure:{closure:Illuminate\\Pipeline\\Pipeline::carry():184}:185}()
#40 /home/angklung/www.angklung-udjo.co.id/vendor/laravel/framework/src/Illuminate/Pipeline/Pipeline.php(209): Illuminate\\Http\\Middleware\\ValidatePostSize->handle()
#41 /home/angklung/www.angklung-udjo.co.id/vendor/laravel/framework/src/Illuminate/Foundation/Http/Middleware/PreventRequestsDuringMaintenance.php(110): Illuminate\\Pipeline\\Pipeline->{closure:{closure:Illuminate\\Pipeline\\Pipeline::carry():184}:185}()
#42 /home/angklung/www.angklung-udjo.co.id/vendor/laravel/framework/src/Illuminate/Pipeline/Pipeline.php(209): Illuminate\\Foundation\\Http\\Middleware\\PreventRequestsDuringMaintenance->handle()
#43 /home/angklung/www.angklung-udjo.co.id/vendor/laravel/framework/src/Illuminate/Http/Middleware/HandleCors.php(49): Illuminate\\Pipeline\\Pipeline->{closure:{closure:Illuminate\\Pipeline\\Pipeline::carry():184}:185}()
#44 /home/angklung/www.angklung-udjo.co.id/vendor/laravel/framework/src/Illuminate/Pipeline/Pipeline.php(209): Illuminate\\Http\\Middleware\\HandleCors->handle()
#45 /home/angklung/www.angklung-udjo.co.id/vendor/laravel/framework/src/Illuminate/Http/Middleware/TrustProxies.php(58): Illuminate\\Pipeline\\Pipeline->{closure:{closure:Illuminate\\Pipeline\\Pipeline::carry():184}:185}()
#46 /home/angklung/www.angklung-udjo.co.id/vendor/laravel/framework/src/Illuminate/Pipeline/Pipeline.php(209): Illuminate\\Http\\Middleware\\TrustProxies->handle()
#47 /home/angklung/www.angklung-udjo.co.id/vendor/laravel/framework/src/Illuminate/Foundation/Http/Middleware/InvokeDeferredCallbacks.php(22): Illuminate\\Pipeline\\Pipeline->{closure:{closure:Illuminate\\Pipeline\\Pipeline::carry():184}:185}()
#48 /home/angklung/www.angklung-udjo.co.id/vendor/laravel/framework/src/Illuminate/Pipeline/Pipeline.php(209): Illuminate\\Foundation\\Http\\Middleware\\InvokeDeferredCallbacks->handle()
#49 /home/angklung/www.angklung-udjo.co.id/vendor/laravel/framework/src/Illuminate/Pipeline/Pipeline.php(127): Illuminate\\Pipeline\\Pipeline->{closure:{closure:Illuminate\\Pipeline\\Pipeline::carry():184}:185}()
#50 /home/angklung/www.angklung-udjo.co.id/vendor/laravel/framework/src/Illuminate/Foundation/Http/Kernel.php(176): Illuminate\\Pipeline\\Pipeline->then()
#51 /home/angklung/www.angklung-udjo.co.id/vendor/laravel/framework/src/Illuminate/Foundation/Http/Kernel.php(145): Illuminate\\Foundation\\Http\\Kernel->sendRequestThroughRouter()
#52 /home/angklung/www.angklung-udjo.co.id/vendor/laravel/framework/src/Illuminate/Foundation/Application.php(1220): Illuminate\\Foundation\\Http\\Kernel->handle()
#53 /home/angklung/www.angklung-udjo.co.id/public/index.php(20): Illuminate\\Foundation\\Application->handleRequest()
#54 {main}
"} 
[2026-06-04 21:42:24] production.ERROR: View [privacy-policy] not found. {"exception":"[object] (InvalidArgumentException(code: 0): View [privacy-policy] not found. at /home/angklung/www.angklung-udjo.co.id/vendor/laravel/framework/src/Illuminate/View/FileViewFinder.php:139)
[stacktrace]
#0 /home/angklung/www.angklung-udjo.co.id/vendor/laravel/framework/src/Illuminate/View/FileViewFinder.php(79): Illuminate\\View\\FileViewFinder->findInPaths()
#1 /home/angklung/www.angklung-udjo.co.id/vendor/laravel/framework/src/Illuminate/View/Factory.php(151): Illuminate\\View\\FileViewFinder->find()
#2 /home/angklung/www.angklung-udjo.co.id/vendor/laravel/framework/src/Illuminate/Foundation/helpers.php(1062): Illuminate\\View\\Factory->make()
#3 /home/angklung/www.angklung-udjo.co.id/routes/web.php(122): view()
#4 /home/angklung/www.angklung-udjo.co.id/vendor/laravel/framework/src/Illuminate/Routing/CallableDispatcher.php(40): Illuminate\\Routing\\RouteFileRegistrar->{closure:/home/angklung/www.angklung-udjo.co.id/routes/web.php:122}()
#5 /home/angklung/www.angklung-udjo.co.id/vendor/laravel/framework/src/Illuminate/Routing/Route.php(244): Illuminate\\Routing\\CallableDispatcher->dispatch()
#6 /home/angklung/www.angklung-udjo.co.id/vendor/laravel/framework/src/Illuminate/Routing/Route.php(215): Illuminate\\Routing\\Route->runCallable()
#7 /home/angklung/www.angklung-udjo.co.id/vendor/laravel/framework/src/Illuminate/Routing/Router.php(808): Illuminate\\Routing\\Route->run()
#8 /home/angklung/www.angklung-udjo.co.id/vendor/laravel/framework/src/Illuminate/Pipeline/Pipeline.php(170): Illuminate\\Routing\\Router->{closure:Illuminate\\Routing\\Router::runRouteWithinStack():807}()
#9 /home/angklung/www.angklung-udjo.co.id/app/Http/Middleware/SecurityHeaders.php(11): Illuminate\\Pipeline\\Pipeline->{closure:Illuminate\\Pipeline\\Pipeline::prepareDestination():168}()
#10 /home/angklung/www.angklung-udjo.co.id/vendor/laravel/framework/src/Illuminate/Pipeline/Pipeline.php(209): App\\Http\\Middleware\\SecurityHeaders->handle()
#11 /home/angklung/www.angklung-udjo.co.id/app/Http/Middleware/SetLocale.php(26): Illuminate\\Pipeline\\Pipeline->{closure:{closure:Illuminate\\Pipeline\\Pipeline::carry():184}:185}()
#12 /home/angklung/www.angklung-udjo.co.id/vendor/laravel/framework/src/Illuminate/Pipeline/Pipeline.php(209): App\\Http\\Middleware\\SetLocale->handle()
#13 /home/angklung/www.angklung-udjo.co.id/vendor/laravel/framework/src/Illuminate/Routing/Middleware/SubstituteBindings.php(51): Illuminate\\Pipeline\\Pipeline->{closure:{closure:Illuminate\\Pipeline\\Pipeline::carry():184}:185}()
#14 /home/angklung/www.angklung-udjo.co.id/vendor/laravel/framework/src/Illuminate/Pipeline/Pipeline.php(209): Illuminate\\Routing\\Middleware\\SubstituteBindings->handle()
#15 /home/angklung/www.angklung-udjo.co.id/vendor/laravel/framework/src/Illuminate/Foundation/Http/Middleware/VerifyCsrfToken.php(88): Illuminate\\Pipeline\\Pipeline->{closure:{closure:Illuminate\\Pipeline\\Pipeline::carry():184}:185}()
#16 /home/angklung/www.angklung-udjo.co.id/vendor/laravel/framework/src/Illuminate/Pipeline/Pipeline.php(209): Illuminate\\Foundation\\Http\\Middleware\\VerifyCsrfToken->handle()
#17 /home/angklung/www.angklung-udjo.co.id/vendor/laravel/framework/src/Illuminate/View/Middleware/ShareErrorsFromSession.php(49): Illuminate\\Pipeline\\Pipeline->{closure:{closure:Illuminate\\Pipeline\\Pipeline::carry():184}:185}()
#18 /home/angklung/www.angklung-udjo.co.id/vendor/laravel/framework/src/Illuminate/Pipeline/Pipeline.php(209): Illuminate\\View\\Middleware\\ShareErrorsFromSession->handle()
#19 /home/angklung/www.angklung-udjo.co.id/vendor/laravel/framework/src/Illuminate/Session/Middleware/StartSession.php(121): Illuminate\\Pipeline\\Pipeline->{closure:{closure:Illuminate\\Pipeline\\Pipeline::carry():184}:185}()
#20 /home/angklung/www.angklung-udjo.co.id/vendor/laravel/framework/src/Illuminate/Session/Middleware/StartSession.php(64): Illuminate\\Session\\Middleware\\StartSession->handleStatefulRequest()
#21 /home/angklung/www.angklung-udjo.co.id/vendor/laravel/framework/src/Illuminate/Pipeline/Pipeline.php(209): Illuminate\\Session\\Middleware\\StartSession->handle()
#22 /home/angklung/www.angklung-udjo.co.id/vendor/laravel/framework/src/Illuminate/Cookie/Middleware/AddQueuedCookiesToResponse.php(37): Illuminate\\Pipeline\\Pipeline->{closure:{closure:Illuminate\\Pipeline\\Pipeline::carry():184}:185}()
#23 /home/angklung/www.angklung-udjo.co.id/vendor/laravel/framework/src/Illuminate/Pipeline/Pipeline.php(209): Illuminate\\Cookie\\Middleware\\AddQueuedCookiesToResponse->handle()
#24 /home/angklung/www.angklung-udjo.co.id/vendor/laravel/framework/src/Illuminate/Cookie/Middleware/EncryptCookies.php(75): Illuminate\\Pipeline\\Pipeline->{closure:{closure:Illuminate\\Pipeline\\Pipeline::carry():184}:185}()
#25 /home/angklung/www.angklung-udjo.co.id/vendor/laravel/framework/src/Illuminate/Pipeline/Pipeline.php(209): Illuminate\\Cookie\\Middleware\\EncryptCookies->handle()
#26 /home/angklung/www.angklung-udjo.co.id/vendor/laravel/framework/src/Illuminate/Pipeline/Pipeline.php(127): Illuminate\\Pipeline\\Pipeline->{closure:{closure:Illuminate\\Pipeline\\Pipeline::carry():184}:185}()
#27 /home/angklung/www.angklung-udjo.co.id/vendor/laravel/framework/src/Illuminate/Routing/Router.php(807): Illuminate\\Pipeline\\Pipeline->then()
#28 /home/angklung/www.angklung-udjo.co.id/vendor/laravel/framework/src/Illuminate/Routing/Router.php(786): Illuminate\\Routing\\Router->runRouteWithinStack()
#29 /home/angklung/www.angklung-udjo.co.id/vendor/laravel/framework/src/Illuminate/Routing/Router.php(750): Illuminate\\Routing\\Router->runRoute()
#30 /home/angklung/www.angklung-udjo.co.id/vendor/laravel/framework/src/Illuminate/Routing/Router.php(739): Illuminate\\Routing\\Router->dispatchToRoute()
#31 /home/angklung/www.angklung-udjo.co.id/vendor/laravel/framework/src/Illuminate/Foundation/Http/Kernel.php(201): Illuminate\\Routing\\Router->dispatch()
#32 /home/angklung/www.angklung-udjo.co.id/vendor/laravel/framework/src/Illuminate/Pipeline/Pipeline.php(170): Illuminate\\Foundation\\Http\\Kernel->{closure:Illuminate\\Foundation\\Http\\Kernel::dispatchToRouter():198}()
#33 /home/angklung/www.angklung-udjo.co.id/vendor/laravel/framework/src/Illuminate/Foundation/Http/Middleware/TransformsRequest.php(21): Illuminate\\Pipeline\\Pipeline->{closure:Illuminate\\Pipeline\\Pipeline::prepareDestination():168}()
#34 /home/angklung/www.angklung-udjo.co.id/vendor/laravel/framework/src/Illuminate/Foundation/Http/Middleware/ConvertEmptyStringsToNull.php(31): Illuminate\\Foundation\\Http\\Middleware\\TransformsRequest->handle()
#35 /home/angklung/www.angklung-udjo.co.id/vendor/laravel/framework/src/Illuminate/Pipeline/Pipeline.php(209): Illuminate\\Foundation\\Http\\Middleware\\ConvertEmptyStringsToNull->handle()
#36 /home/angklung/www.angklung-udjo.co.id/vendor/laravel/framework/src/Illuminate/Foundation/Http/Middleware/TransformsRequest.php(21): Illuminate\\Pipeline\\Pipeline->{closure:{closure:Illuminate\\Pipeline\\Pipeline::carry():184}:185}()
#37 /home/angklung/www.angklung-udjo.co.id/vendor/laravel/framework/src/Illuminate/Foundation/Http/Middleware/TrimStrings.php(51): Illuminate\\Foundation\\Http\\Middleware\\TransformsRequest->handle()
#38 /home/angklung/www.angklung-udjo.co.id/vendor/laravel/framework/src/Illuminate/Pipeline/Pipeline.php(209): Illuminate\\Foundation\\Http\\Middleware\\TrimStrings->handle()
#39 /home/angklung/www.angklung-udjo.co.id/vendor/laravel/framework/src/Illuminate/Http/Middleware/ValidatePostSize.php(27): Illuminate\\Pipeline\\Pipeline->{closure:{closure:Illuminate\\Pipeline\\Pipeline::carry():184}:185}()
#40 /home/angklung/www.angklung-udjo.co.id/vendor/laravel/framework/src/Illuminate/Pipeline/Pipeline.php(209): Illuminate\\Http\\Middleware\\ValidatePostSize->handle()
#41 /home/angklung/www.angklung-udjo.co.id/vendor/laravel/framework/src/Illuminate/Foundation/Http/Middleware/PreventRequestsDuringMaintenance.php(110): Illuminate\\Pipeline\\Pipeline->{closure:{closure:Illuminate\\Pipeline\\Pipeline::carry():184}:185}()
#42 /home/angklung/www.angklung-udjo.co.id/vendor/laravel/framework/src/Illuminate/Pipeline/Pipeline.php(209): Illuminate\\Foundation\\Http\\Middleware\\PreventRequestsDuringMaintenance->handle()
#43 /home/angklung/www.angklung-udjo.co.id/vendor/laravel/framework/src/Illuminate/Http/Middleware/HandleCors.php(49): Illuminate\\Pipeline\\Pipeline->{closure:{closure:Illuminate\\Pipeline\\Pipeline::carry():184}:185}()
#44 /home/angklung/www.angklung-udjo.co.id/vendor/laravel/framework/src/Illuminate/Pipeline/Pipeline.php(209): Illuminate\\Http\\Middleware\\HandleCors->handle()
#45 /home/angklung/www.angklung-udjo.co.id/vendor/laravel/framework/src/Illuminate/Http/Middleware/TrustProxies.php(58): Illuminate\\Pipeline\\Pipeline->{closure:{closure:Illuminate\\Pipeline\\Pipeline::carry():184}:185}()
#46 /home/angklung/www.angklung-udjo.co.id/vendor/laravel/framework/src/Illuminate/Pipeline/Pipeline.php(209): Illuminate\\Http\\Middleware\\TrustProxies->handle()
#47 /home/angklung/www.angklung-udjo.co.id/vendor/laravel/framework/src/Illuminate/Foundation/Http/Middleware/InvokeDeferredCallbacks.php(22): Illuminate\\Pipeline\\Pipeline->{closure:{closure:Illuminate\\Pipeline\\Pipeline::carry():184}:185}()
#48 /home/angklung/www.angklung-udjo.co.id/vendor/laravel/framework/src/Illuminate/Pipeline/Pipeline.php(209): Illuminate\\Foundation\\Http\\Middleware\\InvokeDeferredCallbacks->handle()
#49 /home/angklung/www.angklung-udjo.co.id/vendor/laravel/framework/src/Illuminate/Pipeline/Pipeline.php(127): Illuminate\\Pipeline\\Pipeline->{closure:{closure:Illuminate\\Pipeline\\Pipeline::carry():184}:185}()
#50 /home/angklung/www.angklung-udjo.co.id/vendor/laravel/framework/src/Illuminate/Foundation/Http/Kernel.php(176): Illuminate\\Pipeline\\Pipeline->then()
#51 /home/angklung/www.angklung-udjo.co.id/vendor/laravel/framework/src/Illuminate/Foundation/Http/Kernel.php(145): Illuminate\\Foundation\\Http\\Kernel->sendRequestThroughRouter()
#52 /home/angklung/www.angklung-udjo.co.id/vendor/laravel/framework/src/Illuminate/Foundation/Application.php(1220): Illuminate\\Foundation\\Http\\Kernel->handle()
#53 /home/angklung/www.angklung-udjo.co.id/public/index.php(20): Illuminate\\Foundation\\Application->handleRequest()
#54 {main}
"} 
[2026-06-04 21:55:02] production.ERROR: View [privacy-policy] not found. {"exception":"[object] (InvalidArgumentException(code: 0): View [privacy-policy] not found. at /home/angklung/www.angklung-udjo.co.id/vendor/laravel/framework/src/Illuminate/View/FileViewFinder.php:139)
[stacktrace]
#0 /home/angklung/www.angklung-udjo.co.id/vendor/laravel/framework/src/Illuminate/View/FileViewFinder.php(79): Illuminate\\View\\FileViewFinder->findInPaths()
#1 /home/angklung/www.angklung-udjo.co.id/vendor/laravel/framework/src/Illuminate/View/Factory.php(151): Illuminate\\View\\FileViewFinder->find()
#2 /home/angklung/www.angklung-udjo.co.id/vendor/laravel/framework/src/Illuminate/Foundation/helpers.php(1062): Illuminate\\View\\Factory->make()
#3 /home/angklung/www.angklung-udjo.co.id/routes/web.php(122): view()
#4 /home/angklung/www.angklung-udjo.co.id/vendor/laravel/framework/src/Illuminate/Routing/CallableDispatcher.php(40): Illuminate\\Routing\\RouteFileRegistrar->{closure:/home/angklung/www.angklung-udjo.co.id/routes/web.php:122}()
#5 /home/angklung/www.angklung-udjo.co.id/vendor/laravel/framework/src/Illuminate/Routing/Route.php(244): Illuminate\\Routing\\CallableDispatcher->dispatch()
#6 /home/angklung/www.angklung-udjo.co.id/vendor/laravel/framework/src/Illuminate/Routing/Route.php(215): Illuminate\\Routing\\Route->runCallable()
#7 /home/angklung/www.angklung-udjo.co.id/vendor/laravel/framework/src/Illuminate/Routing/Router.php(808): Illuminate\\Routing\\Route->run()
#8 /home/angklung/www.angklung-udjo.co.id/vendor/laravel/framework/src/Illuminate/Pipeline/Pipeline.php(170): Illuminate\\Routing\\Router->{closure:Illuminate\\Routing\\Router::runRouteWithinStack():807}()
#9 /home/angklung/www.angklung-udjo.co.id/app/Http/Middleware/SecurityHeaders.php(11): Illuminate\\Pipeline\\Pipeline->{closure:Illuminate\\Pipeline\\Pipeline::prepareDestination():168}()
#10 /home/angklung/www.angklung-udjo.co.id/vendor/laravel/framework/src/Illuminate/Pipeline/Pipeline.php(209): App\\Http\\Middleware\\SecurityHeaders->handle()
#11 /home/angklung/www.angklung-udjo.co.id/app/Http/Middleware/SetLocale.php(26): Illuminate\\Pipeline\\Pipeline->{closure:{closure:Illuminate\\Pipeline\\Pipeline::carry():184}:185}()
#12 /home/angklung/www.angklung-udjo.co.id/vendor/laravel/framework/src/Illuminate/Pipeline/Pipeline.php(209): App\\Http\\Middleware\\SetLocale->handle()
#13 /home/angklung/www.angklung-udjo.co.id/vendor/laravel/framework/src/Illuminate/Routing/Middleware/SubstituteBindings.php(51): Illuminate\\Pipeline\\Pipeline->{closure:{closure:Illuminate\\Pipeline\\Pipeline::carry():184}:185}()
#14 /home/angklung/www.angklung-udjo.co.id/vendor/laravel/framework/src/Illuminate/Pipeline/Pipeline.php(209): Illuminate\\Routing\\Middleware\\SubstituteBindings->handle()
#15 /home/angklung/www.angklung-udjo.co.id/vendor/laravel/framework/src/Illuminate/Foundation/Http/Middleware/VerifyCsrfToken.php(88): Illuminate\\Pipeline\\Pipeline->{closure:{closure:Illuminate\\Pipeline\\Pipeline::carry():184}:185}()
#16 /home/angklung/www.angklung-udjo.co.id/vendor/laravel/framework/src/Illuminate/Pipeline/Pipeline.php(209): Illuminate\\Foundation\\Http\\Middleware\\VerifyCsrfToken->handle()
#17 /home/angklung/www.angklung-udjo.co.id/vendor/laravel/framework/src/Illuminate/View/Middleware/ShareErrorsFromSession.php(49): Illuminate\\Pipeline\\Pipeline->{closure:{closure:Illuminate\\Pipeline\\Pipeline::carry():184}:185}()
#18 /home/angklung/www.angklung-udjo.co.id/vendor/laravel/framework/src/Illuminate/Pipeline/Pipeline.php(209): Illuminate\\View\\Middleware\\ShareErrorsFromSession->handle()
#19 /home/angklung/www.angklung-udjo.co.id/vendor/laravel/framework/src/Illuminate/Session/Middleware/StartSession.php(121): Illuminate\\Pipeline\\Pipeline->{closure:{closure:Illuminate\\Pipeline\\Pipeline::carry():184}:185}()
#20 /home/angklung/www.angklung-udjo.co.id/vendor/laravel/framework/src/Illuminate/Session/Middleware/StartSession.php(64): Illuminate\\Session\\Middleware\\StartSession->handleStatefulRequest()
#21 /home/angklung/www.angklung-udjo.co.id/vendor/laravel/framework/src/Illuminate/Pipeline/Pipeline.php(209): Illuminate\\Session\\Middleware\\StartSession->handle()
#22 /home/angklung/www.angklung-udjo.co.id/vendor/laravel/framework/src/Illuminate/Cookie/Middleware/AddQueuedCookiesToResponse.php(37): Illuminate\\Pipeline\\Pipeline->{closure:{closure:Illuminate\\Pipeline\\Pipeline::carry():184}:185}()
#23 /home/angklung/www.angklung-udjo.co.id/vendor/laravel/framework/src/Illuminate/Pipeline/Pipeline.php(209): Illuminate\\Cookie\\Middleware\\AddQueuedCookiesToResponse->handle()
#24 /home/angklung/www.angklung-udjo.co.id/vendor/laravel/framework/src/Illuminate/Cookie/Middleware/EncryptCookies.php(75): Illuminate\\Pipeline\\Pipeline->{closure:{closure:Illuminate\\Pipeline\\Pipeline::carry():184}:185}()
#25 /home/angklung/www.angklung-udjo.co.id/vendor/laravel/framework/src/Illuminate/Pipeline/Pipeline.php(209): Illuminate\\Cookie\\Middleware\\EncryptCookies->handle()
#26 /home/angklung/www.angklung-udjo.co.id/vendor/laravel/framework/src/Illuminate/Pipeline/Pipeline.php(127): Illuminate\\Pipeline\\Pipeline->{closure:{closure:Illuminate\\Pipeline\\Pipeline::carry():184}:185}()
#27 /home/angklung/www.angklung-udjo.co.id/vendor/laravel/framework/src/Illuminate/Routing/Router.php(807): Illuminate\\Pipeline\\Pipeline->then()
#28 /home/angklung/www.angklung-udjo.co.id/vendor/laravel/framework/src/Illuminate/Routing/Router.php(786): Illuminate\\Routing\\Router->runRouteWithinStack()
#29 /home/angklung/www.angklung-udjo.co.id/vendor/laravel/framework/src/Illuminate/Routing/Router.php(750): Illuminate\\Routing\\Router->runRoute()
#30 /home/angklung/www.angklung-udjo.co.id/vendor/laravel/framework/src/Illuminate/Routing/Router.php(739): Illuminate\\Routing\\Router->dispatchToRoute()
#31 /home/angklung/www.angklung-udjo.co.id/vendor/laravel/framework/src/Illuminate/Foundation/Http/Kernel.php(201): Illuminate\\Routing\\Router->dispatch()
#32 /home/angklung/www.angklung-udjo.co.id/vendor/laravel/framework/src/Illuminate/Pipeline/Pipeline.php(170): Illuminate\\Foundation\\Http\\Kernel->{closure:Illuminate\\Foundation\\Http\\Kernel::dispatchToRouter():198}()
#33 /home/angklung/www.angklung-udjo.co.id/vendor/laravel/framework/src/Illuminate/Foundation/Http/Middleware/TransformsRequest.php(21): Illuminate\\Pipeline\\Pipeline->{closure:Illuminate\\Pipeline\\Pipeline::prepareDestination():168}()
#34 /home/angklung/www.angklung-udjo.co.id/vendor/laravel/framework/src/Illuminate/Foundation/Http/Middleware/ConvertEmptyStringsToNull.php(31): Illuminate\\Foundation\\Http\\Middleware\\TransformsRequest->handle()
#35 /home/angklung/www.angklung-udjo.co.id/vendor/laravel/framework/src/Illuminate/Pipeline/Pipeline.php(209): Illuminate\\Foundation\\Http\\Middleware\\ConvertEmptyStringsToNull->handle()
#36 /home/angklung/www.angklung-udjo.co.id/vendor/laravel/framework/src/Illuminate/Foundation/Http/Middleware/TransformsRequest.php(21): Illuminate\\Pipeline\\Pipeline->{closure:{closure:Illuminate\\Pipeline\\Pipeline::carry():184}:185}()
#37 /home/angklung/www.angklung-udjo.co.id/vendor/laravel/framework/src/Illuminate/Foundation/Http/Middleware/TrimStrings.php(51): Illuminate\\Foundation\\Http\\Middleware\\TransformsRequest->handle()
#38 /home/angklung/www.angklung-udjo.co.id/vendor/laravel/framework/src/Illuminate/Pipeline/Pipeline.php(209): Illuminate\\Foundation\\Http\\Middleware\\TrimStrings->handle()
#39 /home/angklung/www.angklung-udjo.co.id/vendor/laravel/framework/src/Illuminate/Http/Middleware/ValidatePostSize.php(27): Illuminate\\Pipeline\\Pipeline->{closure:{closure:Illuminate\\Pipeline\\Pipeline::carry():184}:185}()
#40 /home/angklung/www.angklung-udjo.co.id/vendor/laravel/framework/src/Illuminate/Pipeline/Pipeline.php(209): Illuminate\\Http\\Middleware\\ValidatePostSize->handle()
#41 /home/angklung/www.angklung-udjo.co.id/vendor/laravel/framework/src/Illuminate/Foundation/Http/Middleware/PreventRequestsDuringMaintenance.php(110): Illuminate\\Pipeline\\Pipeline->{closure:{closure:Illuminate\\Pipeline\\Pipeline::carry():184}:185}()
#42 /home/angklung/www.angklung-udjo.co.id/vendor/laravel/framework/src/Illuminate/Pipeline/Pipeline.php(209): Illuminate\\Foundation\\Http\\Middleware\\PreventRequestsDuringMaintenance->handle()
#43 /home/angklung/www.angklung-udjo.co.id/vendor/laravel/framework/src/Illuminate/Http/Middleware/HandleCors.php(49): Illuminate\\Pipeline\\Pipeline->{closure:{closure:Illuminate\\Pipeline\\Pipeline::carry():184}:185}()
#44 /home/angklung/www.angklung-udjo.co.id/vendor/laravel/framework/src/Illuminate/Pipeline/Pipeline.php(209): Illuminate\\Http\\Middleware\\HandleCors->handle()
#45 /home/angklung/www.angklung-udjo.co.id/vendor/laravel/framework/src/Illuminate/Http/Middleware/TrustProxies.php(58): Illuminate\\Pipeline\\Pipeline->{closure:{closure:Illuminate\\Pipeline\\Pipeline::carry():184}:185}()
#46 /home/angklung/www.angklung-udjo.co.id/vendor/laravel/framework/src/Illuminate/Pipeline/Pipeline.php(209): Illuminate\\Http\\Middleware\\TrustProxies->handle()
#47 /home/angklung/www.angklung-udjo.co.id/vendor/laravel/framework/src/Illuminate/Foundation/Http/Middleware/InvokeDeferredCallbacks.php(22): Illuminate\\Pipeline\\Pipeline->{closure:{closure:Illuminate\\Pipeline\\Pipeline::carry():184}:185}()
#48 /home/angklung/www.angklung-udjo.co.id/vendor/laravel/framework/src/Illuminate/Pipeline/Pipeline.php(209): Illuminate\\Foundation\\Http\\Middleware\\InvokeDeferredCallbacks->handle()
#49 /home/angklung/www.angklung-udjo.co.id/vendor/laravel/framework/src/Illuminate/Pipeline/Pipeline.php(127): Illuminate\\Pipeline\\Pipeline->{closure:{closure:Illuminate\\Pipeline\\Pipeline::carry():184}:185}()
#50 /home/angklung/www.angklung-udjo.co.id/vendor/laravel/framework/src/Illuminate/Foundation/Http/Kernel.php(176): Illuminate\\Pipeline\\Pipeline->then()
#51 /home/angklung/www.angklung-udjo.co.id/vendor/laravel/framework/src/Illuminate/Foundation/Http/Kernel.php(145): Illuminate\\Foundation\\Http\\Kernel->sendRequestThroughRouter()
#52 /home/angklung/www.angklung-udjo.co.id/vendor/laravel/framework/src/Illuminate/Foundation/Application.php(1220): Illuminate\\Foundation\\Http\\Kernel->handle()
#53 /home/angklung/www.angklung-udjo.co.id/public/index.php(20): Illuminate\\Foundation\\Application->handleRequest()
#54 {main}
"} 
[2026-06-04 22:35:43] production.ERROR: View [privacy-policy] not found. {"exception":"[object] (InvalidArgumentException(code: 0): View [privacy-policy] not found. at /home/angklung/www.angklung-udjo.co.id/vendor/laravel/framework/src/Illuminate/View/FileViewFinder.php:139)
[stacktrace]
#0 /home/angklung/www.angklung-udjo.co.id/vendor/laravel/framework/src/Illuminate/View/FileViewFinder.php(79): Illuminate\\View\\FileViewFinder->findInPaths()
#1 /home/angklung/www.angklung-udjo.co.id/vendor/laravel/framework/src/Illuminate/View/Factory.php(151): Illuminate\\View\\FileViewFinder->find()
#2 /home/angklung/www.angklung-udjo.co.id/vendor/laravel/framework/src/Illuminate/Foundation/helpers.php(1062): Illuminate\\View\\Factory->make()
#3 /home/angklung/www.angklung-udjo.co.id/routes/web.php(122): view()
#4 /home/angklung/www.angklung-udjo.co.id/vendor/laravel/framework/src/Illuminate/Routing/CallableDispatcher.php(40): Illuminate\\Routing\\RouteFileRegistrar->{closure:/home/angklung/www.angklung-udjo.co.id/routes/web.php:122}()
#5 /home/angklung/www.angklung-udjo.co.id/vendor/laravel/framework/src/Illuminate/Routing/Route.php(244): Illuminate\\Routing\\CallableDispatcher->dispatch()
#6 /home/angklung/www.angklung-udjo.co.id/vendor/laravel/framework/src/Illuminate/Routing/Route.php(215): Illuminate\\Routing\\Route->runCallable()
#7 /home/angklung/www.angklung-udjo.co.id/vendor/laravel/framework/src/Illuminate/Routing/Router.php(808): Illuminate\\Routing\\Route->run()
#8 /home/angklung/www.angklung-udjo.co.id/vendor/laravel/framework/src/Illuminate/Pipeline/Pipeline.php(170): Illuminate\\Routing\\Router->{closure:Illuminate\\Routing\\Router::runRouteWithinStack():807}()
#9 /home/angklung/www.angklung-udjo.co.id/app/Http/Middleware/SecurityHeaders.php(11): Illuminate\\Pipeline\\Pipeline->{closure:Illuminate\\Pipeline\\Pipeline::prepareDestination():168}()
#10 /home/angklung/www.angklung-udjo.co.id/vendor/laravel/framework/src/Illuminate/Pipeline/Pipeline.php(209): App\\Http\\Middleware\\SecurityHeaders->handle()
#11 /home/angklung/www.angklung-udjo.co.id/app/Http/Middleware/SetLocale.php(26): Illuminate\\Pipeline\\Pipeline->{closure:{closure:Illuminate\\Pipeline\\Pipeline::carry():184}:185}()
#12 /home/angklung/www.angklung-udjo.co.id/vendor/laravel/framework/src/Illuminate/Pipeline/Pipeline.php(209): App\\Http\\Middleware\\SetLocale->handle()
#13 /home/angklung/www.angklung-udjo.co.id/vendor/laravel/framework/src/Illuminate/Routing/Middleware/SubstituteBindings.php(51): Illuminate\\Pipeline\\Pipeline->{closure:{closure:Illuminate\\Pipeline\\Pipeline::carry():184}:185}()
#14 /home/angklung/www.angklung-udjo.co.id/vendor/laravel/framework/src/Illuminate/Pipeline/Pipeline.php(209): Illuminate\\Routing\\Middleware\\SubstituteBindings->handle()
#15 /home/angklung/www.angklung-udjo.co.id/vendor/laravel/framework/src/Illuminate/Foundation/Http/Middleware/VerifyCsrfToken.php(88): Illuminate\\Pipeline\\Pipeline->{closure:{closure:Illuminate\\Pipeline\\Pipeline::carry():184}:185}()
#16 /home/angklung/www.angklung-udjo.co.id/vendor/laravel/framework/src/Illuminate/Pipeline/Pipeline.php(209): Illuminate\\Foundation\\Http\\Middleware\\VerifyCsrfToken->handle()
#17 /home/angklung/www.angklung-udjo.co.id/vendor/laravel/framework/src/Illuminate/View/Middleware/ShareErrorsFromSession.php(49): Illuminate\\Pipeline\\Pipeline->{closure:{closure:Illuminate\\Pipeline\\Pipeline::carry():184}:185}()
#18 /home/angklung/www.angklung-udjo.co.id/vendor/laravel/framework/src/Illuminate/Pipeline/Pipeline.php(209): Illuminate\\View\\Middleware\\ShareErrorsFromSession->handle()
#19 /home/angklung/www.angklung-udjo.co.id/vendor/laravel/framework/src/Illuminate/Session/Middleware/StartSession.php(121): Illuminate\\Pipeline\\Pipeline->{closure:{closure:Illuminate\\Pipeline\\Pipeline::carry():184}:185}()
#20 /home/angklung/www.angklung-udjo.co.id/vendor/laravel/framework/src/Illuminate/Session/Middleware/StartSession.php(64): Illuminate\\Session\\Middleware\\StartSession->handleStatefulRequest()
#21 /home/angklung/www.angklung-udjo.co.id/vendor/laravel/framework/src/Illuminate/Pipeline/Pipeline.php(209): Illuminate\\Session\\Middleware\\StartSession->handle()
#22 /home/angklung/www.angklung-udjo.co.id/vendor/laravel/framework/src/Illuminate/Cookie/Middleware/AddQueuedCookiesToResponse.php(37): Illuminate\\Pipeline\\Pipeline->{closure:{closure:Illuminate\\Pipeline\\Pipeline::carry():184}:185}()
#23 /home/angklung/www.angklung-udjo.co.id/vendor/laravel/framework/src/Illuminate/Pipeline/Pipeline.php(209): Illuminate\\Cookie\\Middleware\\AddQueuedCookiesToResponse->handle()
#24 /home/angklung/www.angklung-udjo.co.id/vendor/laravel/framework/src/Illuminate/Cookie/Middleware/EncryptCookies.php(75): Illuminate\\Pipeline\\Pipeline->{closure:{closure:Illuminate\\Pipeline\\Pipeline::carry():184}:185}()
#25 /home/angklung/www.angklung-udjo.co.id/vendor/laravel/framework/src/Illuminate/Pipeline/Pipeline.php(209): Illuminate\\Cookie\\Middleware\\EncryptCookies->handle()
#26 /home/angklung/www.angklung-udjo.co.id/vendor/laravel/framework/src/Illuminate/Pipeline/Pipeline.php(127): Illuminate\\Pipeline\\Pipeline->{closure:{closure:Illuminate\\Pipeline\\Pipeline::carry():184}:185}()
#27 /home/angklung/www.angklung-udjo.co.id/vendor/laravel/framework/src/Illuminate/Routing/Router.php(807): Illuminate\\Pipeline\\Pipeline->then()
#28 /home/angklung/www.angklung-udjo.co.id/vendor/laravel/framework/src/Illuminate/Routing/Router.php(786): Illuminate\\Routing\\Router->runRouteWithinStack()
#29 /home/angklung/www.angklung-udjo.co.id/vendor/laravel/framework/src/Illuminate/Routing/Router.php(750): Illuminate\\Routing\\Router->runRoute()
#30 /home/angklung/www.angklung-udjo.co.id/vendor/laravel/framework/src/Illuminate/Routing/Router.php(739): Illuminate\\Routing\\Router->dispatchToRoute()
#31 /home/angklung/www.angklung-udjo.co.id/vendor/laravel/framework/src/Illuminate/Foundation/Http/Kernel.php(201): Illuminate\\Routing\\Router->dispatch()
#32 /home/angklung/www.angklung-udjo.co.id/vendor/laravel/framework/src/Illuminate/Pipeline/Pipeline.php(170): Illuminate\\Foundation\\Http\\Kernel->{closure:Illuminate\\Foundation\\Http\\Kernel::dispatchToRouter():198}()
#33 /home/angklung/www.angklung-udjo.co.id/vendor/laravel/framework/src/Illuminate/Foundation/Http/Middleware/TransformsRequest.php(21): Illuminate\\Pipeline\\Pipeline->{closure:Illuminate\\Pipeline\\Pipeline::prepareDestination():168}()
#34 /home/angklung/www.angklung-udjo.co.id/vendor/laravel/framework/src/Illuminate/Foundation/Http/Middleware/ConvertEmptyStringsToNull.php(31): Illuminate\\Foundation\\Http\\Middleware\\TransformsRequest->handle()
#35 /home/angklung/www.angklung-udjo.co.id/vendor/laravel/framework/src/Illuminate/Pipeline/Pipeline.php(209): Illuminate\\Foundation\\Http\\Middleware\\ConvertEmptyStringsToNull->handle()
#36 /home/angklung/www.angklung-udjo.co.id/vendor/laravel/framework/src/Illuminate/Foundation/Http/Middleware/TransformsRequest.php(21): Illuminate\\Pipeline\\Pipeline->{closure:{closure:Illuminate\\Pipeline\\Pipeline::carry():184}:185}()
#37 /home/angklung/www.angklung-udjo.co.id/vendor/laravel/framework/src/Illuminate/Foundation/Http/Middleware/TrimStrings.php(51): Illuminate\\Foundation\\Http\\Middleware\\TransformsRequest->handle()
#38 /home/angklung/www.angklung-udjo.co.id/vendor/laravel/framework/src/Illuminate/Pipeline/Pipeline.php(209): Illuminate\\Foundation\\Http\\Middleware\\TrimStrings->handle()
#39 /home/angklung/www.angklung-udjo.co.id/vendor/laravel/framework/src/Illuminate/Http/Middleware/ValidatePostSize.php(27): Illuminate\\Pipeline\\Pipeline->{closure:{closure:Illuminate\\Pipeline\\Pipeline::carry():184}:185}()
#40 /home/angklung/www.angklung-udjo.co.id/vendor/laravel/framework/src/Illuminate/Pipeline/Pipeline.php(209): Illuminate\\Http\\Middleware\\ValidatePostSize->handle()
#41 /home/angklung/www.angklung-udjo.co.id/vendor/laravel/framework/src/Illuminate/Foundation/Http/Middleware/PreventRequestsDuringMaintenance.php(110): Illuminate\\Pipeline\\Pipeline->{closure:{closure:Illuminate\\Pipeline\\Pipeline::carry():184}:185}()
#42 /home/angklung/www.angklung-udjo.co.id/vendor/laravel/framework/src/Illuminate/Pipeline/Pipeline.php(209): Illuminate\\Foundation\\Http\\Middleware\\PreventRequestsDuringMaintenance->handle()
#43 /home/angklung/www.angklung-udjo.co.id/vendor/laravel/framework/src/Illuminate/Http/Middleware/HandleCors.php(49): Illuminate\\Pipeline\\Pipeline->{closure:{closure:Illuminate\\Pipeline\\Pipeline::carry():184}:185}()
#44 /home/angklung/www.angklung-udjo.co.id/vendor/laravel/framework/src/Illuminate/Pipeline/Pipeline.php(209): Illuminate\\Http\\Middleware\\HandleCors->handle()
#45 /home/angklung/www.angklung-udjo.co.id/vendor/laravel/framework/src/Illuminate/Http/Middleware/TrustProxies.php(58): Illuminate\\Pipeline\\Pipeline->{closure:{closure:Illuminate\\Pipeline\\Pipeline::carry():184}:185}()
#46 /home/angklung/www.angklung-udjo.co.id/vendor/laravel/framework/src/Illuminate/Pipeline/Pipeline.php(209): Illuminate\\Http\\Middleware\\TrustProxies->handle()
#47 /home/angklung/www.angklung-udjo.co.id/vendor/laravel/framework/src/Illuminate/Foundation/Http/Middleware/InvokeDeferredCallbacks.php(22): Illuminate\\Pipeline\\Pipeline->{closure:{closure:Illuminate\\Pipeline\\Pipeline::carry():184}:185}()
#48 /home/angklung/www.angklung-udjo.co.id/vendor/laravel/framework/src/Illuminate/Pipeline/Pipeline.php(209): Illuminate\\Foundation\\Http\\Middleware\\InvokeDeferredCallbacks->handle()
#49 /home/angklung/www.angklung-udjo.co.id/vendor/laravel/framework/src/Illuminate/Pipeline/Pipeline.php(127): Illuminate\\Pipeline\\Pipeline->{closure:{closure:Illuminate\\Pipeline\\Pipeline::carry():184}:185}()
#50 /home/angklung/www.angklung-udjo.co.id/vendor/laravel/framework/src/Illuminate/Foundation/Http/Kernel.php(176): Illuminate\\Pipeline\\Pipeline->then()
#51 /home/angklung/www.angklung-udjo.co.id/vendor/laravel/framework/src/Illuminate/Foundation/Http/Kernel.php(145): Illuminate\\Foundation\\Http\\Kernel->sendRequestThroughRouter()
#52 /home/angklung/www.angklung-udjo.co.id/vendor/laravel/framework/src/Illuminate/Foundation/Application.php(1220): Illuminate\\Foundation\\Http\\Kernel->handle()
#53 /home/angklung/www.angklung-udjo.co.id/public/index.php(20): Illuminate\\Foundation\\Application->handleRequest()
#54 {main}
"} 
[2026-06-04 22:35:46] production.ERROR: View [privacy-policy] not found. {"exception":"[object] (InvalidArgumentException(code: 0): View [privacy-policy] not found. at /home/angklung/www.angklung-udjo.co.id/vendor/laravel/framework/src/Illuminate/View/FileViewFinder.php:139)
[stacktrace]
#0 /home/angklung/www.angklung-udjo.co.id/vendor/laravel/framework/src/Illuminate/View/FileViewFinder.php(79): Illuminate\\View\\FileViewFinder->findInPaths()
#1 /home/angklung/www.angklung-udjo.co.id/vendor/laravel/framework/src/Illuminate/View/Factory.php(151): Illuminate\\View\\FileViewFinder->find()
#2 /home/angklung/www.angklung-udjo.co.id/vendor/laravel/framework/src/Illuminate/Foundation/helpers.php(1062): Illuminate\\View\\Factory->make()
#3 /home/angklung/www.angklung-udjo.co.id/routes/web.php(122): view()
#4 /home/angklung/www.angklung-udjo.co.id/vendor/laravel/framework/src/Illuminate/Routing/CallableDispatcher.php(40): Illuminate\\Routing\\RouteFileRegistrar->{closure:/home/angklung/www.angklung-udjo.co.id/routes/web.php:122}()
#5 /home/angklung/www.angklung-udjo.co.id/vendor/laravel/framework/src/Illuminate/Routing/Route.php(244): Illuminate\\Routing\\CallableDispatcher->dispatch()
#6 /home/angklung/www.angklung-udjo.co.id/vendor/laravel/framework/src/Illuminate/Routing/Route.php(215): Illuminate\\Routing\\Route->runCallable()
#7 /home/angklung/www.angklung-udjo.co.id/vendor/laravel/framework/src/Illuminate/Routing/Router.php(808): Illuminate\\Routing\\Route->run()
#8 /home/angklung/www.angklung-udjo.co.id/vendor/laravel/framework/src/Illuminate/Pipeline/Pipeline.php(170): Illuminate\\Routing\\Router->{closure:Illuminate\\Routing\\Router::runRouteWithinStack():807}()
#9 /home/angklung/www.angklung-udjo.co.id/app/Http/Middleware/SecurityHeaders.php(11): Illuminate\\Pipeline\\Pipeline->{closure:Illuminate\\Pipeline\\Pipeline::prepareDestination():168}()
#10 /home/angklung/www.angklung-udjo.co.id/vendor/laravel/framework/src/Illuminate/Pipeline/Pipeline.php(209): App\\Http\\Middleware\\SecurityHeaders->handle()
#11 /home/angklung/www.angklung-udjo.co.id/app/Http/Middleware/SetLocale.php(26): Illuminate\\Pipeline\\Pipeline->{closure:{closure:Illuminate\\Pipeline\\Pipeline::carry():184}:185}()
#12 /home/angklung/www.angklung-udjo.co.id/vendor/laravel/framework/src/Illuminate/Pipeline/Pipeline.php(209): App\\Http\\Middleware\\SetLocale->handle()
#13 /home/angklung/www.angklung-udjo.co.id/vendor/laravel/framework/src/Illuminate/Routing/Middleware/SubstituteBindings.php(51): Illuminate\\Pipeline\\Pipeline->{closure:{closure:Illuminate\\Pipeline\\Pipeline::carry():184}:185}()
#14 /home/angklung/www.angklung-udjo.co.id/vendor/laravel/framework/src/Illuminate/Pipeline/Pipeline.php(209): Illuminate\\Routing\\Middleware\\SubstituteBindings->handle()
#15 /home/angklung/www.angklung-udjo.co.id/vendor/laravel/framework/src/Illuminate/Foundation/Http/Middleware/VerifyCsrfToken.php(88): Illuminate\\Pipeline\\Pipeline->{closure:{closure:Illuminate\\Pipeline\\Pipeline::carry():184}:185}()
#16 /home/angklung/www.angklung-udjo.co.id/vendor/laravel/framework/src/Illuminate/Pipeline/Pipeline.php(209): Illuminate\\Foundation\\Http\\Middleware\\VerifyCsrfToken->handle()
#17 /home/angklung/www.angklung-udjo.co.id/vendor/laravel/framework/src/Illuminate/View/Middleware/ShareErrorsFromSession.php(49): Illuminate\\Pipeline\\Pipeline->{closure:{closure:Illuminate\\Pipeline\\Pipeline::carry():184}:185}()
#18 /home/angklung/www.angklung-udjo.co.id/vendor/laravel/framework/src/Illuminate/Pipeline/Pipeline.php(209): Illuminate\\View\\Middleware\\ShareErrorsFromSession->handle()
#19 /home/angklung/www.angklung-udjo.co.id/vendor/laravel/framework/src/Illuminate/Session/Middleware/StartSession.php(121): Illuminate\\Pipeline\\Pipeline->{closure:{closure:Illuminate\\Pipeline\\Pipeline::carry():184}:185}()
#20 /home/angklung/www.angklung-udjo.co.id/vendor/laravel/framework/src/Illuminate/Session/Middleware/StartSession.php(64): Illuminate\\Session\\Middleware\\StartSession->handleStatefulRequest()
#21 /home/angklung/www.angklung-udjo.co.id/vendor/laravel/framework/src/Illuminate/Pipeline/Pipeline.php(209): Illuminate\\Session\\Middleware\\StartSession->handle()
#22 /home/angklung/www.angklung-udjo.co.id/vendor/laravel/framework/src/Illuminate/Cookie/Middleware/AddQueuedCookiesToResponse.php(37): Illuminate\\Pipeline\\Pipeline->{closure:{closure:Illuminate\\Pipeline\\Pipeline::carry():184}:185}()
#23 /home/angklung/www.angklung-udjo.co.id/vendor/laravel/framework/src/Illuminate/Pipeline/Pipeline.php(209): Illuminate\\Cookie\\Middleware\\AddQueuedCookiesToResponse->handle()
#24 /home/angklung/www.angklung-udjo.co.id/vendor/laravel/framework/src/Illuminate/Cookie/Middleware/EncryptCookies.php(75): Illuminate\\Pipeline\\Pipeline->{closure:{closure:Illuminate\\Pipeline\\Pipeline::carry():184}:185}()
#25 /home/angklung/www.angklung-udjo.co.id/vendor/laravel/framework/src/Illuminate/Pipeline/Pipeline.php(209): Illuminate\\Cookie\\Middleware\\EncryptCookies->handle()
#26 /home/angklung/www.angklung-udjo.co.id/vendor/laravel/framework/src/Illuminate/Pipeline/Pipeline.php(127): Illuminate\\Pipeline\\Pipeline->{closure:{closure:Illuminate\\Pipeline\\Pipeline::carry():184}:185}()
#27 /home/angklung/www.angklung-udjo.co.id/vendor/laravel/framework/src/Illuminate/Routing/Router.php(807): Illuminate\\Pipeline\\Pipeline->then()
#28 /home/angklung/www.angklung-udjo.co.id/vendor/laravel/framework/src/Illuminate/Routing/Router.php(786): Illuminate\\Routing\\Router->runRouteWithinStack()
#29 /home/angklung/www.angklung-udjo.co.id/vendor/laravel/framework/src/Illuminate/Routing/Router.php(750): Illuminate\\Routing\\Router->runRoute()
#30 /home/angklung/www.angklung-udjo.co.id/vendor/laravel/framework/src/Illuminate/Routing/Router.php(739): Illuminate\\Routing\\Router->dispatchToRoute()
#31 /home/angklung/www.angklung-udjo.co.id/vendor/laravel/framework/src/Illuminate/Foundation/Http/Kernel.php(201): Illuminate\\Routing\\Router->dispatch()
#32 /home/angklung/www.angklung-udjo.co.id/vendor/laravel/framework/src/Illuminate/Pipeline/Pipeline.php(170): Illuminate\\Foundation\\Http\\Kernel->{closure:Illuminate\\Foundation\\Http\\Kernel::dispatchToRouter():198}()
#33 /home/angklung/www.angklung-udjo.co.id/vendor/laravel/framework/src/Illuminate/Foundation/Http/Middleware/TransformsRequest.php(21): Illuminate\\Pipeline\\Pipeline->{closure:Illuminate\\Pipeline\\Pipeline::prepareDestination():168}()
#34 /home/angklung/www.angklung-udjo.co.id/vendor/laravel/framework/src/Illuminate/Foundation/Http/Middleware/ConvertEmptyStringsToNull.php(31): Illuminate\\Foundation\\Http\\Middleware\\TransformsRequest->handle()
#35 /home/angklung/www.angklung-udjo.co.id/vendor/laravel/framework/src/Illuminate/Pipeline/Pipeline.php(209): Illuminate\\Foundation\\Http\\Middleware\\ConvertEmptyStringsToNull->handle()
#36 /home/angklung/www.angklung-udjo.co.id/vendor/laravel/framework/src/Illuminate/Foundation/Http/Middleware/TransformsRequest.php(21): Illuminate\\Pipeline\\Pipeline->{closure:{closure:Illuminate\\Pipeline\\Pipeline::carry():184}:185}()
#37 /home/angklung/www.angklung-udjo.co.id/vendor/laravel/framework/src/Illuminate/Foundation/Http/Middleware/TrimStrings.php(51): Illuminate\\Foundation\\Http\\Middleware\\TransformsRequest->handle()
#38 /home/angklung/www.angklung-udjo.co.id/vendor/laravel/framework/src/Illuminate/Pipeline/Pipeline.php(209): Illuminate\\Foundation\\Http\\Middleware\\TrimStrings->handle()
#39 /home/angklung/www.angklung-udjo.co.id/vendor/laravel/framework/src/Illuminate/Http/Middleware/ValidatePostSize.php(27): Illuminate\\Pipeline\\Pipeline->{closure:{closure:Illuminate\\Pipeline\\Pipeline::carry():184}:185}()
#40 /home/angklung/www.angklung-udjo.co.id/vendor/laravel/framework/src/Illuminate/Pipeline/Pipeline.php(209): Illuminate\\Http\\Middleware\\ValidatePostSize->handle()
#41 /home/angklung/www.angklung-udjo.co.id/vendor/laravel/framework/src/Illuminate/Foundation/Http/Middleware/PreventRequestsDuringMaintenance.php(110): Illuminate\\Pipeline\\Pipeline->{closure:{closure:Illuminate\\Pipeline\\Pipeline::carry():184}:185}()
#42 /home/angklung/www.angklung-udjo.co.id/vendor/laravel/framework/src/Illuminate/Pipeline/Pipeline.php(209): Illuminate\\Foundation\\Http\\Middleware\\PreventRequestsDuringMaintenance->handle()
#43 /home/angklung/www.angklung-udjo.co.id/vendor/laravel/framework/src/Illuminate/Http/Middleware/HandleCors.php(49): Illuminate\\Pipeline\\Pipeline->{closure:{closure:Illuminate\\Pipeline\\Pipeline::carry():184}:185}()
#44 /home/angklung/www.angklung-udjo.co.id/vendor/laravel/framework/src/Illuminate/Pipeline/Pipeline.php(209): Illuminate\\Http\\Middleware\\HandleCors->handle()
#45 /home/angklung/www.angklung-udjo.co.id/vendor/laravel/framework/src/Illuminate/Http/Middleware/TrustProxies.php(58): Illuminate\\Pipeline\\Pipeline->{closure:{closure:Illuminate\\Pipeline\\Pipeline::carry():184}:185}()
#46 /home/angklung/www.angklung-udjo.co.id/vendor/laravel/framework/src/Illuminate/Pipeline/Pipeline.php(209): Illuminate\\Http\\Middleware\\TrustProxies->handle()
#47 /home/angklung/www.angklung-udjo.co.id/vendor/laravel/framework/src/Illuminate/Foundation/Http/Middleware/InvokeDeferredCallbacks.php(22): Illuminate\\Pipeline\\Pipeline->{closure:{closure:Illuminate\\Pipeline\\Pipeline::carry():184}:185}()
#48 /home/angklung/www.angklung-udjo.co.id/vendor/laravel/framework/src/Illuminate/Pipeline/Pipeline.php(209): Illuminate\\Foundation\\Http\\Middleware\\InvokeDeferredCallbacks->handle()
#49 /home/angklung/www.angklung-udjo.co.id/vendor/laravel/framework/src/Illuminate/Pipeline/Pipeline.php(127): Illuminate\\Pipeline\\Pipeline->{closure:{closure:Illuminate\\Pipeline\\Pipeline::carry():184}:185}()
#50 /home/angklung/www.angklung-udjo.co.id/vendor/laravel/framework/src/Illuminate/Foundation/Http/Kernel.php(176): Illuminate\\Pipeline\\Pipeline->then()
#51 /home/angklung/www.angklung-udjo.co.id/vendor/laravel/framework/src/Illuminate/Foundation/Http/Kernel.php(145): Illuminate\\Foundation\\Http\\Kernel->sendRequestThroughRouter()
#52 /home/angklung/www.angklung-udjo.co.id/vendor/laravel/framework/src/Illuminate/Foundation/Application.php(1220): Illuminate\\Foundation\\Http\\Kernel->handle()
#53 /home/angklung/www.angklung-udjo.co.id/public/index.php(20): Illuminate\\Foundation\\Application->handleRequest()
#54 {main}
"} 
[2026-06-04 22:58:23] production.ERROR: View [privacy-policy] not found. {"exception":"[object] (InvalidArgumentException(code: 0): View [privacy-policy] not found. at /home/angklung/www.angklung-udjo.co.id/vendor/laravel/framework/src/Illuminate/View/FileViewFinder.php:139)
[stacktrace]
#0 /home/angklung/www.angklung-udjo.co.id/vendor/laravel/framework/src/Illuminate/View/FileViewFinder.php(79): Illuminate\\View\\FileViewFinder->findInPaths()
#1 /home/angklung/www.angklung-udjo.co.id/vendor/laravel/framework/src/Illuminate/View/Factory.php(151): Illuminate\\View\\FileViewFinder->find()
#2 /home/angklung/www.angklung-udjo.co.id/vendor/laravel/framework/src/Illuminate/Foundation/helpers.php(1062): Illuminate\\View\\Factory->make()
#3 /home/angklung/www.angklung-udjo.co.id/routes/web.php(122): view()
#4 /home/angklung/www.angklung-udjo.co.id/vendor/laravel/framework/src/Illuminate/Routing/CallableDispatcher.php(40): Illuminate\\Routing\\RouteFileRegistrar->{closure:/home/angklung/www.angklung-udjo.co.id/routes/web.php:122}()
#5 /home/angklung/www.angklung-udjo.co.id/vendor/laravel/framework/src/Illuminate/Routing/Route.php(244): Illuminate\\Routing\\CallableDispatcher->dispatch()
#6 /home/angklung/www.angklung-udjo.co.id/vendor/laravel/framework/src/Illuminate/Routing/Route.php(215): Illuminate\\Routing\\Route->runCallable()
#7 /home/angklung/www.angklung-udjo.co.id/vendor/laravel/framework/src/Illuminate/Routing/Router.php(808): Illuminate\\Routing\\Route->run()
#8 /home/angklung/www.angklung-udjo.co.id/vendor/laravel/framework/src/Illuminate/Pipeline/Pipeline.php(170): Illuminate\\Routing\\Router->{closure:Illuminate\\Routing\\Router::runRouteWithinStack():807}()
#9 /home/angklung/www.angklung-udjo.co.id/app/Http/Middleware/SecurityHeaders.php(11): Illuminate\\Pipeline\\Pipeline->{closure:Illuminate\\Pipeline\\Pipeline::prepareDestination():168}()
#10 /home/angklung/www.angklung-udjo.co.id/vendor/laravel/framework/src/Illuminate/Pipeline/Pipeline.php(209): App\\Http\\Middleware\\SecurityHeaders->handle()
#11 /home/angklung/www.angklung-udjo.co.id/app/Http/Middleware/SetLocale.php(26): Illuminate\\Pipeline\\Pipeline->{closure:{closure:Illuminate\\Pipeline\\Pipeline::carry():184}:185}()
#12 /home/angklung/www.angklung-udjo.co.id/vendor/laravel/framework/src/Illuminate/Pipeline/Pipeline.php(209): App\\Http\\Middleware\\SetLocale->handle()
#13 /home/angklung/www.angklung-udjo.co.id/vendor/laravel/framework/src/Illuminate/Routing/Middleware/SubstituteBindings.php(51): Illuminate\\Pipeline\\Pipeline->{closure:{closure:Illuminate\\Pipeline\\Pipeline::carry():184}:185}()
#14 /home/angklung/www.angklung-udjo.co.id/vendor/laravel/framework/src/Illuminate/Pipeline/Pipeline.php(209): Illuminate\\Routing\\Middleware\\SubstituteBindings->handle()
#15 /home/angklung/www.angklung-udjo.co.id/vendor/laravel/framework/src/Illuminate/Foundation/Http/Middleware/VerifyCsrfToken.php(88): Illuminate\\Pipeline\\Pipeline->{closure:{closure:Illuminate\\Pipeline\\Pipeline::carry():184}:185}()
#16 /home/angklung/www.angklung-udjo.co.id/vendor/laravel/framework/src/Illuminate/Pipeline/Pipeline.php(209): Illuminate\\Foundation\\Http\\Middleware\\VerifyCsrfToken->handle()
#17 /home/angklung/www.angklung-udjo.co.id/vendor/laravel/framework/src/Illuminate/View/Middleware/ShareErrorsFromSession.php(49): Illuminate\\Pipeline\\Pipeline->{closure:{closure:Illuminate\\Pipeline\\Pipeline::carry():184}:185}()
#18 /home/angklung/www.angklung-udjo.co.id/vendor/laravel/framework/src/Illuminate/Pipeline/Pipeline.php(209): Illuminate\\View\\Middleware\\ShareErrorsFromSession->handle()
#19 /home/angklung/www.angklung-udjo.co.id/vendor/laravel/framework/src/Illuminate/Session/Middleware/StartSession.php(121): Illuminate\\Pipeline\\Pipeline->{closure:{closure:Illuminate\\Pipeline\\Pipeline::carry():184}:185}()
#20 /home/angklung/www.angklung-udjo.co.id/vendor/laravel/framework/src/Illuminate/Session/Middleware/StartSession.php(64): Illuminate\\Session\\Middleware\\StartSession->handleStatefulRequest()
#21 /home/angklung/www.angklung-udjo.co.id/vendor/laravel/framework/src/Illuminate/Pipeline/Pipeline.php(209): Illuminate\\Session\\Middleware\\StartSession->handle()
#22 /home/angklung/www.angklung-udjo.co.id/vendor/laravel/framework/src/Illuminate/Cookie/Middleware/AddQueuedCookiesToResponse.php(37): Illuminate\\Pipeline\\Pipeline->{closure:{closure:Illuminate\\Pipeline\\Pipeline::carry():184}:185}()
#23 /home/angklung/www.angklung-udjo.co.id/vendor/laravel/framework/src/Illuminate/Pipeline/Pipeline.php(209): Illuminate\\Cookie\\Middleware\\AddQueuedCookiesToResponse->handle()
#24 /home/angklung/www.angklung-udjo.co.id/vendor/laravel/framework/src/Illuminate/Cookie/Middleware/EncryptCookies.php(75): Illuminate\\Pipeline\\Pipeline->{closure:{closure:Illuminate\\Pipeline\\Pipeline::carry():184}:185}()
#25 /home/angklung/www.angklung-udjo.co.id/vendor/laravel/framework/src/Illuminate/Pipeline/Pipeline.php(209): Illuminate\\Cookie\\Middleware\\EncryptCookies->handle()
#26 /home/angklung/www.angklung-udjo.co.id/vendor/laravel/framework/src/Illuminate/Pipeline/Pipeline.php(127): Illuminate\\Pipeline\\Pipeline->{closure:{closure:Illuminate\\Pipeline\\Pipeline::carry():184}:185}()
#27 /home/angklung/www.angklung-udjo.co.id/vendor/laravel/framework/src/Illuminate/Routing/Router.php(807): Illuminate\\Pipeline\\Pipeline->then()
#28 /home/angklung/www.angklung-udjo.co.id/vendor/laravel/framework/src/Illuminate/Routing/Router.php(786): Illuminate\\Routing\\Router->runRouteWithinStack()
#29 /home/angklung/www.angklung-udjo.co.id/vendor/laravel/framework/src/Illuminate/Routing/Router.php(750): Illuminate\\Routing\\Router->runRoute()
#30 /home/angklung/www.angklung-udjo.co.id/vendor/laravel/framework/src/Illuminate/Routing/Router.php(739): Illuminate\\Routing\\Router->dispatchToRoute()
#31 /home/angklung/www.angklung-udjo.co.id/vendor/laravel/framework/src/Illuminate/Foundation/Http/Kernel.php(201): Illuminate\\Routing\\Router->dispatch()
#32 /home/angklung/www.angklung-udjo.co.id/vendor/laravel/framework/src/Illuminate/Pipeline/Pipeline.php(170): Illuminate\\Foundation\\Http\\Kernel->{closure:Illuminate\\Foundation\\Http\\Kernel::dispatchToRouter():198}()
#33 /home/angklung/www.angklung-udjo.co.id/vendor/laravel/framework/src/Illuminate/Foundation/Http/Middleware/TransformsRequest.php(21): Illuminate\\Pipeline\\Pipeline->{closure:Illuminate\\Pipeline\\Pipeline::prepareDestination():168}()
#34 /home/angklung/www.angklung-udjo.co.id/vendor/laravel/framework/src/Illuminate/Foundation/Http/Middleware/ConvertEmptyStringsToNull.php(31): Illuminate\\Foundation\\Http\\Middleware\\TransformsRequest->handle()
#35 /home/angklung/www.angklung-udjo.co.id/vendor/laravel/framework/src/Illuminate/Pipeline/Pipeline.php(209): Illuminate\\Foundation\\Http\\Middleware\\ConvertEmptyStringsToNull->handle()
#36 /home/angklung/www.angklung-udjo.co.id/vendor/laravel/framework/src/Illuminate/Foundation/Http/Middleware/TransformsRequest.php(21): Illuminate\\Pipeline\\Pipeline->{closure:{closure:Illuminate\\Pipeline\\Pipeline::carry():184}:185}()
#37 /home/angklung/www.angklung-udjo.co.id/vendor/laravel/framework/src/Illuminate/Foundation/Http/Middleware/TrimStrings.php(51): Illuminate\\Foundation\\Http\\Middleware\\TransformsRequest->handle()
#38 /home/angklung/www.angklung-udjo.co.id/vendor/laravel/framework/src/Illuminate/Pipeline/Pipeline.php(209): Illuminate\\Foundation\\Http\\Middleware\\TrimStrings->handle()
#39 /home/angklung/www.angklung-udjo.co.id/vendor/laravel/framework/src/Illuminate/Http/Middleware/ValidatePostSize.php(27): Illuminate\\Pipeline\\Pipeline->{closure:{closure:Illuminate\\Pipeline\\Pipeline::carry():184}:185}()
#40 /home/angklung/www.angklung-udjo.co.id/vendor/laravel/framework/src/Illuminate/Pipeline/Pipeline.php(209): Illuminate\\Http\\Middleware\\ValidatePostSize->handle()
#41 /home/angklung/www.angklung-udjo.co.id/vendor/laravel/framework/src/Illuminate/Foundation/Http/Middleware/PreventRequestsDuringMaintenance.php(110): Illuminate\\Pipeline\\Pipeline->{closure:{closure:Illuminate\\Pipeline\\Pipeline::carry():184}:185}()
#42 /home/angklung/www.angklung-udjo.co.id/vendor/laravel/framework/src/Illuminate/Pipeline/Pipeline.php(209): Illuminate\\Foundation\\Http\\Middleware\\PreventRequestsDuringMaintenance->handle()
#43 /home/angklung/www.angklung-udjo.co.id/vendor/laravel/framework/src/Illuminate/Http/Middleware/HandleCors.php(49): Illuminate\\Pipeline\\Pipeline->{closure:{closure:Illuminate\\Pipeline\\Pipeline::carry():184}:185}()
#44 /home/angklung/www.angklung-udjo.co.id/vendor/laravel/framework/src/Illuminate/Pipeline/Pipeline.php(209): Illuminate\\Http\\Middleware\\HandleCors->handle()
#45 /home/angklung/www.angklung-udjo.co.id/vendor/laravel/framework/src/Illuminate/Http/Middleware/TrustProxies.php(58): Illuminate\\Pipeline\\Pipeline->{closure:{closure:Illuminate\\Pipeline\\Pipeline::carry():184}:185}()
#46 /home/angklung/www.angklung-udjo.co.id/vendor/laravel/framework/src/Illuminate/Pipeline/Pipeline.php(209): Illuminate\\Http\\Middleware\\TrustProxies->handle()
#47 /home/angklung/www.angklung-udjo.co.id/vendor/laravel/framework/src/Illuminate/Foundation/Http/Middleware/InvokeDeferredCallbacks.php(22): Illuminate\\Pipeline\\Pipeline->{closure:{closure:Illuminate\\Pipeline\\Pipeline::carry():184}:185}()
#48 /home/angklung/www.angklung-udjo.co.id/vendor/laravel/framework/src/Illuminate/Pipeline/Pipeline.php(209): Illuminate\\Foundation\\Http\\Middleware\\InvokeDeferredCallbacks->handle()
#49 /home/angklung/www.angklung-udjo.co.id/vendor/laravel/framework/src/Illuminate/Pipeline/Pipeline.php(127): Illuminate\\Pipeline\\Pipeline->{closure:{closure:Illuminate\\Pipeline\\Pipeline::carry():184}:185}()
#50 /home/angklung/www.angklung-udjo.co.id/vendor/laravel/framework/src/Illuminate/Foundation/Http/Kernel.php(176): Illuminate\\Pipeline\\Pipeline->then()
#51 /home/angklung/www.angklung-udjo.co.id/vendor/laravel/framework/src/Illuminate/Foundation/Http/Kernel.php(145): Illuminate\\Foundation\\Http\\Kernel->sendRequestThroughRouter()
#52 /home/angklung/www.angklung-udjo.co.id/vendor/laravel/framework/src/Illuminate/Foundation/Application.php(1220): Illuminate\\Foundation\\Http\\Kernel->handle()
#53 /home/angklung/www.angklung-udjo.co.id/public/index.php(20): Illuminate\\Foundation\\Application->handleRequest()
#54 {main}
"} 
[2026-06-04 22:58:26] production.ERROR: View [privacy-policy] not found. {"exception":"[object] (InvalidArgumentException(code: 0): View [privacy-policy] not found. at /home/angklung/www.angklung-udjo.co.id/vendor/laravel/framework/src/Illuminate/View/FileViewFinder.php:139)
[stacktrace]
#0 /home/angklung/www.angklung-udjo.co.id/vendor/laravel/framework/src/Illuminate/View/FileViewFinder.php(79): Illuminate\\View\\FileViewFinder->findInPaths()
#1 /home/angklung/www.angklung-udjo.co.id/vendor/laravel/framework/src/Illuminate/View/Factory.php(151): Illuminate\\View\\FileViewFinder->find()
#2 /home/angklung/www.angklung-udjo.co.id/vendor/laravel/framework/src/Illuminate/Foundation/helpers.php(1062): Illuminate\\View\\Factory->make()
#3 /home/angklung/www.angklung-udjo.co.id/routes/web.php(122): view()
#4 /home/angklung/www.angklung-udjo.co.id/vendor/laravel/framework/src/Illuminate/Routing/CallableDispatcher.php(40): Illuminate\\Routing\\RouteFileRegistrar->{closure:/home/angklung/www.angklung-udjo.co.id/routes/web.php:122}()
#5 /home/angklung/www.angklung-udjo.co.id/vendor/laravel/framework/src/Illuminate/Routing/Route.php(244): Illuminate\\Routing\\CallableDispatcher->dispatch()
#6 /home/angklung/www.angklung-udjo.co.id/vendor/laravel/framework/src/Illuminate/Routing/Route.php(215): Illuminate\\Routing\\Route->runCallable()
#7 /home/angklung/www.angklung-udjo.co.id/vendor/laravel/framework/src/Illuminate/Routing/Router.php(808): Illuminate\\Routing\\Route->run()
#8 /home/angklung/www.angklung-udjo.co.id/vendor/laravel/framework/src/Illuminate/Pipeline/Pipeline.php(170): Illuminate\\Routing\\Router->{closure:Illuminate\\Routing\\Router::runRouteWithinStack():807}()
#9 /home/angklung/www.angklung-udjo.co.id/app/Http/Middleware/SecurityHeaders.php(11): Illuminate\\Pipeline\\Pipeline->{closure:Illuminate\\Pipeline\\Pipeline::prepareDestination():168}()
#10 /home/angklung/www.angklung-udjo.co.id/vendor/laravel/framework/src/Illuminate/Pipeline/Pipeline.php(209): App\\Http\\Middleware\\SecurityHeaders->handle()
#11 /home/angklung/www.angklung-udjo.co.id/app/Http/Middleware/SetLocale.php(26): Illuminate\\Pipeline\\Pipeline->{closure:{closure:Illuminate\\Pipeline\\Pipeline::carry():184}:185}()
#12 /home/angklung/www.angklung-udjo.co.id/vendor/laravel/framework/src/Illuminate/Pipeline/Pipeline.php(209): App\\Http\\Middleware\\SetLocale->handle()
#13 /home/angklung/www.angklung-udjo.co.id/vendor/laravel/framework/src/Illuminate/Routing/Middleware/SubstituteBindings.php(51): Illuminate\\Pipeline\\Pipeline->{closure:{closure:Illuminate\\Pipeline\\Pipeline::carry():184}:185}()
#14 /home/angklung/www.angklung-udjo.co.id/vendor/laravel/framework/src/Illuminate/Pipeline/Pipeline.php(209): Illuminate\\Routing\\Middleware\\SubstituteBindings->handle()
#15 /home/angklung/www.angklung-udjo.co.id/vendor/laravel/framework/src/Illuminate/Foundation/Http/Middleware/VerifyCsrfToken.php(88): Illuminate\\Pipeline\\Pipeline->{closure:{closure:Illuminate\\Pipeline\\Pipeline::carry():184}:185}()
#16 /home/angklung/www.angklung-udjo.co.id/vendor/laravel/framework/src/Illuminate/Pipeline/Pipeline.php(209): Illuminate\\Foundation\\Http\\Middleware\\VerifyCsrfToken->handle()
#17 /home/angklung/www.angklung-udjo.co.id/vendor/laravel/framework/src/Illuminate/View/Middleware/ShareErrorsFromSession.php(49): Illuminate\\Pipeline\\Pipeline->{closure:{closure:Illuminate\\Pipeline\\Pipeline::carry():184}:185}()
#18 /home/angklung/www.angklung-udjo.co.id/vendor/laravel/framework/src/Illuminate/Pipeline/Pipeline.php(209): Illuminate\\View\\Middleware\\ShareErrorsFromSession->handle()
#19 /home/angklung/www.angklung-udjo.co.id/vendor/laravel/framework/src/Illuminate/Session/Middleware/StartSession.php(121): Illuminate\\Pipeline\\Pipeline->{closure:{closure:Illuminate\\Pipeline\\Pipeline::carry():184}:185}()
#20 /home/angklung/www.angklung-udjo.co.id/vendor/laravel/framework/src/Illuminate/Session/Middleware/StartSession.php(64): Illuminate\\Session\\Middleware\\StartSession->handleStatefulRequest()
#21 /home/angklung/www.angklung-udjo.co.id/vendor/laravel/framework/src/Illuminate/Pipeline/Pipeline.php(209): Illuminate\\Session\\Middleware\\StartSession->handle()
#22 /home/angklung/www.angklung-udjo.co.id/vendor/laravel/framework/src/Illuminate/Cookie/Middleware/AddQueuedCookiesToResponse.php(37): Illuminate\\Pipeline\\Pipeline->{closure:{closure:Illuminate\\Pipeline\\Pipeline::carry():184}:185}()
#23 /home/angklung/www.angklung-udjo.co.id/vendor/laravel/framework/src/Illuminate/Pipeline/Pipeline.php(209): Illuminate\\Cookie\\Middleware\\AddQueuedCookiesToResponse->handle()
#24 /home/angklung/www.angklung-udjo.co.id/vendor/laravel/framework/src/Illuminate/Cookie/Middleware/EncryptCookies.php(75): Illuminate\\Pipeline\\Pipeline->{closure:{closure:Illuminate\\Pipeline\\Pipeline::carry():184}:185}()
#25 /home/angklung/www.angklung-udjo.co.id/vendor/laravel/framework/src/Illuminate/Pipeline/Pipeline.php(209): Illuminate\\Cookie\\Middleware\\EncryptCookies->handle()
#26 /home/angklung/www.angklung-udjo.co.id/vendor/laravel/framework/src/Illuminate/Pipeline/Pipeline.php(127): Illuminate\\Pipeline\\Pipeline->{closure:{closure:Illuminate\\Pipeline\\Pipeline::carry():184}:185}()
#27 /home/angklung/www.angklung-udjo.co.id/vendor/laravel/framework/src/Illuminate/Routing/Router.php(807): Illuminate\\Pipeline\\Pipeline->then()
#28 /home/angklung/www.angklung-udjo.co.id/vendor/laravel/framework/src/Illuminate/Routing/Router.php(786): Illuminate\\Routing\\Router->runRouteWithinStack()
#29 /home/angklung/www.angklung-udjo.co.id/vendor/laravel/framework/src/Illuminate/Routing/Router.php(750): Illuminate\\Routing\\Router->runRoute()
#30 /home/angklung/www.angklung-udjo.co.id/vendor/laravel/framework/src/Illuminate/Routing/Router.php(739): Illuminate\\Routing\\Router->dispatchToRoute()
#31 /home/angklung/www.angklung-udjo.co.id/vendor/laravel/framework/src/Illuminate/Foundation/Http/Kernel.php(201): Illuminate\\Routing\\Router->dispatch()
#32 /home/angklung/www.angklung-udjo.co.id/vendor/laravel/framework/src/Illuminate/Pipeline/Pipeline.php(170): Illuminate\\Foundation\\Http\\Kernel->{closure:Illuminate\\Foundation\\Http\\Kernel::dispatchToRouter():198}()
#33 /home/angklung/www.angklung-udjo.co.id/vendor/laravel/framework/src/Illuminate/Foundation/Http/Middleware/TransformsRequest.php(21): Illuminate\\Pipeline\\Pipeline->{closure:Illuminate\\Pipeline\\Pipeline::prepareDestination():168}()
#34 /home/angklung/www.angklung-udjo.co.id/vendor/laravel/framework/src/Illuminate/Foundation/Http/Middleware/ConvertEmptyStringsToNull.php(31): Illuminate\\Foundation\\Http\\Middleware\\TransformsRequest->handle()
#35 /home/angklung/www.angklung-udjo.co.id/vendor/laravel/framework/src/Illuminate/Pipeline/Pipeline.php(209): Illuminate\\Foundation\\Http\\Middleware\\ConvertEmptyStringsToNull->handle()
#36 /home/angklung/www.angklung-udjo.co.id/vendor/laravel/framework/src/Illuminate/Foundation/Http/Middleware/TransformsRequest.php(21): Illuminate\\Pipeline\\Pipeline->{closure:{closure:Illuminate\\Pipeline\\Pipeline::carry():184}:185}()
#37 /home/angklung/www.angklung-udjo.co.id/vendor/laravel/framework/src/Illuminate/Foundation/Http/Middleware/TrimStrings.php(51): Illuminate\\Foundation\\Http\\Middleware\\TransformsRequest->handle()
#38 /home/angklung/www.angklung-udjo.co.id/vendor/laravel/framework/src/Illuminate/Pipeline/Pipeline.php(209): Illuminate\\Foundation\\Http\\Middleware\\TrimStrings->handle()
#39 /home/angklung/www.angklung-udjo.co.id/vendor/laravel/framework/src/Illuminate/Http/Middleware/ValidatePostSize.php(27): Illuminate\\Pipeline\\Pipeline->{closure:{closure:Illuminate\\Pipeline\\Pipeline::carry():184}:185}()
#40 /home/angklung/www.angklung-udjo.co.id/vendor/laravel/framework/src/Illuminate/Pipeline/Pipeline.php(209): Illuminate\\Http\\Middleware\\ValidatePostSize->handle()
#41 /home/angklung/www.angklung-udjo.co.id/vendor/laravel/framework/src/Illuminate/Foundation/Http/Middleware/PreventRequestsDuringMaintenance.php(110): Illuminate\\Pipeline\\Pipeline->{closure:{closure:Illuminate\\Pipeline\\Pipeline::carry():184}:185}()
#42 /home/angklung/www.angklung-udjo.co.id/vendor/laravel/framework/src/Illuminate/Pipeline/Pipeline.php(209): Illuminate\\Foundation\\Http\\Middleware\\PreventRequestsDuringMaintenance->handle()
#43 /home/angklung/www.angklung-udjo.co.id/vendor/laravel/framework/src/Illuminate/Http/Middleware/HandleCors.php(49): Illuminate\\Pipeline\\Pipeline->{closure:{closure:Illuminate\\Pipeline\\Pipeline::carry():184}:185}()
#44 /home/angklung/www.angklung-udjo.co.id/vendor/laravel/framework/src/Illuminate/Pipeline/Pipeline.php(209): Illuminate\\Http\\Middleware\\HandleCors->handle()
#45 /home/angklung/www.angklung-udjo.co.id/vendor/laravel/framework/src/Illuminate/Http/Middleware/TrustProxies.php(58): Illuminate\\Pipeline\\Pipeline->{closure:{closure:Illuminate\\Pipeline\\Pipeline::carry():184}:185}()
#46 /home/angklung/www.angklung-udjo.co.id/vendor/laravel/framework/src/Illuminate/Pipeline/Pipeline.php(209): Illuminate\\Http\\Middleware\\TrustProxies->handle()
#47 /home/angklung/www.angklung-udjo.co.id/vendor/laravel/framework/src/Illuminate/Foundation/Http/Middleware/InvokeDeferredCallbacks.php(22): Illuminate\\Pipeline\\Pipeline->{closure:{closure:Illuminate\\Pipeline\\Pipeline::carry():184}:185}()
#48 /home/angklung/www.angklung-udjo.co.id/vendor/laravel/framework/src/Illuminate/Pipeline/Pipeline.php(209): Illuminate\\Foundation\\Http\\Middleware\\InvokeDeferredCallbacks->handle()
#49 /home/angklung/www.angklung-udjo.co.id/vendor/laravel/framework/src/Illuminate/Pipeline/Pipeline.php(127): Illuminate\\Pipeline\\Pipeline->{closure:{closure:Illuminate\\Pipeline\\Pipeline::carry():184}:185}()
#50 /home/angklung/www.angklung-udjo.co.id/vendor/laravel/framework/src/Illuminate/Foundation/Http/Kernel.php(176): Illuminate\\Pipeline\\Pipeline->then()
#51 /home/angklung/www.angklung-udjo.co.id/vendor/laravel/framework/src/Illuminate/Foundation/Http/Kernel.php(145): Illuminate\\Foundation\\Http\\Kernel->sendRequestThroughRouter()
#52 /home/angklung/www.angklung-udjo.co.id/vendor/laravel/framework/src/Illuminate/Foundation/Application.php(1220): Illuminate\\Foundation\\Http\\Kernel->handle()
#53 /home/angklung/www.angklung-udjo.co.id/public/index.php(20): Illuminate\\Foundation\\Application->handleRequest()
#54 {main}
"} 
[2026-06-04 22:58:30] production.ERROR: View [privacy-policy] not found. {"exception":"[object] (InvalidArgumentException(code: 0): View [privacy-policy] not found. at /home/angklung/www.angklung-udjo.co.id/vendor/laravel/framework/src/Illuminate/View/FileViewFinder.php:139)
[stacktrace]
#0 /home/angklung/www.angklung-udjo.co.id/vendor/laravel/framework/src/Illuminate/View/FileViewFinder.php(79): Illuminate\\View\\FileViewFinder->findInPaths()
#1 /home/angklung/www.angklung-udjo.co.id/vendor/laravel/framework/src/Illuminate/View/Factory.php(151): Illuminate\\View\\FileViewFinder->find()
#2 /home/angklung/www.angklung-udjo.co.id/vendor/laravel/framework/src/Illuminate/Foundation/helpers.php(1062): Illuminate\\View\\Factory->make()
#3 /home/angklung/www.angklung-udjo.co.id/routes/web.php(122): view()
#4 /home/angklung/www.angklung-udjo.co.id/vendor/laravel/framework/src/Illuminate/Routing/CallableDispatcher.php(40): Illuminate\\Routing\\RouteFileRegistrar->{closure:/home/angklung/www.angklung-udjo.co.id/routes/web.php:122}()
#5 /home/angklung/www.angklung-udjo.co.id/vendor/laravel/framework/src/Illuminate/Routing/Route.php(244): Illuminate\\Routing\\CallableDispatcher->dispatch()
#6 /home/angklung/www.angklung-udjo.co.id/vendor/laravel/framework/src/Illuminate/Routing/Route.php(215): Illuminate\\Routing\\Route->runCallable()
#7 /home/angklung/www.angklung-udjo.co.id/vendor/laravel/framework/src/Illuminate/Routing/Router.php(808): Illuminate\\Routing\\Route->run()
#8 /home/angklung/www.angklung-udjo.co.id/vendor/laravel/framework/src/Illuminate/Pipeline/Pipeline.php(170): Illuminate\\Routing\\Router->{closure:Illuminate\\Routing\\Router::runRouteWithinStack():807}()
#9 /home/angklung/www.angklung-udjo.co.id/app/Http/Middleware/SecurityHeaders.php(11): Illuminate\\Pipeline\\Pipeline->{closure:Illuminate\\Pipeline\\Pipeline::prepareDestination():168}()
#10 /home/angklung/www.angklung-udjo.co.id/vendor/laravel/framework/src/Illuminate/Pipeline/Pipeline.php(209): App\\Http\\Middleware\\SecurityHeaders->handle()
#11 /home/angklung/www.angklung-udjo.co.id/app/Http/Middleware/SetLocale.php(26): Illuminate\\Pipeline\\Pipeline->{closure:{closure:Illuminate\\Pipeline\\Pipeline::carry():184}:185}()
#12 /home/angklung/www.angklung-udjo.co.id/vendor/laravel/framework/src/Illuminate/Pipeline/Pipeline.php(209): App\\Http\\Middleware\\SetLocale->handle()
#13 /home/angklung/www.angklung-udjo.co.id/vendor/laravel/framework/src/Illuminate/Routing/Middleware/SubstituteBindings.php(51): Illuminate\\Pipeline\\Pipeline->{closure:{closure:Illuminate\\Pipeline\\Pipeline::carry():184}:185}()
#14 /home/angklung/www.angklung-udjo.co.id/vendor/laravel/framework/src/Illuminate/Pipeline/Pipeline.php(209): Illuminate\\Routing\\Middleware\\SubstituteBindings->handle()
#15 /home/angklung/www.angklung-udjo.co.id/vendor/laravel/framework/src/Illuminate/Foundation/Http/Middleware/VerifyCsrfToken.php(88): Illuminate\\Pipeline\\Pipeline->{closure:{closure:Illuminate\\Pipeline\\Pipeline::carry():184}:185}()
#16 /home/angklung/www.angklung-udjo.co.id/vendor/laravel/framework/src/Illuminate/Pipeline/Pipeline.php(209): Illuminate\\Foundation\\Http\\Middleware\\VerifyCsrfToken->handle()
#17 /home/angklung/www.angklung-udjo.co.id/vendor/laravel/framework/src/Illuminate/View/Middleware/ShareErrorsFromSession.php(49): Illuminate\\Pipeline\\Pipeline->{closure:{closure:Illuminate\\Pipeline\\Pipeline::carry():184}:185}()
#18 /home/angklung/www.angklung-udjo.co.id/vendor/laravel/framework/src/Illuminate/Pipeline/Pipeline.php(209): Illuminate\\View\\Middleware\\ShareErrorsFromSession->handle()
#19 /home/angklung/www.angklung-udjo.co.id/vendor/laravel/framework/src/Illuminate/Session/Middleware/StartSession.php(121): Illuminate\\Pipeline\\Pipeline->{closure:{closure:Illuminate\\Pipeline\\Pipeline::carry():184}:185}()
#20 /home/angklung/www.angklung-udjo.co.id/vendor/laravel/framework/src/Illuminate/Session/Middleware/StartSession.php(64): Illuminate\\Session\\Middleware\\StartSession->handleStatefulRequest()
#21 /home/angklung/www.angklung-udjo.co.id/vendor/laravel/framework/src/Illuminate/Pipeline/Pipeline.php(209): Illuminate\\Session\\Middleware\\StartSession->handle()
#22 /home/angklung/www.angklung-udjo.co.id/vendor/laravel/framework/src/Illuminate/Cookie/Middleware/AddQueuedCookiesToResponse.php(37): Illuminate\\Pipeline\\Pipeline->{closure:{closure:Illuminate\\Pipeline\\Pipeline::carry():184}:185}()
#23 /home/angklung/www.angklung-udjo.co.id/vendor/laravel/framework/src/Illuminate/Pipeline/Pipeline.php(209): Illuminate\\Cookie\\Middleware\\AddQueuedCookiesToResponse->handle()
#24 /home/angklung/www.angklung-udjo.co.id/vendor/laravel/framework/src/Illuminate/Cookie/Middleware/EncryptCookies.php(75): Illuminate\\Pipeline\\Pipeline->{closure:{closure:Illuminate\\Pipeline\\Pipeline::carry():184}:185}()
#25 /home/angklung/www.angklung-udjo.co.id/vendor/laravel/framework/src/Illuminate/Pipeline/Pipeline.php(209): Illuminate\\Cookie\\Middleware\\EncryptCookies->handle()
#26 /home/angklung/www.angklung-udjo.co.id/vendor/laravel/framework/src/Illuminate/Pipeline/Pipeline.php(127): Illuminate\\Pipeline\\Pipeline->{closure:{closure:Illuminate\\Pipeline\\Pipeline::carry():184}:185}()
#27 /home/angklung/www.angklung-udjo.co.id/vendor/laravel/framework/src/Illuminate/Routing/Router.php(807): Illuminate\\Pipeline\\Pipeline->then()
#28 /home/angklung/www.angklung-udjo.co.id/vendor/laravel/framework/src/Illuminate/Routing/Router.php(786): Illuminate\\Routing\\Router->runRouteWithinStack()
#29 /home/angklung/www.angklung-udjo.co.id/vendor/laravel/framework/src/Illuminate/Routing/Router.php(750): Illuminate\\Routing\\Router->runRoute()
#30 /home/angklung/www.angklung-udjo.co.id/vendor/laravel/framework/src/Illuminate/Routing/Router.php(739): Illuminate\\Routing\\Router->dispatchToRoute()
#31 /home/angklung/www.angklung-udjo.co.id/vendor/laravel/framework/src/Illuminate/Foundation/Http/Kernel.php(201): Illuminate\\Routing\\Router->dispatch()
#32 /home/angklung/www.angklung-udjo.co.id/vendor/laravel/framework/src/Illuminate/Pipeline/Pipeline.php(170): Illuminate\\Foundation\\Http\\Kernel->{closure:Illuminate\\Foundation\\Http\\Kernel::dispatchToRouter():198}()
#33 /home/angklung/www.angklung-udjo.co.id/vendor/laravel/framework/src/Illuminate/Foundation/Http/Middleware/TransformsRequest.php(21): Illuminate\\Pipeline\\Pipeline->{closure:Illuminate\\Pipeline\\Pipeline::prepareDestination():168}()
#34 /home/angklung/www.angklung-udjo.co.id/vendor/laravel/framework/src/Illuminate/Foundation/Http/Middleware/ConvertEmptyStringsToNull.php(31): Illuminate\\Foundation\\Http\\Middleware\\TransformsRequest->handle()
#35 /home/angklung/www.angklung-udjo.co.id/vendor/laravel/framework/src/Illuminate/Pipeline/Pipeline.php(209): Illuminate\\Foundation\\Http\\Middleware\\ConvertEmptyStringsToNull->handle()
#36 /home/angklung/www.angklung-udjo.co.id/vendor/laravel/framework/src/Illuminate/Foundation/Http/Middleware/TransformsRequest.php(21): Illuminate\\Pipeline\\Pipeline->{closure:{closure:Illuminate\\Pipeline\\Pipeline::carry():184}:185}()
#37 /home/angklung/www.angklung-udjo.co.id/vendor/laravel/framework/src/Illuminate/Foundation/Http/Middleware/TrimStrings.php(51): Illuminate\\Foundation\\Http\\Middleware\\TransformsRequest->handle()
#38 /home/angklung/www.angklung-udjo.co.id/vendor/laravel/framework/src/Illuminate/Pipeline/Pipeline.php(209): Illuminate\\Foundation\\Http\\Middleware\\TrimStrings->handle()
#39 /home/angklung/www.angklung-udjo.co.id/vendor/laravel/framework/src/Illuminate/Http/Middleware/ValidatePostSize.php(27): Illuminate\\Pipeline\\Pipeline->{closure:{closure:Illuminate\\Pipeline\\Pipeline::carry():184}:185}()
#40 /home/angklung/www.angklung-udjo.co.id/vendor/laravel/framework/src/Illuminate/Pipeline/Pipeline.php(209): Illuminate\\Http\\Middleware\\ValidatePostSize->handle()
#41 /home/angklung/www.angklung-udjo.co.id/vendor/laravel/framework/src/Illuminate/Foundation/Http/Middleware/PreventRequestsDuringMaintenance.php(110): Illuminate\\Pipeline\\Pipeline->{closure:{closure:Illuminate\\Pipeline\\Pipeline::carry():184}:185}()
#42 /home/angklung/www.angklung-udjo.co.id/vendor/laravel/framework/src/Illuminate/Pipeline/Pipeline.php(209): Illuminate\\Foundation\\Http\\Middleware\\PreventRequestsDuringMaintenance->handle()
#43 /home/angklung/www.angklung-udjo.co.id/vendor/laravel/framework/src/Illuminate/Http/Middleware/HandleCors.php(49): Illuminate\\Pipeline\\Pipeline->{closure:{closure:Illuminate\\Pipeline\\Pipeline::carry():184}:185}()
#44 /home/angklung/www.angklung-udjo.co.id/vendor/laravel/framework/src/Illuminate/Pipeline/Pipeline.php(209): Illuminate\\Http\\Middleware\\HandleCors->handle()
#45 /home/angklung/www.angklung-udjo.co.id/vendor/laravel/framework/src/Illuminate/Http/Middleware/TrustProxies.php(58): Illuminate\\Pipeline\\Pipeline->{closure:{closure:Illuminate\\Pipeline\\Pipeline::carry():184}:185}()
#46 /home/angklung/www.angklung-udjo.co.id/vendor/laravel/framework/src/Illuminate/Pipeline/Pipeline.php(209): Illuminate\\Http\\Middleware\\TrustProxies->handle()
#47 /home/angklung/www.angklung-udjo.co.id/vendor/laravel/framework/src/Illuminate/Foundation/Http/Middleware/InvokeDeferredCallbacks.php(22): Illuminate\\Pipeline\\Pipeline->{closure:{closure:Illuminate\\Pipeline\\Pipeline::carry():184}:185}()
#48 /home/angklung/www.angklung-udjo.co.id/vendor/laravel/framework/src/Illuminate/Pipeline/Pipeline.php(209): Illuminate\\Foundation\\Http\\Middleware\\InvokeDeferredCallbacks->handle()
#49 /home/angklung/www.angklung-udjo.co.id/vendor/laravel/framework/src/Illuminate/Pipeline/Pipeline.php(127): Illuminate\\Pipeline\\Pipeline->{closure:{closure:Illuminate\\Pipeline\\Pipeline::carry():184}:185}()
#50 /home/angklung/www.angklung-udjo.co.id/vendor/laravel/framework/src/Illuminate/Foundation/Http/Kernel.php(176): Illuminate\\Pipeline\\Pipeline->then()
#51 /home/angklung/www.angklung-udjo.co.id/vendor/laravel/framework/src/Illuminate/Foundation/Http/Kernel.php(145): Illuminate\\Foundation\\Http\\Kernel->sendRequestThroughRouter()
#52 /home/angklung/www.angklung-udjo.co.id/vendor/laravel/framework/src/Illuminate/Foundation/Application.php(1220): Illuminate\\Foundation\\Http\\Kernel->handle()
#53 /home/angklung/www.angklung-udjo.co.id/public/index.php(20): Illuminate\\Foundation\\Application->handleRequest()
#54 {main}
"} 
[2026-06-04 23:36:15] production.ERROR: View [privacy-policy] not found. {"exception":"[object] (InvalidArgumentException(code: 0): View [privacy-policy] not found. at /home/angklung/www.angklung-udjo.co.id/vendor/laravel/framework/src/Illuminate/View/FileViewFinder.php:139)
[stacktrace]
#0 /home/angklung/www.angklung-udjo.co.id/vendor/laravel/framework/src/Illuminate/View/FileViewFinder.php(79): Illuminate\\View\\FileViewFinder->findInPaths()
#1 /home/angklung/www.angklung-udjo.co.id/vendor/laravel/framework/src/Illuminate/View/Factory.php(151): Illuminate\\View\\FileViewFinder->find()
#2 /home/angklung/www.angklung-udjo.co.id/vendor/laravel/framework/src/Illuminate/Foundation/helpers.php(1062): Illuminate\\View\\Factory->make()
#3 /home/angklung/www.angklung-udjo.co.id/routes/web.php(122): view()
#4 /home/angklung/www.angklung-udjo.co.id/vendor/laravel/framework/src/Illuminate/Routing/CallableDispatcher.php(40): Illuminate\\Routing\\RouteFileRegistrar->{closure:/home/angklung/www.angklung-udjo.co.id/routes/web.php:122}()
#5 /home/angklung/www.angklung-udjo.co.id/vendor/laravel/framework/src/Illuminate/Routing/Route.php(244): Illuminate\\Routing\\CallableDispatcher->dispatch()
#6 /home/angklung/www.angklung-udjo.co.id/vendor/laravel/framework/src/Illuminate/Routing/Route.php(215): Illuminate\\Routing\\Route->runCallable()
#7 /home/angklung/www.angklung-udjo.co.id/vendor/laravel/framework/src/Illuminate/Routing/Router.php(808): Illuminate\\Routing\\Route->run()
#8 /home/angklung/www.angklung-udjo.co.id/vendor/laravel/framework/src/Illuminate/Pipeline/Pipeline.php(170): Illuminate\\Routing\\Router->{closure:Illuminate\\Routing\\Router::runRouteWithinStack():807}()
#9 /home/angklung/www.angklung-udjo.co.id/app/Http/Middleware/SecurityHeaders.php(11): Illuminate\\Pipeline\\Pipeline->{closure:Illuminate\\Pipeline\\Pipeline::prepareDestination():168}()
#10 /home/angklung/www.angklung-udjo.co.id/vendor/laravel/framework/src/Illuminate/Pipeline/Pipeline.php(209): App\\Http\\Middleware\\SecurityHeaders->handle()
#11 /home/angklung/www.angklung-udjo.co.id/app/Http/Middleware/SetLocale.php(26): Illuminate\\Pipeline\\Pipeline->{closure:{closure:Illuminate\\Pipeline\\Pipeline::carry():184}:185}()
#12 /home/angklung/www.angklung-udjo.co.id/vendor/laravel/framework/src/Illuminate/Pipeline/Pipeline.php(209): App\\Http\\Middleware\\SetLocale->handle()
#13 /home/angklung/www.angklung-udjo.co.id/vendor/laravel/framework/src/Illuminate/Routing/Middleware/SubstituteBindings.php(51): Illuminate\\Pipeline\\Pipeline->{closure:{closure:Illuminate\\Pipeline\\Pipeline::carry():184}:185}()
#14 /home/angklung/www.angklung-udjo.co.id/vendor/laravel/framework/src/Illuminate/Pipeline/Pipeline.php(209): Illuminate\\Routing\\Middleware\\SubstituteBindings->handle()
#15 /home/angklung/www.angklung-udjo.co.id/vendor/laravel/framework/src/Illuminate/Foundation/Http/Middleware/VerifyCsrfToken.php(88): Illuminate\\Pipeline\\Pipeline->{closure:{closure:Illuminate\\Pipeline\\Pipeline::carry():184}:185}()
#16 /home/angklung/www.angklung-udjo.co.id/vendor/laravel/framework/src/Illuminate/Pipeline/Pipeline.php(209): Illuminate\\Foundation\\Http\\Middleware\\VerifyCsrfToken->handle()
#17 /home/angklung/www.angklung-udjo.co.id/vendor/laravel/framework/src/Illuminate/View/Middleware/ShareErrorsFromSession.php(49): Illuminate\\Pipeline\\Pipeline->{closure:{closure:Illuminate\\Pipeline\\Pipeline::carry():184}:185}()
#18 /home/angklung/www.angklung-udjo.co.id/vendor/laravel/framework/src/Illuminate/Pipeline/Pipeline.php(209): Illuminate\\View\\Middleware\\ShareErrorsFromSession->handle()
#19 /home/angklung/www.angklung-udjo.co.id/vendor/laravel/framework/src/Illuminate/Session/Middleware/StartSession.php(121): Illuminate\\Pipeline\\Pipeline->{closure:{closure:Illuminate\\Pipeline\\Pipeline::carry():184}:185}()
#20 /home/angklung/www.angklung-udjo.co.id/vendor/laravel/framework/src/Illuminate/Session/Middleware/StartSession.php(64): Illuminate\\Session\\Middleware\\StartSession->handleStatefulRequest()
#21 /home/angklung/www.angklung-udjo.co.id/vendor/laravel/framework/src/Illuminate/Pipeline/Pipeline.php(209): Illuminate\\Session\\Middleware\\StartSession->handle()
#22 /home/angklung/www.angklung-udjo.co.id/vendor/laravel/framework/src/Illuminate/Cookie/Middleware/AddQueuedCookiesToResponse.php(37): Illuminate\\Pipeline\\Pipeline->{closure:{closure:Illuminate\\Pipeline\\Pipeline::carry():184}:185}()
#23 /home/angklung/www.angklung-udjo.co.id/vendor/laravel/framework/src/Illuminate/Pipeline/Pipeline.php(209): Illuminate\\Cookie\\Middleware\\AddQueuedCookiesToResponse->handle()
#24 /home/angklung/www.angklung-udjo.co.id/vendor/laravel/framework/src/Illuminate/Cookie/Middleware/EncryptCookies.php(75): Illuminate\\Pipeline\\Pipeline->{closure:{closure:Illuminate\\Pipeline\\Pipeline::carry():184}:185}()
#25 /home/angklung/www.angklung-udjo.co.id/vendor/laravel/framework/src/Illuminate/Pipeline/Pipeline.php(209): Illuminate\\Cookie\\Middleware\\EncryptCookies->handle()
#26 /home/angklung/www.angklung-udjo.co.id/vendor/laravel/framework/src/Illuminate/Pipeline/Pipeline.php(127): Illuminate\\Pipeline\\Pipeline->{closure:{closure:Illuminate\\Pipeline\\Pipeline::carry():184}:185}()
#27 /home/angklung/www.angklung-udjo.co.id/vendor/laravel/framework/src/Illuminate/Routing/Router.php(807): Illuminate\\Pipeline\\Pipeline->then()
#28 /home/angklung/www.angklung-udjo.co.id/vendor/laravel/framework/src/Illuminate/Routing/Router.php(786): Illuminate\\Routing\\Router->runRouteWithinStack()
#29 /home/angklung/www.angklung-udjo.co.id/vendor/laravel/framework/src/Illuminate/Routing/Router.php(750): Illuminate\\Routing\\Router->runRoute()
#30 /home/angklung/www.angklung-udjo.co.id/vendor/laravel/framework/src/Illuminate/Routing/Router.php(739): Illuminate\\Routing\\Router->dispatchToRoute()
#31 /home/angklung/www.angklung-udjo.co.id/vendor/laravel/framework/src/Illuminate/Foundation/Http/Kernel.php(201): Illuminate\\Routing\\Router->dispatch()
#32 /home/angklung/www.angklung-udjo.co.id/vendor/laravel/framework/src/Illuminate/Pipeline/Pipeline.php(170): Illuminate\\Foundation\\Http\\Kernel->{closure:Illuminate\\Foundation\\Http\\Kernel::dispatchToRouter():198}()
#33 /home/angklung/www.angklung-udjo.co.id/vendor/laravel/framework/src/Illuminate/Foundation/Http/Middleware/TransformsRequest.php(21): Illuminate\\Pipeline\\Pipeline->{closure:Illuminate\\Pipeline\\Pipeline::prepareDestination():168}()
#34 /home/angklung/www.angklung-udjo.co.id/vendor/laravel/framework/src/Illuminate/Foundation/Http/Middleware/ConvertEmptyStringsToNull.php(31): Illuminate\\Foundation\\Http\\Middleware\\TransformsRequest->handle()
#35 /home/angklung/www.angklung-udjo.co.id/vendor/laravel/framework/src/Illuminate/Pipeline/Pipeline.php(209): Illuminate\\Foundation\\Http\\Middleware\\ConvertEmptyStringsToNull->handle()
#36 /home/angklung/www.angklung-udjo.co.id/vendor/laravel/framework/src/Illuminate/Foundation/Http/Middleware/TransformsRequest.php(21): Illuminate\\Pipeline\\Pipeline->{closure:{closure:Illuminate\\Pipeline\\Pipeline::carry():184}:185}()
#37 /home/angklung/www.angklung-udjo.co.id/vendor/laravel/framework/src/Illuminate/Foundation/Http/Middleware/TrimStrings.php(51): Illuminate\\Foundation\\Http\\Middleware\\TransformsRequest->handle()
#38 /home/angklung/www.angklung-udjo.co.id/vendor/laravel/framework/src/Illuminate/Pipeline/Pipeline.php(209): Illuminate\\Foundation\\Http\\Middleware\\TrimStrings->handle()
#39 /home/angklung/www.angklung-udjo.co.id/vendor/laravel/framework/src/Illuminate/Http/Middleware/ValidatePostSize.php(27): Illuminate\\Pipeline\\Pipeline->{closure:{closure:Illuminate\\Pipeline\\Pipeline::carry():184}:185}()
#40 /home/angklung/www.angklung-udjo.co.id/vendor/laravel/framework/src/Illuminate/Pipeline/Pipeline.php(209): Illuminate\\Http\\Middleware\\ValidatePostSize->handle()
#41 /home/angklung/www.angklung-udjo.co.id/vendor/laravel/framework/src/Illuminate/Foundation/Http/Middleware/PreventRequestsDuringMaintenance.php(110): Illuminate\\Pipeline\\Pipeline->{closure:{closure:Illuminate\\Pipeline\\Pipeline::carry():184}:185}()
#42 /home/angklung/www.angklung-udjo.co.id/vendor/laravel/framework/src/Illuminate/Pipeline/Pipeline.php(209): Illuminate\\Foundation\\Http\\Middleware\\PreventRequestsDuringMaintenance->handle()
#43 /home/angklung/www.angklung-udjo.co.id/vendor/laravel/framework/src/Illuminate/Http/Middleware/HandleCors.php(49): Illuminate\\Pipeline\\Pipeline->{closure:{closure:Illuminate\\Pipeline\\Pipeline::carry():184}:185}()
#44 /home/angklung/www.angklung-udjo.co.id/vendor/laravel/framework/src/Illuminate/Pipeline/Pipeline.php(209): Illuminate\\Http\\Middleware\\HandleCors->handle()
#45 /home/angklung/www.angklung-udjo.co.id/vendor/laravel/framework/src/Illuminate/Http/Middleware/TrustProxies.php(58): Illuminate\\Pipeline\\Pipeline->{closure:{closure:Illuminate\\Pipeline\\Pipeline::carry():184}:185}()
#46 /home/angklung/www.angklung-udjo.co.id/vendor/laravel/framework/src/Illuminate/Pipeline/Pipeline.php(209): Illuminate\\Http\\Middleware\\TrustProxies->handle()
#47 /home/angklung/www.angklung-udjo.co.id/vendor/laravel/framework/src/Illuminate/Foundation/Http/Middleware/InvokeDeferredCallbacks.php(22): Illuminate\\Pipeline\\Pipeline->{closure:{closure:Illuminate\\Pipeline\\Pipeline::carry():184}:185}()
#48 /home/angklung/www.angklung-udjo.co.id/vendor/laravel/framework/src/Illuminate/Pipeline/Pipeline.php(209): Illuminate\\Foundation\\Http\\Middleware\\InvokeDeferredCallbacks->handle()
#49 /home/angklung/www.angklung-udjo.co.id/vendor/laravel/framework/src/Illuminate/Pipeline/Pipeline.php(127): Illuminate\\Pipeline\\Pipeline->{closure:{closure:Illuminate\\Pipeline\\Pipeline::carry():184}:185}()
#50 /home/angklung/www.angklung-udjo.co.id/vendor/laravel/framework/src/Illuminate/Foundation/Http/Kernel.php(176): Illuminate\\Pipeline\\Pipeline->then()
#51 /home/angklung/www.angklung-udjo.co.id/vendor/laravel/framework/src/Illuminate/Foundation/Http/Kernel.php(145): Illuminate\\Foundation\\Http\\Kernel->sendRequestThroughRouter()
#52 /home/angklung/www.angklung-udjo.co.id/vendor/laravel/framework/src/Illuminate/Foundation/Application.php(1220): Illuminate\\Foundation\\Http\\Kernel->handle()
#53 /home/angklung/www.angklung-udjo.co.id/public/index.php(20): Illuminate\\Foundation\\Application->handleRequest()
#54 {main}
"} 
[2026-06-05 01:12:13] production.ERROR: View [privacy-policy] not found. {"exception":"[object] (InvalidArgumentException(code: 0): View [privacy-policy] not found. at /home/angklung/www.angklung-udjo.co.id/vendor/laravel/framework/src/Illuminate/View/FileViewFinder.php:139)
[stacktrace]
#0 /home/angklung/www.angklung-udjo.co.id/vendor/laravel/framework/src/Illuminate/View/FileViewFinder.php(79): Illuminate\\View\\FileViewFinder->findInPaths()
#1 /home/angklung/www.angklung-udjo.co.id/vendor/laravel/framework/src/Illuminate/View/Factory.php(151): Illuminate\\View\\FileViewFinder->find()
#2 /home/angklung/www.angklung-udjo.co.id/vendor/laravel/framework/src/Illuminate/Foundation/helpers.php(1062): Illuminate\\View\\Factory->make()
#3 /home/angklung/www.angklung-udjo.co.id/routes/web.php(122): view()
#4 /home/angklung/www.angklung-udjo.co.id/vendor/laravel/framework/src/Illuminate/Routing/CallableDispatcher.php(40): Illuminate\\Routing\\RouteFileRegistrar->{closure:/home/angklung/www.angklung-udjo.co.id/routes/web.php:122}()
#5 /home/angklung/www.angklung-udjo.co.id/vendor/laravel/framework/src/Illuminate/Routing/Route.php(244): Illuminate\\Routing\\CallableDispatcher->dispatch()
#6 /home/angklung/www.angklung-udjo.co.id/vendor/laravel/framework/src/Illuminate/Routing/Route.php(215): Illuminate\\Routing\\Route->runCallable()
#7 /home/angklung/www.angklung-udjo.co.id/vendor/laravel/framework/src/Illuminate/Routing/Router.php(808): Illuminate\\Routing\\Route->run()
#8 /home/angklung/www.angklung-udjo.co.id/vendor/laravel/framework/src/Illuminate/Pipeline/Pipeline.php(170): Illuminate\\Routing\\Router->{closure:Illuminate\\Routing\\Router::runRouteWithinStack():807}()
#9 /home/angklung/www.angklung-udjo.co.id/app/Http/Middleware/SecurityHeaders.php(11): Illuminate\\Pipeline\\Pipeline->{closure:Illuminate\\Pipeline\\Pipeline::prepareDestination():168}()
#10 /home/angklung/www.angklung-udjo.co.id/vendor/laravel/framework/src/Illuminate/Pipeline/Pipeline.php(209): App\\Http\\Middleware\\SecurityHeaders->handle()
#11 /home/angklung/www.angklung-udjo.co.id/app/Http/Middleware/SetLocale.php(26): Illuminate\\Pipeline\\Pipeline->{closure:{closure:Illuminate\\Pipeline\\Pipeline::carry():184}:185}()
#12 /home/angklung/www.angklung-udjo.co.id/vendor/laravel/framework/src/Illuminate/Pipeline/Pipeline.php(209): App\\Http\\Middleware\\SetLocale->handle()
#13 /home/angklung/www.angklung-udjo.co.id/vendor/laravel/framework/src/Illuminate/Routing/Middleware/SubstituteBindings.php(51): Illuminate\\Pipeline\\Pipeline->{closure:{closure:Illuminate\\Pipeline\\Pipeline::carry():184}:185}()
#14 /home/angklung/www.angklung-udjo.co.id/vendor/laravel/framework/src/Illuminate/Pipeline/Pipeline.php(209): Illuminate\\Routing\\Middleware\\SubstituteBindings->handle()
#15 /home/angklung/www.angklung-udjo.co.id/vendor/laravel/framework/src/Illuminate/Foundation/Http/Middleware/VerifyCsrfToken.php(88): Illuminate\\Pipeline\\Pipeline->{closure:{closure:Illuminate\\Pipeline\\Pipeline::carry():184}:185}()
#16 /home/angklung/www.angklung-udjo.co.id/vendor/laravel/framework/src/Illuminate/Pipeline/Pipeline.php(209): Illuminate\\Foundation\\Http\\Middleware\\VerifyCsrfToken->handle()
#17 /home/angklung/www.angklung-udjo.co.id/vendor/laravel/framework/src/Illuminate/View/Middleware/ShareErrorsFromSession.php(49): Illuminate\\Pipeline\\Pipeline->{closure:{closure:Illuminate\\Pipeline\\Pipeline::carry():184}:185}()
#18 /home/angklung/www.angklung-udjo.co.id/vendor/laravel/framework/src/Illuminate/Pipeline/Pipeline.php(209): Illuminate\\View\\Middleware\\ShareErrorsFromSession->handle()
#19 /home/angklung/www.angklung-udjo.co.id/vendor/laravel/framework/src/Illuminate/Session/Middleware/StartSession.php(121): Illuminate\\Pipeline\\Pipeline->{closure:{closure:Illuminate\\Pipeline\\Pipeline::carry():184}:185}()
#20 /home/angklung/www.angklung-udjo.co.id/vendor/laravel/framework/src/Illuminate/Session/Middleware/StartSession.php(64): Illuminate\\Session\\Middleware\\StartSession->handleStatefulRequest()
#21 /home/angklung/www.angklung-udjo.co.id/vendor/laravel/framework/src/Illuminate/Pipeline/Pipeline.php(209): Illuminate\\Session\\Middleware\\StartSession->handle()
#22 /home/angklung/www.angklung-udjo.co.id/vendor/laravel/framework/src/Illuminate/Cookie/Middleware/AddQueuedCookiesToResponse.php(37): Illuminate\\Pipeline\\Pipeline->{closure:{closure:Illuminate\\Pipeline\\Pipeline::carry():184}:185}()
#23 /home/angklung/www.angklung-udjo.co.id/vendor/laravel/framework/src/Illuminate/Pipeline/Pipeline.php(209): Illuminate\\Cookie\\Middleware\\AddQueuedCookiesToResponse->handle()
#24 /home/angklung/www.angklung-udjo.co.id/vendor/laravel/framework/src/Illuminate/Cookie/Middleware/EncryptCookies.php(75): Illuminate\\Pipeline\\Pipeline->{closure:{closure:Illuminate\\Pipeline\\Pipeline::carry():184}:185}()
#25 /home/angklung/www.angklung-udjo.co.id/vendor/laravel/framework/src/Illuminate/Pipeline/Pipeline.php(209): Illuminate\\Cookie\\Middleware\\EncryptCookies->handle()
#26 /home/angklung/www.angklung-udjo.co.id/vendor/laravel/framework/src/Illuminate/Pipeline/Pipeline.php(127): Illuminate\\Pipeline\\Pipeline->{closure:{closure:Illuminate\\Pipeline\\Pipeline::carry():184}:185}()
#27 /home/angklung/www.angklung-udjo.co.id/vendor/laravel/framework/src/Illuminate/Routing/Router.php(807): Illuminate\\Pipeline\\Pipeline->then()
#28 /home/angklung/www.angklung-udjo.co.id/vendor/laravel/framework/src/Illuminate/Routing/Router.php(786): Illuminate\\Routing\\Router->runRouteWithinStack()
#29 /home/angklung/www.angklung-udjo.co.id/vendor/laravel/framework/src/Illuminate/Routing/Router.php(750): Illuminate\\Routing\\Router->runRoute()
#30 /home/angklung/www.angklung-udjo.co.id/vendor/laravel/framework/src/Illuminate/Routing/Router.php(739): Illuminate\\Routing\\Router->dispatchToRoute()
#31 /home/angklung/www.angklung-udjo.co.id/vendor/laravel/framework/src/Illuminate/Foundation/Http/Kernel.php(201): Illuminate\\Routing\\Router->dispatch()
#32 /home/angklung/www.angklung-udjo.co.id/vendor/laravel/framework/src/Illuminate/Pipeline/Pipeline.php(170): Illuminate\\Foundation\\Http\\Kernel->{closure:Illuminate\\Foundation\\Http\\Kernel::dispatchToRouter():198}()
#33 /home/angklung/www.angklung-udjo.co.id/vendor/laravel/framework/src/Illuminate/Foundation/Http/Middleware/TransformsRequest.php(21): Illuminate\\Pipeline\\Pipeline->{closure:Illuminate\\Pipeline\\Pipeline::prepareDestination():168}()
#34 /home/angklung/www.angklung-udjo.co.id/vendor/laravel/framework/src/Illuminate/Foundation/Http/Middleware/ConvertEmptyStringsToNull.php(31): Illuminate\\Foundation\\Http\\Middleware\\TransformsRequest->handle()
#35 /home/angklung/www.angklung-udjo.co.id/vendor/laravel/framework/src/Illuminate/Pipeline/Pipeline.php(209): Illuminate\\Foundation\\Http\\Middleware\\ConvertEmptyStringsToNull->handle()
#36 /home/angklung/www.angklung-udjo.co.id/vendor/laravel/framework/src/Illuminate/Foundation/Http/Middleware/TransformsRequest.php(21): Illuminate\\Pipeline\\Pipeline->{closure:{closure:Illuminate\\Pipeline\\Pipeline::carry():184}:185}()
#37 /home/angklung/www.angklung-udjo.co.id/vendor/laravel/framework/src/Illuminate/Foundation/Http/Middleware/TrimStrings.php(51): Illuminate\\Foundation\\Http\\Middleware\\TransformsRequest->handle()
#38 /home/angklung/www.angklung-udjo.co.id/vendor/laravel/framework/src/Illuminate/Pipeline/Pipeline.php(209): Illuminate\\Foundation\\Http\\Middleware\\TrimStrings->handle()
#39 /home/angklung/www.angklung-udjo.co.id/vendor/laravel/framework/src/Illuminate/Http/Middleware/ValidatePostSize.php(27): Illuminate\\Pipeline\\Pipeline->{closure:{closure:Illuminate\\Pipeline\\Pipeline::carry():184}:185}()
#40 /home/angklung/www.angklung-udjo.co.id/vendor/laravel/framework/src/Illuminate/Pipeline/Pipeline.php(209): Illuminate\\Http\\Middleware\\ValidatePostSize->handle()
#41 /home/angklung/www.angklung-udjo.co.id/vendor/laravel/framework/src/Illuminate/Foundation/Http/Middleware/PreventRequestsDuringMaintenance.php(110): Illuminate\\Pipeline\\Pipeline->{closure:{closure:Illuminate\\Pipeline\\Pipeline::carry():184}:185}()
#42 /home/angklung/www.angklung-udjo.co.id/vendor/laravel/framework/src/Illuminate/Pipeline/Pipeline.php(209): Illuminate\\Foundation\\Http\\Middleware\\PreventRequestsDuringMaintenance->handle()
#43 /home/angklung/www.angklung-udjo.co.id/vendor/laravel/framework/src/Illuminate/Http/Middleware/HandleCors.php(49): Illuminate\\Pipeline\\Pipeline->{closure:{closure:Illuminate\\Pipeline\\Pipeline::carry():184}:185}()
#44 /home/angklung/www.angklung-udjo.co.id/vendor/laravel/framework/src/Illuminate/Pipeline/Pipeline.php(209): Illuminate\\Http\\Middleware\\HandleCors->handle()
#45 /home/angklung/www.angklung-udjo.co.id/vendor/laravel/framework/src/Illuminate/Http/Middleware/TrustProxies.php(58): Illuminate\\Pipeline\\Pipeline->{closure:{closure:Illuminate\\Pipeline\\Pipeline::carry():184}:185}()
#46 /home/angklung/www.angklung-udjo.co.id/vendor/laravel/framework/src/Illuminate/Pipeline/Pipeline.php(209): Illuminate\\Http\\Middleware\\TrustProxies->handle()
#47 /home/angklung/www.angklung-udjo.co.id/vendor/laravel/framework/src/Illuminate/Foundation/Http/Middleware/InvokeDeferredCallbacks.php(22): Illuminate\\Pipeline\\Pipeline->{closure:{closure:Illuminate\\Pipeline\\Pipeline::carry():184}:185}()
#48 /home/angklung/www.angklung-udjo.co.id/vendor/laravel/framework/src/Illuminate/Pipeline/Pipeline.php(209): Illuminate\\Foundation\\Http\\Middleware\\InvokeDeferredCallbacks->handle()
#49 /home/angklung/www.angklung-udjo.co.id/vendor/laravel/framework/src/Illuminate/Pipeline/Pipeline.php(127): Illuminate\\Pipeline\\Pipeline->{closure:{closure:Illuminate\\Pipeline\\Pipeline::carry():184}:185}()
#50 /home/angklung/www.angklung-udjo.co.id/vendor/laravel/framework/src/Illuminate/Foundation/Http/Kernel.php(176): Illuminate\\Pipeline\\Pipeline->then()
#51 /home/angklung/www.angklung-udjo.co.id/vendor/laravel/framework/src/Illuminate/Foundation/Http/Kernel.php(145): Illuminate\\Foundation\\Http\\Kernel->sendRequestThroughRouter()
#52 /home/angklung/www.angklung-udjo.co.id/vendor/laravel/framework/src/Illuminate/Foundation/Application.php(1220): Illuminate\\Foundation\\Http\\Kernel->handle()
#53 /home/angklung/www.angklung-udjo.co.id/public/index.php(20): Illuminate\\Foundation\\Application->handleRequest()
#54 {main}
"} 
[2026-06-05 07:57:52] production.ERROR: View [privacy-policy] not found. {"exception":"[object] (InvalidArgumentException(code: 0): View [privacy-policy] not found. at /home/angklung/www.angklung-udjo.co.id/vendor/laravel/framework/src/Illuminate/View/FileViewFinder.php:139)
[stacktrace]
#0 /home/angklung/www.angklung-udjo.co.id/vendor/laravel/framework/src/Illuminate/View/FileViewFinder.php(79): Illuminate\\View\\FileViewFinder->findInPaths()
#1 /home/angklung/www.angklung-udjo.co.id/vendor/laravel/framework/src/Illuminate/View/Factory.php(151): Illuminate\\View\\FileViewFinder->find()
#2 /home/angklung/www.angklung-udjo.co.id/vendor/laravel/framework/src/Illuminate/Foundation/helpers.php(1062): Illuminate\\View\\Factory->make()
#3 /home/angklung/www.angklung-udjo.co.id/routes/web.php(122): view()
#4 /home/angklung/www.angklung-udjo.co.id/vendor/laravel/framework/src/Illuminate/Routing/CallableDispatcher.php(40): Illuminate\\Routing\\RouteFileRegistrar->{closure:/home/angklung/www.angklung-udjo.co.id/routes/web.php:122}()
#5 /home/angklung/www.angklung-udjo.co.id/vendor/laravel/framework/src/Illuminate/Routing/Route.php(244): Illuminate\\Routing\\CallableDispatcher->dispatch()
#6 /home/angklung/www.angklung-udjo.co.id/vendor/laravel/framework/src/Illuminate/Routing/Route.php(215): Illuminate\\Routing\\Route->runCallable()
#7 /home/angklung/www.angklung-udjo.co.id/vendor/laravel/framework/src/Illuminate/Routing/Router.php(808): Illuminate\\Routing\\Route->run()
#8 /home/angklung/www.angklung-udjo.co.id/vendor/laravel/framework/src/Illuminate/Pipeline/Pipeline.php(170): Illuminate\\Routing\\Router->{closure:Illuminate\\Routing\\Router::runRouteWithinStack():807}()
#9 /home/angklung/www.angklung-udjo.co.id/app/Http/Middleware/SecurityHeaders.php(11): Illuminate\\Pipeline\\Pipeline->{closure:Illuminate\\Pipeline\\Pipeline::prepareDestination():168}()
#10 /home/angklung/www.angklung-udjo.co.id/vendor/laravel/framework/src/Illuminate/Pipeline/Pipeline.php(209): App\\Http\\Middleware\\SecurityHeaders->handle()
#11 /home/angklung/www.angklung-udjo.co.id/app/Http/Middleware/SetLocale.php(26): Illuminate\\Pipeline\\Pipeline->{closure:{closure:Illuminate\\Pipeline\\Pipeline::carry():184}:185}()
#12 /home/angklung/www.angklung-udjo.co.id/vendor/laravel/framework/src/Illuminate/Pipeline/Pipeline.php(209): App\\Http\\Middleware\\SetLocale->handle()
#13 /home/angklung/www.angklung-udjo.co.id/vendor/laravel/framework/src/Illuminate/Routing/Middleware/SubstituteBindings.php(51): Illuminate\\Pipeline\\Pipeline->{closure:{closure:Illuminate\\Pipeline\\Pipeline::carry():184}:185}()
#14 /home/angklung/www.angklung-udjo.co.id/vendor/laravel/framework/src/Illuminate/Pipeline/Pipeline.php(209): Illuminate\\Routing\\Middleware\\SubstituteBindings->handle()
#15 /home/angklung/www.angklung-udjo.co.id/vendor/laravel/framework/src/Illuminate/Foundation/Http/Middleware/VerifyCsrfToken.php(88): Illuminate\\Pipeline\\Pipeline->{closure:{closure:Illuminate\\Pipeline\\Pipeline::carry():184}:185}()
#16 /home/angklung/www.angklung-udjo.co.id/vendor/laravel/framework/src/Illuminate/Pipeline/Pipeline.php(209): Illuminate\\Foundation\\Http\\Middleware\\VerifyCsrfToken->handle()
#17 /home/angklung/www.angklung-udjo.co.id/vendor/laravel/framework/src/Illuminate/View/Middleware/ShareErrorsFromSession.php(49): Illuminate\\Pipeline\\Pipeline->{closure:{closure:Illuminate\\Pipeline\\Pipeline::carry():184}:185}()
#18 /home/angklung/www.angklung-udjo.co.id/vendor/laravel/framework/src/Illuminate/Pipeline/Pipeline.php(209): Illuminate\\View\\Middleware\\ShareErrorsFromSession->handle()
#19 /home/angklung/www.angklung-udjo.co.id/vendor/laravel/framework/src/Illuminate/Session/Middleware/StartSession.php(121): Illuminate\\Pipeline\\Pipeline->{closure:{closure:Illuminate\\Pipeline\\Pipeline::carry():184}:185}()
#20 /home/angklung/www.angklung-udjo.co.id/vendor/laravel/framework/src/Illuminate/Session/Middleware/StartSession.php(64): Illuminate\\Session\\Middleware\\StartSession->handleStatefulRequest()
#21 /home/angklung/www.angklung-udjo.co.id/vendor/laravel/framework/src/Illuminate/Pipeline/Pipeline.php(209): Illuminate\\Session\\Middleware\\StartSession->handle()
#22 /home/angklung/www.angklung-udjo.co.id/vendor/laravel/framework/src/Illuminate/Cookie/Middleware/AddQueuedCookiesToResponse.php(37): Illuminate\\Pipeline\\Pipeline->{closure:{closure:Illuminate\\Pipeline\\Pipeline::carry():184}:185}()
#23 /home/angklung/www.angklung-udjo.co.id/vendor/laravel/framework/src/Illuminate/Pipeline/Pipeline.php(209): Illuminate\\Cookie\\Middleware\\AddQueuedCookiesToResponse->handle()
#24 /home/angklung/www.angklung-udjo.co.id/vendor/laravel/framework/src/Illuminate/Cookie/Middleware/EncryptCookies.php(75): Illuminate\\Pipeline\\Pipeline->{closure:{closure:Illuminate\\Pipeline\\Pipeline::carry():184}:185}()
#25 /home/angklung/www.angklung-udjo.co.id/vendor/laravel/framework/src/Illuminate/Pipeline/Pipeline.php(209): Illuminate\\Cookie\\Middleware\\EncryptCookies->handle()
#26 /home/angklung/www.angklung-udjo.co.id/vendor/laravel/framework/src/Illuminate/Pipeline/Pipeline.php(127): Illuminate\\Pipeline\\Pipeline->{closure:{closure:Illuminate\\Pipeline\\Pipeline::carry():184}:185}()
#27 /home/angklung/www.angklung-udjo.co.id/vendor/laravel/framework/src/Illuminate/Routing/Router.php(807): Illuminate\\Pipeline\\Pipeline->then()
#28 /home/angklung/www.angklung-udjo.co.id/vendor/laravel/framework/src/Illuminate/Routing/Router.php(786): Illuminate\\Routing\\Router->runRouteWithinStack()
#29 /home/angklung/www.angklung-udjo.co.id/vendor/laravel/framework/src/Illuminate/Routing/Router.php(750): Illuminate\\Routing\\Router->runRoute()
#30 /home/angklung/www.angklung-udjo.co.id/vendor/laravel/framework/src/Illuminate/Routing/Router.php(739): Illuminate\\Routing\\Router->dispatchToRoute()
#31 /home/angklung/www.angklung-udjo.co.id/vendor/laravel/framework/src/Illuminate/Foundation/Http/Kernel.php(201): Illuminate\\Routing\\Router->dispatch()
#32 /home/angklung/www.angklung-udjo.co.id/vendor/laravel/framework/src/Illuminate/Pipeline/Pipeline.php(170): Illuminate\\Foundation\\Http\\Kernel->{closure:Illuminate\\Foundation\\Http\\Kernel::dispatchToRouter():198}()
#33 /home/angklung/www.angklung-udjo.co.id/vendor/laravel/framework/src/Illuminate/Foundation/Http/Middleware/TransformsRequest.php(21): Illuminate\\Pipeline\\Pipeline->{closure:Illuminate\\Pipeline\\Pipeline::prepareDestination():168}()
#34 /home/angklung/www.angklung-udjo.co.id/vendor/laravel/framework/src/Illuminate/Foundation/Http/Middleware/ConvertEmptyStringsToNull.php(31): Illuminate\\Foundation\\Http\\Middleware\\TransformsRequest->handle()
#35 /home/angklung/www.angklung-udjo.co.id/vendor/laravel/framework/src/Illuminate/Pipeline/Pipeline.php(209): Illuminate\\Foundation\\Http\\Middleware\\ConvertEmptyStringsToNull->handle()
#36 /home/angklung/www.angklung-udjo.co.id/vendor/laravel/framework/src/Illuminate/Foundation/Http/Middleware/TransformsRequest.php(21): Illuminate\\Pipeline\\Pipeline->{closure:{closure:Illuminate\\Pipeline\\Pipeline::carry():184}:185}()
#37 /home/angklung/www.angklung-udjo.co.id/vendor/laravel/framework/src/Illuminate/Foundation/Http/Middleware/TrimStrings.php(51): Illuminate\\Foundation\\Http\\Middleware\\TransformsRequest->handle()
#38 /home/angklung/www.angklung-udjo.co.id/vendor/laravel/framework/src/Illuminate/Pipeline/Pipeline.php(209): Illuminate\\Foundation\\Http\\Middleware\\TrimStrings->handle()
#39 /home/angklung/www.angklung-udjo.co.id/vendor/laravel/framework/src/Illuminate/Http/Middleware/ValidatePostSize.php(27): Illuminate\\Pipeline\\Pipeline->{closure:{closure:Illuminate\\Pipeline\\Pipeline::carry():184}:185}()
#40 /home/angklung/www.angklung-udjo.co.id/vendor/laravel/framework/src/Illuminate/Pipeline/Pipeline.php(209): Illuminate\\Http\\Middleware\\ValidatePostSize->handle()
#41 /home/angklung/www.angklung-udjo.co.id/vendor/laravel/framework/src/Illuminate/Foundation/Http/Middleware/PreventRequestsDuringMaintenance.php(110): Illuminate\\Pipeline\\Pipeline->{closure:{closure:Illuminate\\Pipeline\\Pipeline::carry():184}:185}()
#42 /home/angklung/www.angklung-udjo.co.id/vendor/laravel/framework/src/Illuminate/Pipeline/Pipeline.php(209): Illuminate\\Foundation\\Http\\Middleware\\PreventRequestsDuringMaintenance->handle()
#43 /home/angklung/www.angklung-udjo.co.id/vendor/laravel/framework/src/Illuminate/Http/Middleware/HandleCors.php(49): Illuminate\\Pipeline\\Pipeline->{closure:{closure:Illuminate\\Pipeline\\Pipeline::carry():184}:185}()
#44 /home/angklung/www.angklung-udjo.co.id/vendor/laravel/framework/src/Illuminate/Pipeline/Pipeline.php(209): Illuminate\\Http\\Middleware\\HandleCors->handle()
#45 /home/angklung/www.angklung-udjo.co.id/vendor/laravel/framework/src/Illuminate/Http/Middleware/TrustProxies.php(58): Illuminate\\Pipeline\\Pipeline->{closure:{closure:Illuminate\\Pipeline\\Pipeline::carry():184}:185}()
#46 /home/angklung/www.angklung-udjo.co.id/vendor/laravel/framework/src/Illuminate/Pipeline/Pipeline.php(209): Illuminate\\Http\\Middleware\\TrustProxies->handle()
#47 /home/angklung/www.angklung-udjo.co.id/vendor/laravel/framework/src/Illuminate/Foundation/Http/Middleware/InvokeDeferredCallbacks.php(22): Illuminate\\Pipeline\\Pipeline->{closure:{closure:Illuminate\\Pipeline\\Pipeline::carry():184}:185}()
#48 /home/angklung/www.angklung-udjo.co.id/vendor/laravel/framework/src/Illuminate/Pipeline/Pipeline.php(209): Illuminate\\Foundation\\Http\\Middleware\\InvokeDeferredCallbacks->handle()
#49 /home/angklung/www.angklung-udjo.co.id/vendor/laravel/framework/src/Illuminate/Pipeline/Pipeline.php(127): Illuminate\\Pipeline\\Pipeline->{closure:{closure:Illuminate\\Pipeline\\Pipeline::carry():184}:185}()
#50 /home/angklung/www.angklung-udjo.co.id/vendor/laravel/framework/src/Illuminate/Foundation/Http/Kernel.php(176): Illuminate\\Pipeline\\Pipeline->then()
#51 /home/angklung/www.angklung-udjo.co.id/vendor/laravel/framework/src/Illuminate/Foundation/Http/Kernel.php(145): Illuminate\\Foundation\\Http\\Kernel->sendRequestThroughRouter()
#52 /home/angklung/www.angklung-udjo.co.id/vendor/laravel/framework/src/Illuminate/Foundation/Application.php(1220): Illuminate\\Foundation\\Http\\Kernel->handle()
#53 /home/angklung/www.angklung-udjo.co.id/public/index.php(20): Illuminate\\Foundation\\Application->handleRequest()
#54 {main}
"} 
[2026-06-05 08:52:35] production.ERROR: View [Ramadhan] not found. {"exception":"[object] (InvalidArgumentException(code: 0): View [Ramadhan] not found. at /home/angklung/www.angklung-udjo.co.id/vendor/laravel/framework/src/Illuminate/View/FileViewFinder.php:139)
[stacktrace]
#0 /home/angklung/www.angklung-udjo.co.id/vendor/laravel/framework/src/Illuminate/View/FileViewFinder.php(79): Illuminate\\View\\FileViewFinder->findInPaths()
#1 /home/angklung/www.angklung-udjo.co.id/vendor/laravel/framework/src/Illuminate/View/Factory.php(151): Illuminate\\View\\FileViewFinder->find()
#2 /home/angklung/www.angklung-udjo.co.id/vendor/laravel/framework/src/Illuminate/Foundation/helpers.php(1062): Illuminate\\View\\Factory->make()
#3 /home/angklung/www.angklung-udjo.co.id/routes/web.php(140): view()
#4 /home/angklung/www.angklung-udjo.co.id/vendor/laravel/framework/src/Illuminate/Routing/CallableDispatcher.php(40): Illuminate\\Routing\\RouteFileRegistrar->{closure:/home/angklung/www.angklung-udjo.co.id/routes/web.php:140}()
#5 /home/angklung/www.angklung-udjo.co.id/vendor/laravel/framework/src/Illuminate/Routing/Route.php(244): Illuminate\\Routing\\CallableDispatcher->dispatch()
#6 /home/angklung/www.angklung-udjo.co.id/vendor/laravel/framework/src/Illuminate/Routing/Route.php(215): Illuminate\\Routing\\Route->runCallable()
#7 /home/angklung/www.angklung-udjo.co.id/vendor/laravel/framework/src/Illuminate/Routing/Router.php(808): Illuminate\\Routing\\Route->run()
#8 /home/angklung/www.angklung-udjo.co.id/vendor/laravel/framework/src/Illuminate/Pipeline/Pipeline.php(170): Illuminate\\Routing\\Router->{closure:Illuminate\\Routing\\Router::runRouteWithinStack():807}()
#9 /home/angklung/www.angklung-udjo.co.id/app/Http/Middleware/SecurityHeaders.php(11): Illuminate\\Pipeline\\Pipeline->{closure:Illuminate\\Pipeline\\Pipeline::prepareDestination():168}()
#10 /home/angklung/www.angklung-udjo.co.id/vendor/laravel/framework/src/Illuminate/Pipeline/Pipeline.php(209): App\\Http\\Middleware\\SecurityHeaders->handle()
#11 /home/angklung/www.angklung-udjo.co.id/app/Http/Middleware/SetLocale.php(26): Illuminate\\Pipeline\\Pipeline->{closure:{closure:Illuminate\\Pipeline\\Pipeline::carry():184}:185}()
#12 /home/angklung/www.angklung-udjo.co.id/vendor/laravel/framework/src/Illuminate/Pipeline/Pipeline.php(209): App\\Http\\Middleware\\SetLocale->handle()
#13 /home/angklung/www.angklung-udjo.co.id/vendor/laravel/framework/src/Illuminate/Routing/Middleware/SubstituteBindings.php(51): Illuminate\\Pipeline\\Pipeline->{closure:{closure:Illuminate\\Pipeline\\Pipeline::carry():184}:185}()
#14 /home/angklung/www.angklung-udjo.co.id/vendor/laravel/framework/src/Illuminate/Pipeline/Pipeline.php(209): Illuminate\\Routing\\Middleware\\SubstituteBindings->handle()
#15 /home/angklung/www.angklung-udjo.co.id/vendor/laravel/framework/src/Illuminate/Foundation/Http/Middleware/VerifyCsrfToken.php(88): Illuminate\\Pipeline\\Pipeline->{closure:{closure:Illuminate\\Pipeline\\Pipeline::carry():184}:185}()
#16 /home/angklung/www.angklung-udjo.co.id/vendor/laravel/framework/src/Illuminate/Pipeline/Pipeline.php(209): Illuminate\\Foundation\\Http\\Middleware\\VerifyCsrfToken->handle()
#17 /home/angklung/www.angklung-udjo.co.id/vendor/laravel/framework/src/Illuminate/View/Middleware/ShareErrorsFromSession.php(49): Illuminate\\Pipeline\\Pipeline->{closure:{closure:Illuminate\\Pipeline\\Pipeline::carry():184}:185}()
#18 /home/angklung/www.angklung-udjo.co.id/vendor/laravel/framework/src/Illuminate/Pipeline/Pipeline.php(209): Illuminate\\View\\Middleware\\ShareErrorsFromSession->handle()
#19 /home/angklung/www.angklung-udjo.co.id/vendor/laravel/framework/src/Illuminate/Session/Middleware/StartSession.php(121): Illuminate\\Pipeline\\Pipeline->{closure:{closure:Illuminate\\Pipeline\\Pipeline::carry():184}:185}()
#20 /home/angklung/www.angklung-udjo.co.id/vendor/laravel/framework/src/Illuminate/Session/Middleware/StartSession.php(64): Illuminate\\Session\\Middleware\\StartSession->handleStatefulRequest()
#21 /home/angklung/www.angklung-udjo.co.id/vendor/laravel/framework/src/Illuminate/Pipeline/Pipeline.php(209): Illuminate\\Session\\Middleware\\StartSession->handle()
#22 /home/angklung/www.angklung-udjo.co.id/vendor/laravel/framework/src/Illuminate/Cookie/Middleware/AddQueuedCookiesToResponse.php(37): Illuminate\\Pipeline\\Pipeline->{closure:{closure:Illuminate\\Pipeline\\Pipeline::carry():184}:185}()
#23 /home/angklung/www.angklung-udjo.co.id/vendor/laravel/framework/src/Illuminate/Pipeline/Pipeline.php(209): Illuminate\\Cookie\\Middleware\\AddQueuedCookiesToResponse->handle()
#24 /home/angklung/www.angklung-udjo.co.id/vendor/laravel/framework/src/Illuminate/Cookie/Middleware/EncryptCookies.php(75): Illuminate\\Pipeline\\Pipeline->{closure:{closure:Illuminate\\Pipeline\\Pipeline::carry():184}:185}()
#25 /home/angklung/www.angklung-udjo.co.id/vendor/laravel/framework/src/Illuminate/Pipeline/Pipeline.php(209): Illuminate\\Cookie\\Middleware\\EncryptCookies->handle()
#26 /home/angklung/www.angklung-udjo.co.id/vendor/laravel/framework/src/Illuminate/Pipeline/Pipeline.php(127): Illuminate\\Pipeline\\Pipeline->{closure:{closure:Illuminate\\Pipeline\\Pipeline::carry():184}:185}()
#27 /home/angklung/www.angklung-udjo.co.id/vendor/laravel/framework/src/Illuminate/Routing/Router.php(807): Illuminate\\Pipeline\\Pipeline->then()
#28 /home/angklung/www.angklung-udjo.co.id/vendor/laravel/framework/src/Illuminate/Routing/Router.php(786): Illuminate\\Routing\\Router->runRouteWithinStack()
#29 /home/angklung/www.angklung-udjo.co.id/vendor/laravel/framework/src/Illuminate/Routing/Router.php(750): Illuminate\\Routing\\Router->runRoute()
#30 /home/angklung/www.angklung-udjo.co.id/vendor/laravel/framework/src/Illuminate/Routing/Router.php(739): Illuminate\\Routing\\Router->dispatchToRoute()
#31 /home/angklung/www.angklung-udjo.co.id/vendor/laravel/framework/src/Illuminate/Foundation/Http/Kernel.php(201): Illuminate\\Routing\\Router->dispatch()
#32 /home/angklung/www.angklung-udjo.co.id/vendor/laravel/framework/src/Illuminate/Pipeline/Pipeline.php(170): Illuminate\\Foundation\\Http\\Kernel->{closure:Illuminate\\Foundation\\Http\\Kernel::dispatchToRouter():198}()
#33 /home/angklung/www.angklung-udjo.co.id/vendor/laravel/framework/src/Illuminate/Foundation/Http/Middleware/TransformsRequest.php(21): Illuminate\\Pipeline\\Pipeline->{closure:Illuminate\\Pipeline\\Pipeline::prepareDestination():168}()
#34 /home/angklung/www.angklung-udjo.co.id/vendor/laravel/framework/src/Illuminate/Foundation/Http/Middleware/ConvertEmptyStringsToNull.php(31): Illuminate\\Foundation\\Http\\Middleware\\TransformsRequest->handle()
#35 /home/angklung/www.angklung-udjo.co.id/vendor/laravel/framework/src/Illuminate/Pipeline/Pipeline.php(209): Illuminate\\Foundation\\Http\\Middleware\\ConvertEmptyStringsToNull->handle()
#36 /home/angklung/www.angklung-udjo.co.id/vendor/laravel/framework/src/Illuminate/Foundation/Http/Middleware/TransformsRequest.php(21): Illuminate\\Pipeline\\Pipeline->{closure:{closure:Illuminate\\Pipeline\\Pipeline::carry():184}:185}()
#37 /home/angklung/www.angklung-udjo.co.id/vendor/laravel/framework/src/Illuminate/Foundation/Http/Middleware/TrimStrings.php(51): Illuminate\\Foundation\\Http\\Middleware\\TransformsRequest->handle()
#38 /home/angklung/www.angklung-udjo.co.id/vendor/laravel/framework/src/Illuminate/Pipeline/Pipeline.php(209): Illuminate\\Foundation\\Http\\Middleware\\TrimStrings->handle()
#39 /home/angklung/www.angklung-udjo.co.id/vendor/laravel/framework/src/Illuminate/Http/Middleware/ValidatePostSize.php(27): Illuminate\\Pipeline\\Pipeline->{closure:{closure:Illuminate\\Pipeline\\Pipeline::carry():184}:185}()
#40 /home/angklung/www.angklung-udjo.co.id/vendor/laravel/framework/src/Illuminate/Pipeline/Pipeline.php(209): Illuminate\\Http\\Middleware\\ValidatePostSize->handle()
#41 /home/angklung/www.angklung-udjo.co.id/vendor/laravel/framework/src/Illuminate/Foundation/Http/Middleware/PreventRequestsDuringMaintenance.php(110): Illuminate\\Pipeline\\Pipeline->{closure:{closure:Illuminate\\Pipeline\\Pipeline::carry():184}:185}()
#42 /home/angklung/www.angklung-udjo.co.id/vendor/laravel/framework/src/Illuminate/Pipeline/Pipeline.php(209): Illuminate\\Foundation\\Http\\Middleware\\PreventRequestsDuringMaintenance->handle()
#43 /home/angklung/www.angklung-udjo.co.id/vendor/laravel/framework/src/Illuminate/Http/Middleware/HandleCors.php(49): Illuminate\\Pipeline\\Pipeline->{closure:{closure:Illuminate\\Pipeline\\Pipeline::carry():184}:185}()
#44 /home/angklung/www.angklung-udjo.co.id/vendor/laravel/framework/src/Illuminate/Pipeline/Pipeline.php(209): Illuminate\\Http\\Middleware\\HandleCors->handle()
#45 /home/angklung/www.angklung-udjo.co.id/vendor/laravel/framework/src/Illuminate/Http/Middleware/TrustProxies.php(58): Illuminate\\Pipeline\\Pipeline->{closure:{closure:Illuminate\\Pipeline\\Pipeline::carry():184}:185}()
#46 /home/angklung/www.angklung-udjo.co.id/vendor/laravel/framework/src/Illuminate/Pipeline/Pipeline.php(209): Illuminate\\Http\\Middleware\\TrustProxies->handle()
#47 /home/angklung/www.angklung-udjo.co.id/vendor/laravel/framework/src/Illuminate/Foundation/Http/Middleware/InvokeDeferredCallbacks.php(22): Illuminate\\Pipeline\\Pipeline->{closure:{closure:Illuminate\\Pipeline\\Pipeline::carry():184}:185}()
#48 /home/angklung/www.angklung-udjo.co.id/vendor/laravel/framework/src/Illuminate/Pipeline/Pipeline.php(209): Illuminate\\Foundation\\Http\\Middleware\\InvokeDeferredCallbacks->handle()
#49 /home/angklung/www.angklung-udjo.co.id/vendor/laravel/framework/src/Illuminate/Pipeline/Pipeline.php(127): Illuminate\\Pipeline\\Pipeline->{closure:{closure:Illuminate\\Pipeline\\Pipeline::carry():184}:185}()
#50 /home/angklung/www.angklung-udjo.co.id/vendor/laravel/framework/src/Illuminate/Foundation/Http/Kernel.php(176): Illuminate\\Pipeline\\Pipeline->then()
#51 /home/angklung/www.angklung-udjo.co.id/vendor/laravel/framework/src/Illuminate/Foundation/Http/Kernel.php(145): Illuminate\\Foundation\\Http\\Kernel->sendRequestThroughRouter()
#52 /home/angklung/www.angklung-udjo.co.id/vendor/laravel/framework/src/Illuminate/Foundation/Application.php(1220): Illuminate\\Foundation\\Http\\Kernel->handle()
#53 /home/angklung/www.angklung-udjo.co.id/public/index.php(20): Illuminate\\Foundation\\Application->handleRequest()
#54 {main}
"} 
[2026-06-05 17:18:59] production.ERROR: View [privacy-policy] not found. {"exception":"[object] (InvalidArgumentException(code: 0): View [privacy-policy] not found. at /home/angklung/www.angklung-udjo.co.id/vendor/laravel/framework/src/Illuminate/View/FileViewFinder.php:139)
[stacktrace]
#0 /home/angklung/www.angklung-udjo.co.id/vendor/laravel/framework/src/Illuminate/View/FileViewFinder.php(79): Illuminate\\View\\FileViewFinder->findInPaths()
#1 /home/angklung/www.angklung-udjo.co.id/vendor/laravel/framework/src/Illuminate/View/Factory.php(151): Illuminate\\View\\FileViewFinder->find()
#2 /home/angklung/www.angklung-udjo.co.id/vendor/laravel/framework/src/Illuminate/Foundation/helpers.php(1062): Illuminate\\View\\Factory->make()
#3 /home/angklung/www.angklung-udjo.co.id/routes/web.php(122): view()
#4 /home/angklung/www.angklung-udjo.co.id/vendor/laravel/framework/src/Illuminate/Routing/CallableDispatcher.php(40): Illuminate\\Routing\\RouteFileRegistrar->{closure:/home/angklung/www.angklung-udjo.co.id/routes/web.php:122}()
#5 /home/angklung/www.angklung-udjo.co.id/vendor/laravel/framework/src/Illuminate/Routing/Route.php(244): Illuminate\\Routing\\CallableDispatcher->dispatch()
#6 /home/angklung/www.angklung-udjo.co.id/vendor/laravel/framework/src/Illuminate/Routing/Route.php(215): Illuminate\\Routing\\Route->runCallable()
#7 /home/angklung/www.angklung-udjo.co.id/vendor/laravel/framework/src/Illuminate/Routing/Router.php(808): Illuminate\\Routing\\Route->run()
#8 /home/angklung/www.angklung-udjo.co.id/vendor/laravel/framework/src/Illuminate/Pipeline/Pipeline.php(170): Illuminate\\Routing\\Router->{closure:Illuminate\\Routing\\Router::runRouteWithinStack():807}()
#9 /home/angklung/www.angklung-udjo.co.id/app/Http/Middleware/SecurityHeaders.php(11): Illuminate\\Pipeline\\Pipeline->{closure:Illuminate\\Pipeline\\Pipeline::prepareDestination():168}()
#10 /home/angklung/www.angklung-udjo.co.id/vendor/laravel/framework/src/Illuminate/Pipeline/Pipeline.php(209): App\\Http\\Middleware\\SecurityHeaders->handle()
#11 /home/angklung/www.angklung-udjo.co.id/app/Http/Middleware/SetLocale.php(26): Illuminate\\Pipeline\\Pipeline->{closure:{closure:Illuminate\\Pipeline\\Pipeline::carry():184}:185}()
#12 /home/angklung/www.angklung-udjo.co.id/vendor/laravel/framework/src/Illuminate/Pipeline/Pipeline.php(209): App\\Http\\Middleware\\SetLocale->handle()
#13 /home/angklung/www.angklung-udjo.co.id/vendor/laravel/framework/src/Illuminate/Routing/Middleware/SubstituteBindings.php(51): Illuminate\\Pipeline\\Pipeline->{closure:{closure:Illuminate\\Pipeline\\Pipeline::carry():184}:185}()
#14 /home/angklung/www.angklung-udjo.co.id/vendor/laravel/framework/src/Illuminate/Pipeline/Pipeline.php(209): Illuminate\\Routing\\Middleware\\SubstituteBindings->handle()
#15 /home/angklung/www.angklung-udjo.co.id/vendor/laravel/framework/src/Illuminate/Foundation/Http/Middleware/VerifyCsrfToken.php(88): Illuminate\\Pipeline\\Pipeline->{closure:{closure:Illuminate\\Pipeline\\Pipeline::carry():184}:185}()
#16 /home/angklung/www.angklung-udjo.co.id/vendor/laravel/framework/src/Illuminate/Pipeline/Pipeline.php(209): Illuminate\\Foundation\\Http\\Middleware\\VerifyCsrfToken->handle()
#17 /home/angklung/www.angklung-udjo.co.id/vendor/laravel/framework/src/Illuminate/View/Middleware/ShareErrorsFromSession.php(49): Illuminate\\Pipeline\\Pipeline->{closure:{closure:Illuminate\\Pipeline\\Pipeline::carry():184}:185}()
#18 /home/angklung/www.angklung-udjo.co.id/vendor/laravel/framework/src/Illuminate/Pipeline/Pipeline.php(209): Illuminate\\View\\Middleware\\ShareErrorsFromSession->handle()
#19 /home/angklung/www.angklung-udjo.co.id/vendor/laravel/framework/src/Illuminate/Session/Middleware/StartSession.php(121): Illuminate\\Pipeline\\Pipeline->{closure:{closure:Illuminate\\Pipeline\\Pipeline::carry():184}:185}()
#20 /home/angklung/www.angklung-udjo.co.id/vendor/laravel/framework/src/Illuminate/Session/Middleware/StartSession.php(64): Illuminate\\Session\\Middleware\\StartSession->handleStatefulRequest()
#21 /home/angklung/www.angklung-udjo.co.id/vendor/laravel/framework/src/Illuminate/Pipeline/Pipeline.php(209): Illuminate\\Session\\Middleware\\StartSession->handle()
#22 /home/angklung/www.angklung-udjo.co.id/vendor/laravel/framework/src/Illuminate/Cookie/Middleware/AddQueuedCookiesToResponse.php(37): Illuminate\\Pipeline\\Pipeline->{closure:{closure:Illuminate\\Pipeline\\Pipeline::carry():184}:185}()
#23 /home/angklung/www.angklung-udjo.co.id/vendor/laravel/framework/src/Illuminate/Pipeline/Pipeline.php(209): Illuminate\\Cookie\\Middleware\\AddQueuedCookiesToResponse->handle()
#24 /home/angklung/www.angklung-udjo.co.id/vendor/laravel/framework/src/Illuminate/Cookie/Middleware/EncryptCookies.php(75): Illuminate\\Pipeline\\Pipeline->{closure:{closure:Illuminate\\Pipeline\\Pipeline::carry():184}:185}()
#25 /home/angklung/www.angklung-udjo.co.id/vendor/laravel/framework/src/Illuminate/Pipeline/Pipeline.php(209): Illuminate\\Cookie\\Middleware\\EncryptCookies->handle()
#26 /home/angklung/www.angklung-udjo.co.id/vendor/laravel/framework/src/Illuminate/Pipeline/Pipeline.php(127): Illuminate\\Pipeline\\Pipeline->{closure:{closure:Illuminate\\Pipeline\\Pipeline::carry():184}:185}()
#27 /home/angklung/www.angklung-udjo.co.id/vendor/laravel/framework/src/Illuminate/Routing/Router.php(807): Illuminate\\Pipeline\\Pipeline->then()
#28 /home/angklung/www.angklung-udjo.co.id/vendor/laravel/framework/src/Illuminate/Routing/Router.php(786): Illuminate\\Routing\\Router->runRouteWithinStack()
#29 /home/angklung/www.angklung-udjo.co.id/vendor/laravel/framework/src/Illuminate/Routing/Router.php(750): Illuminate\\Routing\\Router->runRoute()
#30 /home/angklung/www.angklung-udjo.co.id/vendor/laravel/framework/src/Illuminate/Routing/Router.php(739): Illuminate\\Routing\\Router->dispatchToRoute()
#31 /home/angklung/www.angklung-udjo.co.id/vendor/laravel/framework/src/Illuminate/Foundation/Http/Kernel.php(201): Illuminate\\Routing\\Router->dispatch()
#32 /home/angklung/www.angklung-udjo.co.id/vendor/laravel/framework/src/Illuminate/Pipeline/Pipeline.php(170): Illuminate\\Foundation\\Http\\Kernel->{closure:Illuminate\\Foundation\\Http\\Kernel::dispatchToRouter():198}()
#33 /home/angklung/www.angklung-udjo.co.id/vendor/laravel/framework/src/Illuminate/Foundation/Http/Middleware/TransformsRequest.php(21): Illuminate\\Pipeline\\Pipeline->{closure:Illuminate\\Pipeline\\Pipeline::prepareDestination():168}()
#34 /home/angklung/www.angklung-udjo.co.id/vendor/laravel/framework/src/Illuminate/Foundation/Http/Middleware/ConvertEmptyStringsToNull.php(31): Illuminate\\Foundation\\Http\\Middleware\\TransformsRequest->handle()
#35 /home/angklung/www.angklung-udjo.co.id/vendor/laravel/framework/src/Illuminate/Pipeline/Pipeline.php(209): Illuminate\\Foundation\\Http\\Middleware\\ConvertEmptyStringsToNull->handle()
#36 /home/angklung/www.angklung-udjo.co.id/vendor/laravel/framework/src/Illuminate/Foundation/Http/Middleware/TransformsRequest.php(21): Illuminate\\Pipeline\\Pipeline->{closure:{closure:Illuminate\\Pipeline\\Pipeline::carry():184}:185}()
#37 /home/angklung/www.angklung-udjo.co.id/vendor/laravel/framework/src/Illuminate/Foundation/Http/Middleware/TrimStrings.php(51): Illuminate\\Foundation\\Http\\Middleware\\TransformsRequest->handle()
#38 /home/angklung/www.angklung-udjo.co.id/vendor/laravel/framework/src/Illuminate/Pipeline/Pipeline.php(209): Illuminate\\Foundation\\Http\\Middleware\\TrimStrings->handle()
#39 /home/angklung/www.angklung-udjo.co.id/vendor/laravel/framework/src/Illuminate/Http/Middleware/ValidatePostSize.php(27): Illuminate\\Pipeline\\Pipeline->{closure:{closure:Illuminate\\Pipeline\\Pipeline::carry():184}:185}()
#40 /home/angklung/www.angklung-udjo.co.id/vendor/laravel/framework/src/Illuminate/Pipeline/Pipeline.php(209): Illuminate\\Http\\Middleware\\ValidatePostSize->handle()
#41 /home/angklung/www.angklung-udjo.co.id/vendor/laravel/framework/src/Illuminate/Foundation/Http/Middleware/PreventRequestsDuringMaintenance.php(110): Illuminate\\Pipeline\\Pipeline->{closure:{closure:Illuminate\\Pipeline\\Pipeline::carry():184}:185}()
#42 /home/angklung/www.angklung-udjo.co.id/vendor/laravel/framework/src/Illuminate/Pipeline/Pipeline.php(209): Illuminate\\Foundation\\Http\\Middleware\\PreventRequestsDuringMaintenance->handle()
#43 /home/angklung/www.angklung-udjo.co.id/vendor/laravel/framework/src/Illuminate/Http/Middleware/HandleCors.php(49): Illuminate\\Pipeline\\Pipeline->{closure:{closure:Illuminate\\Pipeline\\Pipeline::carry():184}:185}()
#44 /home/angklung/www.angklung-udjo.co.id/vendor/laravel/framework/src/Illuminate/Pipeline/Pipeline.php(209): Illuminate\\Http\\Middleware\\HandleCors->handle()
#45 /home/angklung/www.angklung-udjo.co.id/vendor/laravel/framework/src/Illuminate/Http/Middleware/TrustProxies.php(58): Illuminate\\Pipeline\\Pipeline->{closure:{closure:Illuminate\\Pipeline\\Pipeline::carry():184}:185}()
#46 /home/angklung/www.angklung-udjo.co.id/vendor/laravel/framework/src/Illuminate/Pipeline/Pipeline.php(209): Illuminate\\Http\\Middleware\\TrustProxies->handle()
#47 /home/angklung/www.angklung-udjo.co.id/vendor/laravel/framework/src/Illuminate/Foundation/Http/Middleware/InvokeDeferredCallbacks.php(22): Illuminate\\Pipeline\\Pipeline->{closure:{closure:Illuminate\\Pipeline\\Pipeline::carry():184}:185}()
#48 /home/angklung/www.angklung-udjo.co.id/vendor/laravel/framework/src/Illuminate/Pipeline/Pipeline.php(209): Illuminate\\Foundation\\Http\\Middleware\\InvokeDeferredCallbacks->handle()
#49 /home/angklung/www.angklung-udjo.co.id/vendor/laravel/framework/src/Illuminate/Pipeline/Pipeline.php(127): Illuminate\\Pipeline\\Pipeline->{closure:{closure:Illuminate\\Pipeline\\Pipeline::carry():184}:185}()
#50 /home/angklung/www.angklung-udjo.co.id/vendor/laravel/framework/src/Illuminate/Foundation/Http/Kernel.php(176): Illuminate\\Pipeline\\Pipeline->then()
#51 /home/angklung/www.angklung-udjo.co.id/vendor/laravel/framework/src/Illuminate/Foundation/Http/Kernel.php(145): Illuminate\\Foundation\\Http\\Kernel->sendRequestThroughRouter()
#52 /home/angklung/www.angklung-udjo.co.id/vendor/laravel/framework/src/Illuminate/Foundation/Application.php(1220): Illuminate\\Foundation\\Http\\Kernel->handle()
#53 /home/angklung/www.angklung-udjo.co.id/public/index.php(20): Illuminate\\Foundation\\Application->handleRequest()
#54 {main}
"} 
[2026-06-05 19:27:02] production.ERROR: View [privacy-policy] not found. {"exception":"[object] (InvalidArgumentException(code: 0): View [privacy-policy] not found. at /home/angklung/www.angklung-udjo.co.id/vendor/laravel/framework/src/Illuminate/View/FileViewFinder.php:139)
[stacktrace]
#0 /home/angklung/www.angklung-udjo.co.id/vendor/laravel/framework/src/Illuminate/View/FileViewFinder.php(79): Illuminate\\View\\FileViewFinder->findInPaths()
#1 /home/angklung/www.angklung-udjo.co.id/vendor/laravel/framework/src/Illuminate/View/Factory.php(151): Illuminate\\View\\FileViewFinder->find()
#2 /home/angklung/www.angklung-udjo.co.id/vendor/laravel/framework/src/Illuminate/Foundation/helpers.php(1062): Illuminate\\View\\Factory->make()
#3 /home/angklung/www.angklung-udjo.co.id/routes/web.php(122): view()
#4 /home/angklung/www.angklung-udjo.co.id/vendor/laravel/framework/src/Illuminate/Routing/CallableDispatcher.php(40): Illuminate\\Routing\\RouteFileRegistrar->{closure:/home/angklung/www.angklung-udjo.co.id/routes/web.php:122}()
#5 /home/angklung/www.angklung-udjo.co.id/vendor/laravel/framework/src/Illuminate/Routing/Route.php(244): Illuminate\\Routing\\CallableDispatcher->dispatch()
#6 /home/angklung/www.angklung-udjo.co.id/vendor/laravel/framework/src/Illuminate/Routing/Route.php(215): Illuminate\\Routing\\Route->runCallable()
#7 /home/angklung/www.angklung-udjo.co.id/vendor/laravel/framework/src/Illuminate/Routing/Router.php(808): Illuminate\\Routing\\Route->run()
#8 /home/angklung/www.angklung-udjo.co.id/vendor/laravel/framework/src/Illuminate/Pipeline/Pipeline.php(170): Illuminate\\Routing\\Router->{closure:Illuminate\\Routing\\Router::runRouteWithinStack():807}()
#9 /home/angklung/www.angklung-udjo.co.id/app/Http/Middleware/SecurityHeaders.php(11): Illuminate\\Pipeline\\Pipeline->{closure:Illuminate\\Pipeline\\Pipeline::prepareDestination():168}()
#10 /home/angklung/www.angklung-udjo.co.id/vendor/laravel/framework/src/Illuminate/Pipeline/Pipeline.php(209): App\\Http\\Middleware\\SecurityHeaders->handle()
#11 /home/angklung/www.angklung-udjo.co.id/app/Http/Middleware/SetLocale.php(26): Illuminate\\Pipeline\\Pipeline->{closure:{closure:Illuminate\\Pipeline\\Pipeline::carry():184}:185}()
#12 /home/angklung/www.angklung-udjo.co.id/vendor/laravel/framework/src/Illuminate/Pipeline/Pipeline.php(209): App\\Http\\Middleware\\SetLocale->handle()
#13 /home/angklung/www.angklung-udjo.co.id/vendor/laravel/framework/src/Illuminate/Routing/Middleware/SubstituteBindings.php(51): Illuminate\\Pipeline\\Pipeline->{closure:{closure:Illuminate\\Pipeline\\Pipeline::carry():184}:185}()
#14 /home/angklung/www.angklung-udjo.co.id/vendor/laravel/framework/src/Illuminate/Pipeline/Pipeline.php(209): Illuminate\\Routing\\Middleware\\SubstituteBindings->handle()
#15 /home/angklung/www.angklung-udjo.co.id/vendor/laravel/framework/src/Illuminate/Foundation/Http/Middleware/VerifyCsrfToken.php(88): Illuminate\\Pipeline\\Pipeline->{closure:{closure:Illuminate\\Pipeline\\Pipeline::carry():184}:185}()
#16 /home/angklung/www.angklung-udjo.co.id/vendor/laravel/framework/src/Illuminate/Pipeline/Pipeline.php(209): Illuminate\\Foundation\\Http\\Middleware\\VerifyCsrfToken->handle()
#17 /home/angklung/www.angklung-udjo.co.id/vendor/laravel/framework/src/Illuminate/View/Middleware/ShareErrorsFromSession.php(49): Illuminate\\Pipeline\\Pipeline->{closure:{closure:Illuminate\\Pipeline\\Pipeline::carry():184}:185}()
#18 /home/angklung/www.angklung-udjo.co.id/vendor/laravel/framework/src/Illuminate/Pipeline/Pipeline.php(209): Illuminate\\View\\Middleware\\ShareErrorsFromSession->handle()
#19 /home/angklung/www.angklung-udjo.co.id/vendor/laravel/framework/src/Illuminate/Session/Middleware/StartSession.php(121): Illuminate\\Pipeline\\Pipeline->{closure:{closure:Illuminate\\Pipeline\\Pipeline::carry():184}:185}()
#20 /home/angklung/www.angklung-udjo.co.id/vendor/laravel/framework/src/Illuminate/Session/Middleware/StartSession.php(64): Illuminate\\Session\\Middleware\\StartSession->handleStatefulRequest()
#21 /home/angklung/www.angklung-udjo.co.id/vendor/laravel/framework/src/Illuminate/Pipeline/Pipeline.php(209): Illuminate\\Session\\Middleware\\StartSession->handle()
#22 /home/angklung/www.angklung-udjo.co.id/vendor/laravel/framework/src/Illuminate/Cookie/Middleware/AddQueuedCookiesToResponse.php(37): Illuminate\\Pipeline\\Pipeline->{closure:{closure:Illuminate\\Pipeline\\Pipeline::carry():184}:185}()
#23 /home/angklung/www.angklung-udjo.co.id/vendor/laravel/framework/src/Illuminate/Pipeline/Pipeline.php(209): Illuminate\\Cookie\\Middleware\\AddQueuedCookiesToResponse->handle()
#24 /home/angklung/www.angklung-udjo.co.id/vendor/laravel/framework/src/Illuminate/Cookie/Middleware/EncryptCookies.php(75): Illuminate\\Pipeline\\Pipeline->{closure:{closure:Illuminate\\Pipeline\\Pipeline::carry():184}:185}()
#25 /home/angklung/www.angklung-udjo.co.id/vendor/laravel/framework/src/Illuminate/Pipeline/Pipeline.php(209): Illuminate\\Cookie\\Middleware\\EncryptCookies->handle()
#26 /home/angklung/www.angklung-udjo.co.id/vendor/laravel/framework/src/Illuminate/Pipeline/Pipeline.php(127): Illuminate\\Pipeline\\Pipeline->{closure:{closure:Illuminate\\Pipeline\\Pipeline::carry():184}:185}()
#27 /home/angklung/www.angklung-udjo.co.id/vendor/laravel/framework/src/Illuminate/Routing/Router.php(807): Illuminate\\Pipeline\\Pipeline->then()
#28 /home/angklung/www.angklung-udjo.co.id/vendor/laravel/framework/src/Illuminate/Routing/Router.php(786): Illuminate\\Routing\\Router->runRouteWithinStack()
#29 /home/angklung/www.angklung-udjo.co.id/vendor/laravel/framework/src/Illuminate/Routing/Router.php(750): Illuminate\\Routing\\Router->runRoute()
#30 /home/angklung/www.angklung-udjo.co.id/vendor/laravel/framework/src/Illuminate/Routing/Router.php(739): Illuminate\\Routing\\Router->dispatchToRoute()
#31 /home/angklung/www.angklung-udjo.co.id/vendor/laravel/framework/src/Illuminate/Foundation/Http/Kernel.php(201): Illuminate\\Routing\\Router->dispatch()
#32 /home/angklung/www.angklung-udjo.co.id/vendor/laravel/framework/src/Illuminate/Pipeline/Pipeline.php(170): Illuminate\\Foundation\\Http\\Kernel->{closure:Illuminate\\Foundation\\Http\\Kernel::dispatchToRouter():198}()
#33 /home/angklung/www.angklung-udjo.co.id/vendor/laravel/framework/src/Illuminate/Foundation/Http/Middleware/TransformsRequest.php(21): Illuminate\\Pipeline\\Pipeline->{closure:Illuminate\\Pipeline\\Pipeline::prepareDestination():168}()
#34 /home/angklung/www.angklung-udjo.co.id/vendor/laravel/framework/src/Illuminate/Foundation/Http/Middleware/ConvertEmptyStringsToNull.php(31): Illuminate\\Foundation\\Http\\Middleware\\TransformsRequest->handle()
#35 /home/angklung/www.angklung-udjo.co.id/vendor/laravel/framework/src/Illuminate/Pipeline/Pipeline.php(209): Illuminate\\Foundation\\Http\\Middleware\\ConvertEmptyStringsToNull->handle()
#36 /home/angklung/www.angklung-udjo.co.id/vendor/laravel/framework/src/Illuminate/Foundation/Http/Middleware/TransformsRequest.php(21): Illuminate\\Pipeline\\Pipeline->{closure:{closure:Illuminate\\Pipeline\\Pipeline::carry():184}:185}()
#37 /home/angklung/www.angklung-udjo.co.id/vendor/laravel/framework/src/Illuminate/Foundation/Http/Middleware/TrimStrings.php(51): Illuminate\\Foundation\\Http\\Middleware\\TransformsRequest->handle()
#38 /home/angklung/www.angklung-udjo.co.id/vendor/laravel/framework/src/Illuminate/Pipeline/Pipeline.php(209): Illuminate\\Foundation\\Http\\Middleware\\TrimStrings->handle()
#39 /home/angklung/www.angklung-udjo.co.id/vendor/laravel/framework/src/Illuminate/Http/Middleware/ValidatePostSize.php(27): Illuminate\\Pipeline\\Pipeline->{closure:{closure:Illuminate\\Pipeline\\Pipeline::carry():184}:185}()
#40 /home/angklung/www.angklung-udjo.co.id/vendor/laravel/framework/src/Illuminate/Pipeline/Pipeline.php(209): Illuminate\\Http\\Middleware\\ValidatePostSize->handle()
#41 /home/angklung/www.angklung-udjo.co.id/vendor/laravel/framework/src/Illuminate/Foundation/Http/Middleware/PreventRequestsDuringMaintenance.php(110): Illuminate\\Pipeline\\Pipeline->{closure:{closure:Illuminate\\Pipeline\\Pipeline::carry():184}:185}()
#42 /home/angklung/www.angklung-udjo.co.id/vendor/laravel/framework/src/Illuminate/Pipeline/Pipeline.php(209): Illuminate\\Foundation\\Http\\Middleware\\PreventRequestsDuringMaintenance->handle()
#43 /home/angklung/www.angklung-udjo.co.id/vendor/laravel/framework/src/Illuminate/Http/Middleware/HandleCors.php(49): Illuminate\\Pipeline\\Pipeline->{closure:{closure:Illuminate\\Pipeline\\Pipeline::carry():184}:185}()
#44 /home/angklung/www.angklung-udjo.co.id/vendor/laravel/framework/src/Illuminate/Pipeline/Pipeline.php(209): Illuminate\\Http\\Middleware\\HandleCors->handle()
#45 /home/angklung/www.angklung-udjo.co.id/vendor/laravel/framework/src/Illuminate/Http/Middleware/TrustProxies.php(58): Illuminate\\Pipeline\\Pipeline->{closure:{closure:Illuminate\\Pipeline\\Pipeline::carry():184}:185}()
#46 /home/angklung/www.angklung-udjo.co.id/vendor/laravel/framework/src/Illuminate/Pipeline/Pipeline.php(209): Illuminate\\Http\\Middleware\\TrustProxies->handle()
#47 /home/angklung/www.angklung-udjo.co.id/vendor/laravel/framework/src/Illuminate/Foundation/Http/Middleware/InvokeDeferredCallbacks.php(22): Illuminate\\Pipeline\\Pipeline->{closure:{closure:Illuminate\\Pipeline\\Pipeline::carry():184}:185}()
#48 /home/angklung/www.angklung-udjo.co.id/vendor/laravel/framework/src/Illuminate/Pipeline/Pipeline.php(209): Illuminate\\Foundation\\Http\\Middleware\\InvokeDeferredCallbacks->handle()
#49 /home/angklung/www.angklung-udjo.co.id/vendor/laravel/framework/src/Illuminate/Pipeline/Pipeline.php(127): Illuminate\\Pipeline\\Pipeline->{closure:{closure:Illuminate\\Pipeline\\Pipeline::carry():184}:185}()
#50 /home/angklung/www.angklung-udjo.co.id/vendor/laravel/framework/src/Illuminate/Foundation/Http/Kernel.php(176): Illuminate\\Pipeline\\Pipeline->then()
#51 /home/angklung/www.angklung-udjo.co.id/vendor/laravel/framework/src/Illuminate/Foundation/Http/Kernel.php(145): Illuminate\\Foundation\\Http\\Kernel->sendRequestThroughRouter()
#52 /home/angklung/www.angklung-udjo.co.id/vendor/laravel/framework/src/Illuminate/Foundation/Application.php(1220): Illuminate\\Foundation\\Http\\Kernel->handle()
#53 /home/angklung/www.angklung-udjo.co.id/public/index.php(20): Illuminate\\Foundation\\Application->handleRequest()
#54 {main}
"} 
[2026-06-05 19:27:06] production.ERROR: View [privacy-policy] not found. {"exception":"[object] (InvalidArgumentException(code: 0): View [privacy-policy] not found. at /home/angklung/www.angklung-udjo.co.id/vendor/laravel/framework/src/Illuminate/View/FileViewFinder.php:139)
[stacktrace]
#0 /home/angklung/www.angklung-udjo.co.id/vendor/laravel/framework/src/Illuminate/View/FileViewFinder.php(79): Illuminate\\View\\FileViewFinder->findInPaths()
#1 /home/angklung/www.angklung-udjo.co.id/vendor/laravel/framework/src/Illuminate/View/Factory.php(151): Illuminate\\View\\FileViewFinder->find()
#2 /home/angklung/www.angklung-udjo.co.id/vendor/laravel/framework/src/Illuminate/Foundation/helpers.php(1062): Illuminate\\View\\Factory->make()
#3 /home/angklung/www.angklung-udjo.co.id/routes/web.php(122): view()
#4 /home/angklung/www.angklung-udjo.co.id/vendor/laravel/framework/src/Illuminate/Routing/CallableDispatcher.php(40): Illuminate\\Routing\\RouteFileRegistrar->{closure:/home/angklung/www.angklung-udjo.co.id/routes/web.php:122}()
#5 /home/angklung/www.angklung-udjo.co.id/vendor/laravel/framework/src/Illuminate/Routing/Route.php(244): Illuminate\\Routing\\CallableDispatcher->dispatch()
#6 /home/angklung/www.angklung-udjo.co.id/vendor/laravel/framework/src/Illuminate/Routing/Route.php(215): Illuminate\\Routing\\Route->runCallable()
#7 /home/angklung/www.angklung-udjo.co.id/vendor/laravel/framework/src/Illuminate/Routing/Router.php(808): Illuminate\\Routing\\Route->run()
#8 /home/angklung/www.angklung-udjo.co.id/vendor/laravel/framework/src/Illuminate/Pipeline/Pipeline.php(170): Illuminate\\Routing\\Router->{closure:Illuminate\\Routing\\Router::runRouteWithinStack():807}()
#9 /home/angklung/www.angklung-udjo.co.id/app/Http/Middleware/SecurityHeaders.php(11): Illuminate\\Pipeline\\Pipeline->{closure:Illuminate\\Pipeline\\Pipeline::prepareDestination():168}()
#10 /home/angklung/www.angklung-udjo.co.id/vendor/laravel/framework/src/Illuminate/Pipeline/Pipeline.php(209): App\\Http\\Middleware\\SecurityHeaders->handle()
#11 /home/angklung/www.angklung-udjo.co.id/app/Http/Middleware/SetLocale.php(26): Illuminate\\Pipeline\\Pipeline->{closure:{closure:Illuminate\\Pipeline\\Pipeline::carry():184}:185}()
#12 /home/angklung/www.angklung-udjo.co.id/vendor/laravel/framework/src/Illuminate/Pipeline/Pipeline.php(209): App\\Http\\Middleware\\SetLocale->handle()
#13 /home/angklung/www.angklung-udjo.co.id/vendor/laravel/framework/src/Illuminate/Routing/Middleware/SubstituteBindings.php(51): Illuminate\\Pipeline\\Pipeline->{closure:{closure:Illuminate\\Pipeline\\Pipeline::carry():184}:185}()
#14 /home/angklung/www.angklung-udjo.co.id/vendor/laravel/framework/src/Illuminate/Pipeline/Pipeline.php(209): Illuminate\\Routing\\Middleware\\SubstituteBindings->handle()
#15 /home/angklung/www.angklung-udjo.co.id/vendor/laravel/framework/src/Illuminate/Foundation/Http/Middleware/VerifyCsrfToken.php(88): Illuminate\\Pipeline\\Pipeline->{closure:{closure:Illuminate\\Pipeline\\Pipeline::carry():184}:185}()
#16 /home/angklung/www.angklung-udjo.co.id/vendor/laravel/framework/src/Illuminate/Pipeline/Pipeline.php(209): Illuminate\\Foundation\\Http\\Middleware\\VerifyCsrfToken->handle()
#17 /home/angklung/www.angklung-udjo.co.id/vendor/laravel/framework/src/Illuminate/View/Middleware/ShareErrorsFromSession.php(49): Illuminate\\Pipeline\\Pipeline->{closure:{closure:Illuminate\\Pipeline\\Pipeline::carry():184}:185}()
#18 /home/angklung/www.angklung-udjo.co.id/vendor/laravel/framework/src/Illuminate/Pipeline/Pipeline.php(209): Illuminate\\View\\Middleware\\ShareErrorsFromSession->handle()
#19 /home/angklung/www.angklung-udjo.co.id/vendor/laravel/framework/src/Illuminate/Session/Middleware/StartSession.php(121): Illuminate\\Pipeline\\Pipeline->{closure:{closure:Illuminate\\Pipeline\\Pipeline::carry():184}:185}()
#20 /home/angklung/www.angklung-udjo.co.id/vendor/laravel/framework/src/Illuminate/Session/Middleware/StartSession.php(64): Illuminate\\Session\\Middleware\\StartSession->handleStatefulRequest()
#21 /home/angklung/www.angklung-udjo.co.id/vendor/laravel/framework/src/Illuminate/Pipeline/Pipeline.php(209): Illuminate\\Session\\Middleware\\StartSession->handle()
#22 /home/angklung/www.angklung-udjo.co.id/vendor/laravel/framework/src/Illuminate/Cookie/Middleware/AddQueuedCookiesToResponse.php(37): Illuminate\\Pipeline\\Pipeline->{closure:{closure:Illuminate\\Pipeline\\Pipeline::carry():184}:185}()
#23 /home/angklung/www.angklung-udjo.co.id/vendor/laravel/framework/src/Illuminate/Pipeline/Pipeline.php(209): Illuminate\\Cookie\\Middleware\\AddQueuedCookiesToResponse->handle()
#24 /home/angklung/www.angklung-udjo.co.id/vendor/laravel/framework/src/Illuminate/Cookie/Middleware/EncryptCookies.php(75): Illuminate\\Pipeline\\Pipeline->{closure:{closure:Illuminate\\Pipeline\\Pipeline::carry():184}:185}()
#25 /home/angklung/www.angklung-udjo.co.id/vendor/laravel/framework/src/Illuminate/Pipeline/Pipeline.php(209): Illuminate\\Cookie\\Middleware\\EncryptCookies->handle()
#26 /home/angklung/www.angklung-udjo.co.id/vendor/laravel/framework/src/Illuminate/Pipeline/Pipeline.php(127): Illuminate\\Pipeline\\Pipeline->{closure:{closure:Illuminate\\Pipeline\\Pipeline::carry():184}:185}()
#27 /home/angklung/www.angklung-udjo.co.id/vendor/laravel/framework/src/Illuminate/Routing/Router.php(807): Illuminate\\Pipeline\\Pipeline->then()
#28 /home/angklung/www.angklung-udjo.co.id/vendor/laravel/framework/src/Illuminate/Routing/Router.php(786): Illuminate\\Routing\\Router->runRouteWithinStack()
#29 /home/angklung/www.angklung-udjo.co.id/vendor/laravel/framework/src/Illuminate/Routing/Router.php(750): Illuminate\\Routing\\Router->runRoute()
#30 /home/angklung/www.angklung-udjo.co.id/vendor/laravel/framework/src/Illuminate/Routing/Router.php(739): Illuminate\\Routing\\Router->dispatchToRoute()
#31 /home/angklung/www.angklung-udjo.co.id/vendor/laravel/framework/src/Illuminate/Foundation/Http/Kernel.php(201): Illuminate\\Routing\\Router->dispatch()
#32 /home/angklung/www.angklung-udjo.co.id/vendor/laravel/framework/src/Illuminate/Pipeline/Pipeline.php(170): Illuminate\\Foundation\\Http\\Kernel->{closure:Illuminate\\Foundation\\Http\\Kernel::dispatchToRouter():198}()
#33 /home/angklung/www.angklung-udjo.co.id/vendor/laravel/framework/src/Illuminate/Foundation/Http/Middleware/TransformsRequest.php(21): Illuminate\\Pipeline\\Pipeline->{closure:Illuminate\\Pipeline\\Pipeline::prepareDestination():168}()
#34 /home/angklung/www.angklung-udjo.co.id/vendor/laravel/framework/src/Illuminate/Foundation/Http/Middleware/ConvertEmptyStringsToNull.php(31): Illuminate\\Foundation\\Http\\Middleware\\TransformsRequest->handle()
#35 /home/angklung/www.angklung-udjo.co.id/vendor/laravel/framework/src/Illuminate/Pipeline/Pipeline.php(209): Illuminate\\Foundation\\Http\\Middleware\\ConvertEmptyStringsToNull->handle()
#36 /home/angklung/www.angklung-udjo.co.id/vendor/laravel/framework/src/Illuminate/Foundation/Http/Middleware/TransformsRequest.php(21): Illuminate\\Pipeline\\Pipeline->{closure:{closure:Illuminate\\Pipeline\\Pipeline::carry():184}:185}()
#37 /home/angklung/www.angklung-udjo.co.id/vendor/laravel/framework/src/Illuminate/Foundation/Http/Middleware/TrimStrings.php(51): Illuminate\\Foundation\\Http\\Middleware\\TransformsRequest->handle()
#38 /home/angklung/www.angklung-udjo.co.id/vendor/laravel/framework/src/Illuminate/Pipeline/Pipeline.php(209): Illuminate\\Foundation\\Http\\Middleware\\TrimStrings->handle()
#39 /home/angklung/www.angklung-udjo.co.id/vendor/laravel/framework/src/Illuminate/Http/Middleware/ValidatePostSize.php(27): Illuminate\\Pipeline\\Pipeline->{closure:{closure:Illuminate\\Pipeline\\Pipeline::carry():184}:185}()
#40 /home/angklung/www.angklung-udjo.co.id/vendor/laravel/framework/src/Illuminate/Pipeline/Pipeline.php(209): Illuminate\\Http\\Middleware\\ValidatePostSize->handle()
#41 /home/angklung/www.angklung-udjo.co.id/vendor/laravel/framework/src/Illuminate/Foundation/Http/Middleware/PreventRequestsDuringMaintenance.php(110): Illuminate\\Pipeline\\Pipeline->{closure:{closure:Illuminate\\Pipeline\\Pipeline::carry():184}:185}()
#42 /home/angklung/www.angklung-udjo.co.id/vendor/laravel/framework/src/Illuminate/Pipeline/Pipeline.php(209): Illuminate\\Foundation\\Http\\Middleware\\PreventRequestsDuringMaintenance->handle()
#43 /home/angklung/www.angklung-udjo.co.id/vendor/laravel/framework/src/Illuminate/Http/Middleware/HandleCors.php(49): Illuminate\\Pipeline\\Pipeline->{closure:{closure:Illuminate\\Pipeline\\Pipeline::carry():184}:185}()
#44 /home/angklung/www.angklung-udjo.co.id/vendor/laravel/framework/src/Illuminate/Pipeline/Pipeline.php(209): Illuminate\\Http\\Middleware\\HandleCors->handle()
#45 /home/angklung/www.angklung-udjo.co.id/vendor/laravel/framework/src/Illuminate/Http/Middleware/TrustProxies.php(58): Illuminate\\Pipeline\\Pipeline->{closure:{closure:Illuminate\\Pipeline\\Pipeline::carry():184}:185}()
#46 /home/angklung/www.angklung-udjo.co.id/vendor/laravel/framework/src/Illuminate/Pipeline/Pipeline.php(209): Illuminate\\Http\\Middleware\\TrustProxies->handle()
#47 /home/angklung/www.angklung-udjo.co.id/vendor/laravel/framework/src/Illuminate/Foundation/Http/Middleware/InvokeDeferredCallbacks.php(22): Illuminate\\Pipeline\\Pipeline->{closure:{closure:Illuminate\\Pipeline\\Pipeline::carry():184}:185}()
#48 /home/angklung/www.angklung-udjo.co.id/vendor/laravel/framework/src/Illuminate/Pipeline/Pipeline.php(209): Illuminate\\Foundation\\Http\\Middleware\\InvokeDeferredCallbacks->handle()
#49 /home/angklung/www.angklung-udjo.co.id/vendor/laravel/framework/src/Illuminate/Pipeline/Pipeline.php(127): Illuminate\\Pipeline\\Pipeline->{closure:{closure:Illuminate\\Pipeline\\Pipeline::carry():184}:185}()
#50 /home/angklung/www.angklung-udjo.co.id/vendor/laravel/framework/src/Illuminate/Foundation/Http/Kernel.php(176): Illuminate\\Pipeline\\Pipeline->then()
#51 /home/angklung/www.angklung-udjo.co.id/vendor/laravel/framework/src/Illuminate/Foundation/Http/Kernel.php(145): Illuminate\\Foundation\\Http\\Kernel->sendRequestThroughRouter()
#52 /home/angklung/www.angklung-udjo.co.id/vendor/laravel/framework/src/Illuminate/Foundation/Application.php(1220): Illuminate\\Foundation\\Http\\Kernel->handle()
#53 /home/angklung/www.angklung-udjo.co.id/public/index.php(20): Illuminate\\Foundation\\Application->handleRequest()
#54 {main}
"} 
[2026-06-06 01:33:22] production.ERROR: View [shows.show] not found. {"exception":"[object] (InvalidArgumentException(code: 0): View [shows.show] not found. at /home/angklung/www.angklung-udjo.co.id/vendor/laravel/framework/src/Illuminate/View/FileViewFinder.php:139)
[stacktrace]
#0 /home/angklung/www.angklung-udjo.co.id/vendor/laravel/framework/src/Illuminate/View/FileViewFinder.php(79): Illuminate\\View\\FileViewFinder->findInPaths()
#1 /home/angklung/www.angklung-udjo.co.id/vendor/laravel/framework/src/Illuminate/View/Factory.php(151): Illuminate\\View\\FileViewFinder->find()
#2 /home/angklung/www.angklung-udjo.co.id/vendor/laravel/framework/src/Illuminate/Foundation/helpers.php(1062): Illuminate\\View\\Factory->make()
#3 /home/angklung/www.angklung-udjo.co.id/app/Http/Controllers/ShowController.php(22): view()
#4 /home/angklung/www.angklung-udjo.co.id/vendor/laravel/framework/src/Illuminate/Routing/ControllerDispatcher.php(47): App\\Http\\Controllers\\ShowController->show()
#5 /home/angklung/www.angklung-udjo.co.id/vendor/laravel/framework/src/Illuminate/Routing/Route.php(266): Illuminate\\Routing\\ControllerDispatcher->dispatch()
#6 /home/angklung/www.angklung-udjo.co.id/vendor/laravel/framework/src/Illuminate/Routing/Route.php(212): Illuminate\\Routing\\Route->runController()
#7 /home/angklung/www.angklung-udjo.co.id/vendor/laravel/framework/src/Illuminate/Routing/Router.php(808): Illuminate\\Routing\\Route->run()
#8 /home/angklung/www.angklung-udjo.co.id/vendor/laravel/framework/src/Illuminate/Pipeline/Pipeline.php(170): Illuminate\\Routing\\Router->{closure:Illuminate\\Routing\\Router::runRouteWithinStack():807}()
#9 /home/angklung/www.angklung-udjo.co.id/app/Http/Middleware/SecurityHeaders.php(11): Illuminate\\Pipeline\\Pipeline->{closure:Illuminate\\Pipeline\\Pipeline::prepareDestination():168}()
#10 /home/angklung/www.angklung-udjo.co.id/vendor/laravel/framework/src/Illuminate/Pipeline/Pipeline.php(209): App\\Http\\Middleware\\SecurityHeaders->handle()
#11 /home/angklung/www.angklung-udjo.co.id/app/Http/Middleware/SetLocale.php(26): Illuminate\\Pipeline\\Pipeline->{closure:{closure:Illuminate\\Pipeline\\Pipeline::carry():184}:185}()
#12 /home/angklung/www.angklung-udjo.co.id/vendor/laravel/framework/src/Illuminate/Pipeline/Pipeline.php(209): App\\Http\\Middleware\\SetLocale->handle()
#13 /home/angklung/www.angklung-udjo.co.id/vendor/laravel/framework/src/Illuminate/Routing/Middleware/SubstituteBindings.php(51): Illuminate\\Pipeline\\Pipeline->{closure:{closure:Illuminate\\Pipeline\\Pipeline::carry():184}:185}()
#14 /home/angklung/www.angklung-udjo.co.id/vendor/laravel/framework/src/Illuminate/Pipeline/Pipeline.php(209): Illuminate\\Routing\\Middleware\\SubstituteBindings->handle()
#15 /home/angklung/www.angklung-udjo.co.id/vendor/laravel/framework/src/Illuminate/Foundation/Http/Middleware/VerifyCsrfToken.php(88): Illuminate\\Pipeline\\Pipeline->{closure:{closure:Illuminate\\Pipeline\\Pipeline::carry():184}:185}()
#16 /home/angklung/www.angklung-udjo.co.id/vendor/laravel/framework/src/Illuminate/Pipeline/Pipeline.php(209): Illuminate\\Foundation\\Http\\Middleware\\VerifyCsrfToken->handle()
#17 /home/angklung/www.angklung-udjo.co.id/vendor/laravel/framework/src/Illuminate/View/Middleware/ShareErrorsFromSession.php(49): Illuminate\\Pipeline\\Pipeline->{closure:{closure:Illuminate\\Pipeline\\Pipeline::carry():184}:185}()
#18 /home/angklung/www.angklung-udjo.co.id/vendor/laravel/framework/src/Illuminate/Pipeline/Pipeline.php(209): Illuminate\\View\\Middleware\\ShareErrorsFromSession->handle()
#19 /home/angklung/www.angklung-udjo.co.id/vendor/laravel/framework/src/Illuminate/Session/Middleware/StartSession.php(121): Illuminate\\Pipeline\\Pipeline->{closure:{closure:Illuminate\\Pipeline\\Pipeline::carry():184}:185}()
#20 /home/angklung/www.angklung-udjo.co.id/vendor/laravel/framework/src/Illuminate/Session/Middleware/StartSession.php(64): Illuminate\\Session\\Middleware\\StartSession->handleStatefulRequest()
#21 /home/angklung/www.angklung-udjo.co.id/vendor/laravel/framework/src/Illuminate/Pipeline/Pipeline.php(209): Illuminate\\Session\\Middleware\\StartSession->handle()
#22 /home/angklung/www.angklung-udjo.co.id/vendor/laravel/framework/src/Illuminate/Cookie/Middleware/AddQueuedCookiesToResponse.php(37): Illuminate\\Pipeline\\Pipeline->{closure:{closure:Illuminate\\Pipeline\\Pipeline::carry():184}:185}()
#23 /home/angklung/www.angklung-udjo.co.id/vendor/laravel/framework/src/Illuminate/Pipeline/Pipeline.php(209): Illuminate\\Cookie\\Middleware\\AddQueuedCookiesToResponse->handle()
#24 /home/angklung/www.angklung-udjo.co.id/vendor/laravel/framework/src/Illuminate/Cookie/Middleware/EncryptCookies.php(75): Illuminate\\Pipeline\\Pipeline->{closure:{closure:Illuminate\\Pipeline\\Pipeline::carry():184}:185}()
#25 /home/angklung/www.angklung-udjo.co.id/vendor/laravel/framework/src/Illuminate/Pipeline/Pipeline.php(209): Illuminate\\Cookie\\Middleware\\EncryptCookies->handle()
#26 /home/angklung/www.angklung-udjo.co.id/vendor/laravel/framework/src/Illuminate/Pipeline/Pipeline.php(127): Illuminate\\Pipeline\\Pipeline->{closure:{closure:Illuminate\\Pipeline\\Pipeline::carry():184}:185}()
#27 /home/angklung/www.angklung-udjo.co.id/vendor/laravel/framework/src/Illuminate/Routing/Router.php(807): Illuminate\\Pipeline\\Pipeline->then()
#28 /home/angklung/www.angklung-udjo.co.id/vendor/laravel/framework/src/Illuminate/Routing/Router.php(786): Illuminate\\Routing\\Router->runRouteWithinStack()
#29 /home/angklung/www.angklung-udjo.co.id/vendor/laravel/framework/src/Illuminate/Routing/Router.php(750): Illuminate\\Routing\\Router->runRoute()
#30 /home/angklung/www.angklung-udjo.co.id/vendor/laravel/framework/src/Illuminate/Routing/Router.php(739): Illuminate\\Routing\\Router->dispatchToRoute()
#31 /home/angklung/www.angklung-udjo.co.id/vendor/laravel/framework/src/Illuminate/Foundation/Http/Kernel.php(201): Illuminate\\Routing\\Router->dispatch()
#32 /home/angklung/www.angklung-udjo.co.id/vendor/laravel/framework/src/Illuminate/Pipeline/Pipeline.php(170): Illuminate\\Foundation\\Http\\Kernel->{closure:Illuminate\\Foundation\\Http\\Kernel::dispatchToRouter():198}()
#33 /home/angklung/www.angklung-udjo.co.id/vendor/laravel/framework/src/Illuminate/Foundation/Http/Middleware/TransformsRequest.php(21): Illuminate\\Pipeline\\Pipeline->{closure:Illuminate\\Pipeline\\Pipeline::prepareDestination():168}()
#34 /home/angklung/www.angklung-udjo.co.id/vendor/laravel/framework/src/Illuminate/Foundation/Http/Middleware/ConvertEmptyStringsToNull.php(31): Illuminate\\Foundation\\Http\\Middleware\\TransformsRequest->handle()
#35 /home/angklung/www.angklung-udjo.co.id/vendor/laravel/framework/src/Illuminate/Pipeline/Pipeline.php(209): Illuminate\\Foundation\\Http\\Middleware\\ConvertEmptyStringsToNull->handle()
#36 /home/angklung/www.angklung-udjo.co.id/vendor/laravel/framework/src/Illuminate/Foundation/Http/Middleware/TransformsRequest.php(21): Illuminate\\Pipeline\\Pipeline->{closure:{closure:Illuminate\\Pipeline\\Pipeline::carry():184}:185}()
#37 /home/angklung/www.angklung-udjo.co.id/vendor/laravel/framework/src/Illuminate/Foundation/Http/Middleware/TrimStrings.php(51): Illuminate\\Foundation\\Http\\Middleware\\TransformsRequest->handle()
#38 /home/angklung/www.angklung-udjo.co.id/vendor/laravel/framework/src/Illuminate/Pipeline/Pipeline.php(209): Illuminate\\Foundation\\Http\\Middleware\\TrimStrings->handle()
#39 /home/angklung/www.angklung-udjo.co.id/vendor/laravel/framework/src/Illuminate/Http/Middleware/ValidatePostSize.php(27): Illuminate\\Pipeline\\Pipeline->{closure:{closure:Illuminate\\Pipeline\\Pipeline::carry():184}:185}()
#40 /home/angklung/www.angklung-udjo.co.id/vendor/laravel/framework/src/Illuminate/Pipeline/Pipeline.php(209): Illuminate\\Http\\Middleware\\ValidatePostSize->handle()
#41 /home/angklung/www.angklung-udjo.co.id/vendor/laravel/framework/src/Illuminate/Foundation/Http/Middleware/PreventRequestsDuringMaintenance.php(110): Illuminate\\Pipeline\\Pipeline->{closure:{closure:Illuminate\\Pipeline\\Pipeline::carry():184}:185}()
#42 /home/angklung/www.angklung-udjo.co.id/vendor/laravel/framework/src/Illuminate/Pipeline/Pipeline.php(209): Illuminate\\Foundation\\Http\\Middleware\\PreventRequestsDuringMaintenance->handle()
#43 /home/angklung/www.angklung-udjo.co.id/vendor/laravel/framework/src/Illuminate/Http/Middleware/HandleCors.php(49): Illuminate\\Pipeline\\Pipeline->{closure:{closure:Illuminate\\Pipeline\\Pipeline::carry():184}:185}()
#44 /home/angklung/www.angklung-udjo.co.id/vendor/laravel/framework/src/Illuminate/Pipeline/Pipeline.php(209): Illuminate\\Http\\Middleware\\HandleCors->handle()
#45 /home/angklung/www.angklung-udjo.co.id/vendor/laravel/framework/src/Illuminate/Http/Middleware/TrustProxies.php(58): Illuminate\\Pipeline\\Pipeline->{closure:{closure:Illuminate\\Pipeline\\Pipeline::carry():184}:185}()
#46 /home/angklung/www.angklung-udjo.co.id/vendor/laravel/framework/src/Illuminate/Pipeline/Pipeline.php(209): Illuminate\\Http\\Middleware\\TrustProxies->handle()
#47 /home/angklung/www.angklung-udjo.co.id/vendor/laravel/framework/src/Illuminate/Foundation/Http/Middleware/InvokeDeferredCallbacks.php(22): Illuminate\\Pipeline\\Pipeline->{closure:{closure:Illuminate\\Pipeline\\Pipeline::carry():184}:185}()
#48 /home/angklung/www.angklung-udjo.co.id/vendor/laravel/framework/src/Illuminate/Pipeline/Pipeline.php(209): Illuminate\\Foundation\\Http\\Middleware\\InvokeDeferredCallbacks->handle()
#49 /home/angklung/www.angklung-udjo.co.id/vendor/laravel/framework/src/Illuminate/Pipeline/Pipeline.php(127): Illuminate\\Pipeline\\Pipeline->{closure:{closure:Illuminate\\Pipeline\\Pipeline::carry():184}:185}()
#50 /home/angklung/www.angklung-udjo.co.id/vendor/laravel/framework/src/Illuminate/Foundation/Http/Kernel.php(176): Illuminate\\Pipeline\\Pipeline->then()
#51 /home/angklung/www.angklung-udjo.co.id/vendor/laravel/framework/src/Illuminate/Foundation/Http/Kernel.php(145): Illuminate\\Foundation\\Http\\Kernel->sendRequestThroughRouter()
#52 /home/angklung/www.angklung-udjo.co.id/vendor/laravel/framework/src/Illuminate/Foundation/Application.php(1220): Illuminate\\Foundation\\Http\\Kernel->handle()
#53 /home/angklung/www.angklung-udjo.co.id/public/index.php(20): Illuminate\\Foundation\\Application->handleRequest()
#54 {main}
"} 
[2026-06-06 02:24:19] production.ERROR: View [privacy-policy] not found. {"exception":"[object] (InvalidArgumentException(code: 0): View [privacy-policy] not found. at /home/angklung/www.angklung-udjo.co.id/vendor/laravel/framework/src/Illuminate/View/FileViewFinder.php:139)
[stacktrace]
#0 /home/angklung/www.angklung-udjo.co.id/vendor/laravel/framework/src/Illuminate/View/FileViewFinder.php(79): Illuminate\\View\\FileViewFinder->findInPaths()
#1 /home/angklung/www.angklung-udjo.co.id/vendor/laravel/framework/src/Illuminate/View/Factory.php(151): Illuminate\\View\\FileViewFinder->find()
#2 /home/angklung/www.angklung-udjo.co.id/vendor/laravel/framework/src/Illuminate/Foundation/helpers.php(1062): Illuminate\\View\\Factory->make()
#3 /home/angklung/www.angklung-udjo.co.id/routes/web.php(122): view()
#4 /home/angklung/www.angklung-udjo.co.id/vendor/laravel/framework/src/Illuminate/Routing/CallableDispatcher.php(40): Illuminate\\Routing\\RouteFileRegistrar->{closure:/home/angklung/www.angklung-udjo.co.id/routes/web.php:122}()
#5 /home/angklung/www.angklung-udjo.co.id/vendor/laravel/framework/src/Illuminate/Routing/Route.php(244): Illuminate\\Routing\\CallableDispatcher->dispatch()
#6 /home/angklung/www.angklung-udjo.co.id/vendor/laravel/framework/src/Illuminate/Routing/Route.php(215): Illuminate\\Routing\\Route->runCallable()
#7 /home/angklung/www.angklung-udjo.co.id/vendor/laravel/framework/src/Illuminate/Routing/Router.php(808): Illuminate\\Routing\\Route->run()
#8 /home/angklung/www.angklung-udjo.co.id/vendor/laravel/framework/src/Illuminate/Pipeline/Pipeline.php(170): Illuminate\\Routing\\Router->{closure:Illuminate\\Routing\\Router::runRouteWithinStack():807}()
#9 /home/angklung/www.angklung-udjo.co.id/app/Http/Middleware/SecurityHeaders.php(11): Illuminate\\Pipeline\\Pipeline->{closure:Illuminate\\Pipeline\\Pipeline::prepareDestination():168}()
#10 /home/angklung/www.angklung-udjo.co.id/vendor/laravel/framework/src/Illuminate/Pipeline/Pipeline.php(209): App\\Http\\Middleware\\SecurityHeaders->handle()
#11 /home/angklung/www.angklung-udjo.co.id/app/Http/Middleware/SetLocale.php(26): Illuminate\\Pipeline\\Pipeline->{closure:{closure:Illuminate\\Pipeline\\Pipeline::carry():184}:185}()
#12 /home/angklung/www.angklung-udjo.co.id/vendor/laravel/framework/src/Illuminate/Pipeline/Pipeline.php(209): App\\Http\\Middleware\\SetLocale->handle()
#13 /home/angklung/www.angklung-udjo.co.id/vendor/laravel/framework/src/Illuminate/Routing/Middleware/SubstituteBindings.php(51): Illuminate\\Pipeline\\Pipeline->{closure:{closure:Illuminate\\Pipeline\\Pipeline::carry():184}:185}()
#14 /home/angklung/www.angklung-udjo.co.id/vendor/laravel/framework/src/Illuminate/Pipeline/Pipeline.php(209): Illuminate\\Routing\\Middleware\\SubstituteBindings->handle()
#15 /home/angklung/www.angklung-udjo.co.id/vendor/laravel/framework/src/Illuminate/Foundation/Http/Middleware/VerifyCsrfToken.php(88): Illuminate\\Pipeline\\Pipeline->{closure:{closure:Illuminate\\Pipeline\\Pipeline::carry():184}:185}()
#16 /home/angklung/www.angklung-udjo.co.id/vendor/laravel/framework/src/Illuminate/Pipeline/Pipeline.php(209): Illuminate\\Foundation\\Http\\Middleware\\VerifyCsrfToken->handle()
#17 /home/angklung/www.angklung-udjo.co.id/vendor/laravel/framework/src/Illuminate/View/Middleware/ShareErrorsFromSession.php(49): Illuminate\\Pipeline\\Pipeline->{closure:{closure:Illuminate\\Pipeline\\Pipeline::carry():184}:185}()
#18 /home/angklung/www.angklung-udjo.co.id/vendor/laravel/framework/src/Illuminate/Pipeline/Pipeline.php(209): Illuminate\\View\\Middleware\\ShareErrorsFromSession->handle()
#19 /home/angklung/www.angklung-udjo.co.id/vendor/laravel/framework/src/Illuminate/Session/Middleware/StartSession.php(121): Illuminate\\Pipeline\\Pipeline->{closure:{closure:Illuminate\\Pipeline\\Pipeline::carry():184}:185}()
#20 /home/angklung/www.angklung-udjo.co.id/vendor/laravel/framework/src/Illuminate/Session/Middleware/StartSession.php(64): Illuminate\\Session\\Middleware\\StartSession->handleStatefulRequest()
#21 /home/angklung/www.angklung-udjo.co.id/vendor/laravel/framework/src/Illuminate/Pipeline/Pipeline.php(209): Illuminate\\Session\\Middleware\\StartSession->handle()
#22 /home/angklung/www.angklung-udjo.co.id/vendor/laravel/framework/src/Illuminate/Cookie/Middleware/AddQueuedCookiesToResponse.php(37): Illuminate\\Pipeline\\Pipeline->{closure:{closure:Illuminate\\Pipeline\\Pipeline::carry():184}:185}()
#23 /home/angklung/www.angklung-udjo.co.id/vendor/laravel/framework/src/Illuminate/Pipeline/Pipeline.php(209): Illuminate\\Cookie\\Middleware\\AddQueuedCookiesToResponse->handle()
#24 /home/angklung/www.angklung-udjo.co.id/vendor/laravel/framework/src/Illuminate/Cookie/Middleware/EncryptCookies.php(75): Illuminate\\Pipeline\\Pipeline->{closure:{closure:Illuminate\\Pipeline\\Pipeline::carry():184}:185}()
#25 /home/angklung/www.angklung-udjo.co.id/vendor/laravel/framework/src/Illuminate/Pipeline/Pipeline.php(209): Illuminate\\Cookie\\Middleware\\EncryptCookies->handle()
#26 /home/angklung/www.angklung-udjo.co.id/vendor/laravel/framework/src/Illuminate/Pipeline/Pipeline.php(127): Illuminate\\Pipeline\\Pipeline->{closure:{closure:Illuminate\\Pipeline\\Pipeline::carry():184}:185}()
#27 /home/angklung/www.angklung-udjo.co.id/vendor/laravel/framework/src/Illuminate/Routing/Router.php(807): Illuminate\\Pipeline\\Pipeline->then()
#28 /home/angklung/www.angklung-udjo.co.id/vendor/laravel/framework/src/Illuminate/Routing/Router.php(786): Illuminate\\Routing\\Router->runRouteWithinStack()
#29 /home/angklung/www.angklung-udjo.co.id/vendor/laravel/framework/src/Illuminate/Routing/Router.php(750): Illuminate\\Routing\\Router->runRoute()
#30 /home/angklung/www.angklung-udjo.co.id/vendor/laravel/framework/src/Illuminate/Routing/Router.php(739): Illuminate\\Routing\\Router->dispatchToRoute()
#31 /home/angklung/www.angklung-udjo.co.id/vendor/laravel/framework/src/Illuminate/Foundation/Http/Kernel.php(201): Illuminate\\Routing\\Router->dispatch()
#32 /home/angklung/www.angklung-udjo.co.id/vendor/laravel/framework/src/Illuminate/Pipeline/Pipeline.php(170): Illuminate\\Foundation\\Http\\Kernel->{closure:Illuminate\\Foundation\\Http\\Kernel::dispatchToRouter():198}()
#33 /home/angklung/www.angklung-udjo.co.id/vendor/laravel/framework/src/Illuminate/Foundation/Http/Middleware/TransformsRequest.php(21): Illuminate\\Pipeline\\Pipeline->{closure:Illuminate\\Pipeline\\Pipeline::prepareDestination():168}()
#34 /home/angklung/www.angklung-udjo.co.id/vendor/laravel/framework/src/Illuminate/Foundation/Http/Middleware/ConvertEmptyStringsToNull.php(31): Illuminate\\Foundation\\Http\\Middleware\\TransformsRequest->handle()
#35 /home/angklung/www.angklung-udjo.co.id/vendor/laravel/framework/src/Illuminate/Pipeline/Pipeline.php(209): Illuminate\\Foundation\\Http\\Middleware\\ConvertEmptyStringsToNull->handle()
#36 /home/angklung/www.angklung-udjo.co.id/vendor/laravel/framework/src/Illuminate/Foundation/Http/Middleware/TransformsRequest.php(21): Illuminate\\Pipeline\\Pipeline->{closure:{closure:Illuminate\\Pipeline\\Pipeline::carry():184}:185}()
#37 /home/angklung/www.angklung-udjo.co.id/vendor/laravel/framework/src/Illuminate/Foundation/Http/Middleware/TrimStrings.php(51): Illuminate\\Foundation\\Http\\Middleware\\TransformsRequest->handle()
#38 /home/angklung/www.angklung-udjo.co.id/vendor/laravel/framework/src/Illuminate/Pipeline/Pipeline.php(209): Illuminate\\Foundation\\Http\\Middleware\\TrimStrings->handle()
#39 /home/angklung/www.angklung-udjo.co.id/vendor/laravel/framework/src/Illuminate/Http/Middleware/ValidatePostSize.php(27): Illuminate\\Pipeline\\Pipeline->{closure:{closure:Illuminate\\Pipeline\\Pipeline::carry():184}:185}()
#40 /home/angklung/www.angklung-udjo.co.id/vendor/laravel/framework/src/Illuminate/Pipeline/Pipeline.php(209): Illuminate\\Http\\Middleware\\ValidatePostSize->handle()
#41 /home/angklung/www.angklung-udjo.co.id/vendor/laravel/framework/src/Illuminate/Foundation/Http/Middleware/PreventRequestsDuringMaintenance.php(110): Illuminate\\Pipeline\\Pipeline->{closure:{closure:Illuminate\\Pipeline\\Pipeline::carry():184}:185}()
#42 /home/angklung/www.angklung-udjo.co.id/vendor/laravel/framework/src/Illuminate/Pipeline/Pipeline.php(209): Illuminate\\Foundation\\Http\\Middleware\\PreventRequestsDuringMaintenance->handle()
#43 /home/angklung/www.angklung-udjo.co.id/vendor/laravel/framework/src/Illuminate/Http/Middleware/HandleCors.php(49): Illuminate\\Pipeline\\Pipeline->{closure:{closure:Illuminate\\Pipeline\\Pipeline::carry():184}:185}()
#44 /home/angklung/www.angklung-udjo.co.id/vendor/laravel/framework/src/Illuminate/Pipeline/Pipeline.php(209): Illuminate\\Http\\Middleware\\HandleCors->handle()
#45 /home/angklung/www.angklung-udjo.co.id/vendor/laravel/framework/src/Illuminate/Http/Middleware/TrustProxies.php(58): Illuminate\\Pipeline\\Pipeline->{closure:{closure:Illuminate\\Pipeline\\Pipeline::carry():184}:185}()
#46 /home/angklung/www.angklung-udjo.co.id/vendor/laravel/framework/src/Illuminate/Pipeline/Pipeline.php(209): Illuminate\\Http\\Middleware\\TrustProxies->handle()
#47 /home/angklung/www.angklung-udjo.co.id/vendor/laravel/framework/src/Illuminate/Foundation/Http/Middleware/InvokeDeferredCallbacks.php(22): Illuminate\\Pipeline\\Pipeline->{closure:{closure:Illuminate\\Pipeline\\Pipeline::carry():184}:185}()
#48 /home/angklung/www.angklung-udjo.co.id/vendor/laravel/framework/src/Illuminate/Pipeline/Pipeline.php(209): Illuminate\\Foundation\\Http\\Middleware\\InvokeDeferredCallbacks->handle()
#49 /home/angklung/www.angklung-udjo.co.id/vendor/laravel/framework/src/Illuminate/Pipeline/Pipeline.php(127): Illuminate\\Pipeline\\Pipeline->{closure:{closure:Illuminate\\Pipeline\\Pipeline::carry():184}:185}()
#50 /home/angklung/www.angklung-udjo.co.id/vendor/laravel/framework/src/Illuminate/Foundation/Http/Kernel.php(176): Illuminate\\Pipeline\\Pipeline->then()
#51 /home/angklung/www.angklung-udjo.co.id/vendor/laravel/framework/src/Illuminate/Foundation/Http/Kernel.php(145): Illuminate\\Foundation\\Http\\Kernel->sendRequestThroughRouter()
#52 /home/angklung/www.angklung-udjo.co.id/vendor/laravel/framework/src/Illuminate/Foundation/Application.php(1220): Illuminate\\Foundation\\Http\\Kernel->handle()
#53 /home/angklung/www.angklung-udjo.co.id/public/index.php(20): Illuminate\\Foundation\\Application->handleRequest()
#54 {main}
"} 
[2026-06-06 02:24:36] production.ERROR: View [privacy-policy] not found. {"exception":"[object] (InvalidArgumentException(code: 0): View [privacy-policy] not found. at /home/angklung/www.angklung-udjo.co.id/vendor/laravel/framework/src/Illuminate/View/FileViewFinder.php:139)
[stacktrace]
#0 /home/angklung/www.angklung-udjo.co.id/vendor/laravel/framework/src/Illuminate/View/FileViewFinder.php(79): Illuminate\\View\\FileViewFinder->findInPaths()
#1 /home/angklung/www.angklung-udjo.co.id/vendor/laravel/framework/src/Illuminate/View/Factory.php(151): Illuminate\\View\\FileViewFinder->find()
#2 /home/angklung/www.angklung-udjo.co.id/vendor/laravel/framework/src/Illuminate/Foundation/helpers.php(1062): Illuminate\\View\\Factory->make()
#3 /home/angklung/www.angklung-udjo.co.id/routes/web.php(122): view()
#4 /home/angklung/www.angklung-udjo.co.id/vendor/laravel/framework/src/Illuminate/Routing/CallableDispatcher.php(40): Illuminate\\Routing\\RouteFileRegistrar->{closure:/home/angklung/www.angklung-udjo.co.id/routes/web.php:122}()
#5 /home/angklung/www.angklung-udjo.co.id/vendor/laravel/framework/src/Illuminate/Routing/Route.php(244): Illuminate\\Routing\\CallableDispatcher->dispatch()
#6 /home/angklung/www.angklung-udjo.co.id/vendor/laravel/framework/src/Illuminate/Routing/Route.php(215): Illuminate\\Routing\\Route->runCallable()
#7 /home/angklung/www.angklung-udjo.co.id/vendor/laravel/framework/src/Illuminate/Routing/Router.php(808): Illuminate\\Routing\\Route->run()
#8 /home/angklung/www.angklung-udjo.co.id/vendor/laravel/framework/src/Illuminate/Pipeline/Pipeline.php(170): Illuminate\\Routing\\Router->{closure:Illuminate\\Routing\\Router::runRouteWithinStack():807}()
#9 /home/angklung/www.angklung-udjo.co.id/app/Http/Middleware/SecurityHeaders.php(11): Illuminate\\Pipeline\\Pipeline->{closure:Illuminate\\Pipeline\\Pipeline::prepareDestination():168}()
#10 /home/angklung/www.angklung-udjo.co.id/vendor/laravel/framework/src/Illuminate/Pipeline/Pipeline.php(209): App\\Http\\Middleware\\SecurityHeaders->handle()
#11 /home/angklung/www.angklung-udjo.co.id/app/Http/Middleware/SetLocale.php(26): Illuminate\\Pipeline\\Pipeline->{closure:{closure:Illuminate\\Pipeline\\Pipeline::carry():184}:185}()
#12 /home/angklung/www.angklung-udjo.co.id/vendor/laravel/framework/src/Illuminate/Pipeline/Pipeline.php(209): App\\Http\\Middleware\\SetLocale->handle()
#13 /home/angklung/www.angklung-udjo.co.id/vendor/laravel/framework/src/Illuminate/Routing/Middleware/SubstituteBindings.php(51): Illuminate\\Pipeline\\Pipeline->{closure:{closure:Illuminate\\Pipeline\\Pipeline::carry():184}:185}()
#14 /home/angklung/www.angklung-udjo.co.id/vendor/laravel/framework/src/Illuminate/Pipeline/Pipeline.php(209): Illuminate\\Routing\\Middleware\\SubstituteBindings->handle()
#15 /home/angklung/www.angklung-udjo.co.id/vendor/laravel/framework/src/Illuminate/Foundation/Http/Middleware/VerifyCsrfToken.php(88): Illuminate\\Pipeline\\Pipeline->{closure:{closure:Illuminate\\Pipeline\\Pipeline::carry():184}:185}()
#16 /home/angklung/www.angklung-udjo.co.id/vendor/laravel/framework/src/Illuminate/Pipeline/Pipeline.php(209): Illuminate\\Foundation\\Http\\Middleware\\VerifyCsrfToken->handle()
#17 /home/angklung/www.angklung-udjo.co.id/vendor/laravel/framework/src/Illuminate/View/Middleware/ShareErrorsFromSession.php(49): Illuminate\\Pipeline\\Pipeline->{closure:{closure:Illuminate\\Pipeline\\Pipeline::carry():184}:185}()
#18 /home/angklung/www.angklung-udjo.co.id/vendor/laravel/framework/src/Illuminate/Pipeline/Pipeline.php(209): Illuminate\\View\\Middleware\\ShareErrorsFromSession->handle()
#19 /home/angklung/www.angklung-udjo.co.id/vendor/laravel/framework/src/Illuminate/Session/Middleware/StartSession.php(121): Illuminate\\Pipeline\\Pipeline->{closure:{closure:Illuminate\\Pipeline\\Pipeline::carry():184}:185}()
#20 /home/angklung/www.angklung-udjo.co.id/vendor/laravel/framework/src/Illuminate/Session/Middleware/StartSession.php(64): Illuminate\\Session\\Middleware\\StartSession->handleStatefulRequest()
#21 /home/angklung/www.angklung-udjo.co.id/vendor/laravel/framework/src/Illuminate/Pipeline/Pipeline.php(209): Illuminate\\Session\\Middleware\\StartSession->handle()
#22 /home/angklung/www.angklung-udjo.co.id/vendor/laravel/framework/src/Illuminate/Cookie/Middleware/AddQueuedCookiesToResponse.php(37): Illuminate\\Pipeline\\Pipeline->{closure:{closure:Illuminate\\Pipeline\\Pipeline::carry():184}:185}()
#23 /home/angklung/www.angklung-udjo.co.id/vendor/laravel/framework/src/Illuminate/Pipeline/Pipeline.php(209): Illuminate\\Cookie\\Middleware\\AddQueuedCookiesToResponse->handle()
#24 /home/angklung/www.angklung-udjo.co.id/vendor/laravel/framework/src/Illuminate/Cookie/Middleware/EncryptCookies.php(75): Illuminate\\Pipeline\\Pipeline->{closure:{closure:Illuminate\\Pipeline\\Pipeline::carry():184}:185}()
#25 /home/angklung/www.angklung-udjo.co.id/vendor/laravel/framework/src/Illuminate/Pipeline/Pipeline.php(209): Illuminate\\Cookie\\Middleware\\EncryptCookies->handle()
#26 /home/angklung/www.angklung-udjo.co.id/vendor/laravel/framework/src/Illuminate/Pipeline/Pipeline.php(127): Illuminate\\Pipeline\\Pipeline->{closure:{closure:Illuminate\\Pipeline\\Pipeline::carry():184}:185}()
#27 /home/angklung/www.angklung-udjo.co.id/vendor/laravel/framework/src/Illuminate/Routing/Router.php(807): Illuminate\\Pipeline\\Pipeline->then()
#28 /home/angklung/www.angklung-udjo.co.id/vendor/laravel/framework/src/Illuminate/Routing/Router.php(786): Illuminate\\Routing\\Router->runRouteWithinStack()
#29 /home/angklung/www.angklung-udjo.co.id/vendor/laravel/framework/src/Illuminate/Routing/Router.php(750): Illuminate\\Routing\\Router->runRoute()
#30 /home/angklung/www.angklung-udjo.co.id/vendor/laravel/framework/src/Illuminate/Routing/Router.php(739): Illuminate\\Routing\\Router->dispatchToRoute()
#31 /home/angklung/www.angklung-udjo.co.id/vendor/laravel/framework/src/Illuminate/Foundation/Http/Kernel.php(201): Illuminate\\Routing\\Router->dispatch()
#32 /home/angklung/www.angklung-udjo.co.id/vendor/laravel/framework/src/Illuminate/Pipeline/Pipeline.php(170): Illuminate\\Foundation\\Http\\Kernel->{closure:Illuminate\\Foundation\\Http\\Kernel::dispatchToRouter():198}()
#33 /home/angklung/www.angklung-udjo.co.id/vendor/laravel/framework/src/Illuminate/Foundation/Http/Middleware/TransformsRequest.php(21): Illuminate\\Pipeline\\Pipeline->{closure:Illuminate\\Pipeline\\Pipeline::prepareDestination():168}()
#34 /home/angklung/www.angklung-udjo.co.id/vendor/laravel/framework/src/Illuminate/Foundation/Http/Middleware/ConvertEmptyStringsToNull.php(31): Illuminate\\Foundation\\Http\\Middleware\\TransformsRequest->handle()
#35 /home/angklung/www.angklung-udjo.co.id/vendor/laravel/framework/src/Illuminate/Pipeline/Pipeline.php(209): Illuminate\\Foundation\\Http\\Middleware\\ConvertEmptyStringsToNull->handle()
#36 /home/angklung/www.angklung-udjo.co.id/vendor/laravel/framework/src/Illuminate/Foundation/Http/Middleware/TransformsRequest.php(21): Illuminate\\Pipeline\\Pipeline->{closure:{closure:Illuminate\\Pipeline\\Pipeline::carry():184}:185}()
#37 /home/angklung/www.angklung-udjo.co.id/vendor/laravel/framework/src/Illuminate/Foundation/Http/Middleware/TrimStrings.php(51): Illuminate\\Foundation\\Http\\Middleware\\TransformsRequest->handle()
#38 /home/angklung/www.angklung-udjo.co.id/vendor/laravel/framework/src/Illuminate/Pipeline/Pipeline.php(209): Illuminate\\Foundation\\Http\\Middleware\\TrimStrings->handle()
#39 /home/angklung/www.angklung-udjo.co.id/vendor/laravel/framework/src/Illuminate/Http/Middleware/ValidatePostSize.php(27): Illuminate\\Pipeline\\Pipeline->{closure:{closure:Illuminate\\Pipeline\\Pipeline::carry():184}:185}()
#40 /home/angklung/www.angklung-udjo.co.id/vendor/laravel/framework/src/Illuminate/Pipeline/Pipeline.php(209): Illuminate\\Http\\Middleware\\ValidatePostSize->handle()
#41 /home/angklung/www.angklung-udjo.co.id/vendor/laravel/framework/src/Illuminate/Foundation/Http/Middleware/PreventRequestsDuringMaintenance.php(110): Illuminate\\Pipeline\\Pipeline->{closure:{closure:Illuminate\\Pipeline\\Pipeline::carry():184}:185}()
#42 /home/angklung/www.angklung-udjo.co.id/vendor/laravel/framework/src/Illuminate/Pipeline/Pipeline.php(209): Illuminate\\Foundation\\Http\\Middleware\\PreventRequestsDuringMaintenance->handle()
#43 /home/angklung/www.angklung-udjo.co.id/vendor/laravel/framework/src/Illuminate/Http/Middleware/HandleCors.php(49): Illuminate\\Pipeline\\Pipeline->{closure:{closure:Illuminate\\Pipeline\\Pipeline::carry():184}:185}()
#44 /home/angklung/www.angklung-udjo.co.id/vendor/laravel/framework/src/Illuminate/Pipeline/Pipeline.php(209): Illuminate\\Http\\Middleware\\HandleCors->handle()
#45 /home/angklung/www.angklung-udjo.co.id/vendor/laravel/framework/src/Illuminate/Http/Middleware/TrustProxies.php(58): Illuminate\\Pipeline\\Pipeline->{closure:{closure:Illuminate\\Pipeline\\Pipeline::carry():184}:185}()
#46 /home/angklung/www.angklung-udjo.co.id/vendor/laravel/framework/src/Illuminate/Pipeline/Pipeline.php(209): Illuminate\\Http\\Middleware\\TrustProxies->handle()
#47 /home/angklung/www.angklung-udjo.co.id/vendor/laravel/framework/src/Illuminate/Foundation/Http/Middleware/InvokeDeferredCallbacks.php(22): Illuminate\\Pipeline\\Pipeline->{closure:{closure:Illuminate\\Pipeline\\Pipeline::carry():184}:185}()
#48 /home/angklung/www.angklung-udjo.co.id/vendor/laravel/framework/src/Illuminate/Pipeline/Pipeline.php(209): Illuminate\\Foundation\\Http\\Middleware\\InvokeDeferredCallbacks->handle()
#49 /home/angklung/www.angklung-udjo.co.id/vendor/laravel/framework/src/Illuminate/Pipeline/Pipeline.php(127): Illuminate\\Pipeline\\Pipeline->{closure:{closure:Illuminate\\Pipeline\\Pipeline::carry():184}:185}()
#50 /home/angklung/www.angklung-udjo.co.id/vendor/laravel/framework/src/Illuminate/Foundation/Http/Kernel.php(176): Illuminate\\Pipeline\\Pipeline->then()
#51 /home/angklung/www.angklung-udjo.co.id/vendor/laravel/framework/src/Illuminate/Foundation/Http/Kernel.php(145): Illuminate\\Foundation\\Http\\Kernel->sendRequestThroughRouter()
#52 /home/angklung/www.angklung-udjo.co.id/vendor/laravel/framework/src/Illuminate/Foundation/Application.php(1220): Illuminate\\Foundation\\Http\\Kernel->handle()
#53 /home/angklung/www.angklung-udjo.co.id/public/index.php(20): Illuminate\\Foundation\\Application->handleRequest()
#54 {main}
"} 
[2026-06-06 02:28:20] production.ERROR: View [privacy-policy] not found. {"exception":"[object] (InvalidArgumentException(code: 0): View [privacy-policy] not found. at /home/angklung/www.angklung-udjo.co.id/vendor/laravel/framework/src/Illuminate/View/FileViewFinder.php:139)
[stacktrace]
#0 /home/angklung/www.angklung-udjo.co.id/vendor/laravel/framework/src/Illuminate/View/FileViewFinder.php(79): Illuminate\\View\\FileViewFinder->findInPaths()
#1 /home/angklung/www.angklung-udjo.co.id/vendor/laravel/framework/src/Illuminate/View/Factory.php(151): Illuminate\\View\\FileViewFinder->find()
#2 /home/angklung/www.angklung-udjo.co.id/vendor/laravel/framework/src/Illuminate/Foundation/helpers.php(1062): Illuminate\\View\\Factory->make()
#3 /home/angklung/www.angklung-udjo.co.id/routes/web.php(122): view()
#4 /home/angklung/www.angklung-udjo.co.id/vendor/laravel/framework/src/Illuminate/Routing/CallableDispatcher.php(40): Illuminate\\Routing\\RouteFileRegistrar->{closure:/home/angklung/www.angklung-udjo.co.id/routes/web.php:122}()
#5 /home/angklung/www.angklung-udjo.co.id/vendor/laravel/framework/src/Illuminate/Routing/Route.php(244): Illuminate\\Routing\\CallableDispatcher->dispatch()
#6 /home/angklung/www.angklung-udjo.co.id/vendor/laravel/framework/src/Illuminate/Routing/Route.php(215): Illuminate\\Routing\\Route->runCallable()
#7 /home/angklung/www.angklung-udjo.co.id/vendor/laravel/framework/src/Illuminate/Routing/Router.php(808): Illuminate\\Routing\\Route->run()
#8 /home/angklung/www.angklung-udjo.co.id/vendor/laravel/framework/src/Illuminate/Pipeline/Pipeline.php(170): Illuminate\\Routing\\Router->{closure:Illuminate\\Routing\\Router::runRouteWithinStack():807}()
#9 /home/angklung/www.angklung-udjo.co.id/app/Http/Middleware/SecurityHeaders.php(11): Illuminate\\Pipeline\\Pipeline->{closure:Illuminate\\Pipeline\\Pipeline::prepareDestination():168}()
#10 /home/angklung/www.angklung-udjo.co.id/vendor/laravel/framework/src/Illuminate/Pipeline/Pipeline.php(209): App\\Http\\Middleware\\SecurityHeaders->handle()
#11 /home/angklung/www.angklung-udjo.co.id/app/Http/Middleware/SetLocale.php(26): Illuminate\\Pipeline\\Pipeline->{closure:{closure:Illuminate\\Pipeline\\Pipeline::carry():184}:185}()
#12 /home/angklung/www.angklung-udjo.co.id/vendor/laravel/framework/src/Illuminate/Pipeline/Pipeline.php(209): App\\Http\\Middleware\\SetLocale->handle()
#13 /home/angklung/www.angklung-udjo.co.id/vendor/laravel/framework/src/Illuminate/Routing/Middleware/SubstituteBindings.php(51): Illuminate\\Pipeline\\Pipeline->{closure:{closure:Illuminate\\Pipeline\\Pipeline::carry():184}:185}()
#14 /home/angklung/www.angklung-udjo.co.id/vendor/laravel/framework/src/Illuminate/Pipeline/Pipeline.php(209): Illuminate\\Routing\\Middleware\\SubstituteBindings->handle()
#15 /home/angklung/www.angklung-udjo.co.id/vendor/laravel/framework/src/Illuminate/Foundation/Http/Middleware/VerifyCsrfToken.php(88): Illuminate\\Pipeline\\Pipeline->{closure:{closure:Illuminate\\Pipeline\\Pipeline::carry():184}:185}()
#16 /home/angklung/www.angklung-udjo.co.id/vendor/laravel/framework/src/Illuminate/Pipeline/Pipeline.php(209): Illuminate\\Foundation\\Http\\Middleware\\VerifyCsrfToken->handle()
#17 /home/angklung/www.angklung-udjo.co.id/vendor/laravel/framework/src/Illuminate/View/Middleware/ShareErrorsFromSession.php(49): Illuminate\\Pipeline\\Pipeline->{closure:{closure:Illuminate\\Pipeline\\Pipeline::carry():184}:185}()
#18 /home/angklung/www.angklung-udjo.co.id/vendor/laravel/framework/src/Illuminate/Pipeline/Pipeline.php(209): Illuminate\\View\\Middleware\\ShareErrorsFromSession->handle()
#19 /home/angklung/www.angklung-udjo.co.id/vendor/laravel/framework/src/Illuminate/Session/Middleware/StartSession.php(121): Illuminate\\Pipeline\\Pipeline->{closure:{closure:Illuminate\\Pipeline\\Pipeline::carry():184}:185}()
#20 /home/angklung/www.angklung-udjo.co.id/vendor/laravel/framework/src/Illuminate/Session/Middleware/StartSession.php(64): Illuminate\\Session\\Middleware\\StartSession->handleStatefulRequest()
#21 /home/angklung/www.angklung-udjo.co.id/vendor/laravel/framework/src/Illuminate/Pipeline/Pipeline.php(209): Illuminate\\Session\\Middleware\\StartSession->handle()
#22 /home/angklung/www.angklung-udjo.co.id/vendor/laravel/framework/src/Illuminate/Cookie/Middleware/AddQueuedCookiesToResponse.php(37): Illuminate\\Pipeline\\Pipeline->{closure:{closure:Illuminate\\Pipeline\\Pipeline::carry():184}:185}()
#23 /home/angklung/www.angklung-udjo.co.id/vendor/laravel/framework/src/Illuminate/Pipeline/Pipeline.php(209): Illuminate\\Cookie\\Middleware\\AddQueuedCookiesToResponse->handle()
#24 /home/angklung/www.angklung-udjo.co.id/vendor/laravel/framework/src/Illuminate/Cookie/Middleware/EncryptCookies.php(75): Illuminate\\Pipeline\\Pipeline->{closure:{closure:Illuminate\\Pipeline\\Pipeline::carry():184}:185}()
#25 /home/angklung/www.angklung-udjo.co.id/vendor/laravel/framework/src/Illuminate/Pipeline/Pipeline.php(209): Illuminate\\Cookie\\Middleware\\EncryptCookies->handle()
#26 /home/angklung/www.angklung-udjo.co.id/vendor/laravel/framework/src/Illuminate/Pipeline/Pipeline.php(127): Illuminate\\Pipeline\\Pipeline->{closure:{closure:Illuminate\\Pipeline\\Pipeline::carry():184}:185}()
#27 /home/angklung/www.angklung-udjo.co.id/vendor/laravel/framework/src/Illuminate/Routing/Router.php(807): Illuminate\\Pipeline\\Pipeline->then()
#28 /home/angklung/www.angklung-udjo.co.id/vendor/laravel/framework/src/Illuminate/Routing/Router.php(786): Illuminate\\Routing\\Router->runRouteWithinStack()
#29 /home/angklung/www.angklung-udjo.co.id/vendor/laravel/framework/src/Illuminate/Routing/Router.php(750): Illuminate\\Routing\\Router->runRoute()
#30 /home/angklung/www.angklung-udjo.co.id/vendor/laravel/framework/src/Illuminate/Routing/Router.php(739): Illuminate\\Routing\\Router->dispatchToRoute()
#31 /home/angklung/www.angklung-udjo.co.id/vendor/laravel/framework/src/Illuminate/Foundation/Http/Kernel.php(201): Illuminate\\Routing\\Router->dispatch()
#32 /home/angklung/www.angklung-udjo.co.id/vendor/laravel/framework/src/Illuminate/Pipeline/Pipeline.php(170): Illuminate\\Foundation\\Http\\Kernel->{closure:Illuminate\\Foundation\\Http\\Kernel::dispatchToRouter():198}()
#33 /home/angklung/www.angklung-udjo.co.id/vendor/laravel/framework/src/Illuminate/Foundation/Http/Middleware/TransformsRequest.php(21): Illuminate\\Pipeline\\Pipeline->{closure:Illuminate\\Pipeline\\Pipeline::prepareDestination():168}()
#34 /home/angklung/www.angklung-udjo.co.id/vendor/laravel/framework/src/Illuminate/Foundation/Http/Middleware/ConvertEmptyStringsToNull.php(31): Illuminate\\Foundation\\Http\\Middleware\\TransformsRequest->handle()
#35 /home/angklung/www.angklung-udjo.co.id/vendor/laravel/framework/src/Illuminate/Pipeline/Pipeline.php(209): Illuminate\\Foundation\\Http\\Middleware\\ConvertEmptyStringsToNull->handle()
#36 /home/angklung/www.angklung-udjo.co.id/vendor/laravel/framework/src/Illuminate/Foundation/Http/Middleware/TransformsRequest.php(21): Illuminate\\Pipeline\\Pipeline->{closure:{closure:Illuminate\\Pipeline\\Pipeline::carry():184}:185}()
#37 /home/angklung/www.angklung-udjo.co.id/vendor/laravel/framework/src/Illuminate/Foundation/Http/Middleware/TrimStrings.php(51): Illuminate\\Foundation\\Http\\Middleware\\TransformsRequest->handle()
#38 /home/angklung/www.angklung-udjo.co.id/vendor/laravel/framework/src/Illuminate/Pipeline/Pipeline.php(209): Illuminate\\Foundation\\Http\\Middleware\\TrimStrings->handle()
#39 /home/angklung/www.angklung-udjo.co.id/vendor/laravel/framework/src/Illuminate/Http/Middleware/ValidatePostSize.php(27): Illuminate\\Pipeline\\Pipeline->{closure:{closure:Illuminate\\Pipeline\\Pipeline::carry():184}:185}()
#40 /home/angklung/www.angklung-udjo.co.id/vendor/laravel/framework/src/Illuminate/Pipeline/Pipeline.php(209): Illuminate\\Http\\Middleware\\ValidatePostSize->handle()
#41 /home/angklung/www.angklung-udjo.co.id/vendor/laravel/framework/src/Illuminate/Foundation/Http/Middleware/PreventRequestsDuringMaintenance.php(110): Illuminate\\Pipeline\\Pipeline->{closure:{closure:Illuminate\\Pipeline\\Pipeline::carry():184}:185}()
#42 /home/angklung/www.angklung-udjo.co.id/vendor/laravel/framework/src/Illuminate/Pipeline/Pipeline.php(209): Illuminate\\Foundation\\Http\\Middleware\\PreventRequestsDuringMaintenance->handle()
#43 /home/angklung/www.angklung-udjo.co.id/vendor/laravel/framework/src/Illuminate/Http/Middleware/HandleCors.php(49): Illuminate\\Pipeline\\Pipeline->{closure:{closure:Illuminate\\Pipeline\\Pipeline::carry():184}:185}()
#44 /home/angklung/www.angklung-udjo.co.id/vendor/laravel/framework/src/Illuminate/Pipeline/Pipeline.php(209): Illuminate\\Http\\Middleware\\HandleCors->handle()
#45 /home/angklung/www.angklung-udjo.co.id/vendor/laravel/framework/src/Illuminate/Http/Middleware/TrustProxies.php(58): Illuminate\\Pipeline\\Pipeline->{closure:{closure:Illuminate\\Pipeline\\Pipeline::carry():184}:185}()
#46 /home/angklung/www.angklung-udjo.co.id/vendor/laravel/framework/src/Illuminate/Pipeline/Pipeline.php(209): Illuminate\\Http\\Middleware\\TrustProxies->handle()
#47 /home/angklung/www.angklung-udjo.co.id/vendor/laravel/framework/src/Illuminate/Foundation/Http/Middleware/InvokeDeferredCallbacks.php(22): Illuminate\\Pipeline\\Pipeline->{closure:{closure:Illuminate\\Pipeline\\Pipeline::carry():184}:185}()
#48 /home/angklung/www.angklung-udjo.co.id/vendor/laravel/framework/src/Illuminate/Pipeline/Pipeline.php(209): Illuminate\\Foundation\\Http\\Middleware\\InvokeDeferredCallbacks->handle()
#49 /home/angklung/www.angklung-udjo.co.id/vendor/laravel/framework/src/Illuminate/Pipeline/Pipeline.php(127): Illuminate\\Pipeline\\Pipeline->{closure:{closure:Illuminate\\Pipeline\\Pipeline::carry():184}:185}()
#50 /home/angklung/www.angklung-udjo.co.id/vendor/laravel/framework/src/Illuminate/Foundation/Http/Kernel.php(176): Illuminate\\Pipeline\\Pipeline->then()
#51 /home/angklung/www.angklung-udjo.co.id/vendor/laravel/framework/src/Illuminate/Foundation/Http/Kernel.php(145): Illuminate\\Foundation\\Http\\Kernel->sendRequestThroughRouter()
#52 /home/angklung/www.angklung-udjo.co.id/vendor/laravel/framework/src/Illuminate/Foundation/Application.php(1220): Illuminate\\Foundation\\Http\\Kernel->handle()
#53 /home/angklung/www.angklung-udjo.co.id/public/index.php(20): Illuminate\\Foundation\\Application->handleRequest()
#54 {main}
"} 
[2026-06-06 02:43:06] production.ERROR: View [privacy-policy] not found. {"exception":"[object] (InvalidArgumentException(code: 0): View [privacy-policy] not found. at /home/angklung/www.angklung-udjo.co.id/vendor/laravel/framework/src/Illuminate/View/FileViewFinder.php:139)
[stacktrace]
#0 /home/angklung/www.angklung-udjo.co.id/vendor/laravel/framework/src/Illuminate/View/FileViewFinder.php(79): Illuminate\\View\\FileViewFinder->findInPaths()
#1 /home/angklung/www.angklung-udjo.co.id/vendor/laravel/framework/src/Illuminate/View/Factory.php(151): Illuminate\\View\\FileViewFinder->find()
#2 /home/angklung/www.angklung-udjo.co.id/vendor/laravel/framework/src/Illuminate/Foundation/helpers.php(1062): Illuminate\\View\\Factory->make()
#3 /home/angklung/www.angklung-udjo.co.id/routes/web.php(122): view()
#4 /home/angklung/www.angklung-udjo.co.id/vendor/laravel/framework/src/Illuminate/Routing/CallableDispatcher.php(40): Illuminate\\Routing\\RouteFileRegistrar->{closure:/home/angklung/www.angklung-udjo.co.id/routes/web.php:122}()
#5 /home/angklung/www.angklung-udjo.co.id/vendor/laravel/framework/src/Illuminate/Routing/Route.php(244): Illuminate\\Routing\\CallableDispatcher->dispatch()
#6 /home/angklung/www.angklung-udjo.co.id/vendor/laravel/framework/src/Illuminate/Routing/Route.php(215): Illuminate\\Routing\\Route->runCallable()
#7 /home/angklung/www.angklung-udjo.co.id/vendor/laravel/framework/src/Illuminate/Routing/Router.php(808): Illuminate\\Routing\\Route->run()
#8 /home/angklung/www.angklung-udjo.co.id/vendor/laravel/framework/src/Illuminate/Pipeline/Pipeline.php(170): Illuminate\\Routing\\Router->{closure:Illuminate\\Routing\\Router::runRouteWithinStack():807}()
#9 /home/angklung/www.angklung-udjo.co.id/app/Http/Middleware/SecurityHeaders.php(11): Illuminate\\Pipeline\\Pipeline->{closure:Illuminate\\Pipeline\\Pipeline::prepareDestination():168}()
#10 /home/angklung/www.angklung-udjo.co.id/vendor/laravel/framework/src/Illuminate/Pipeline/Pipeline.php(209): App\\Http\\Middleware\\SecurityHeaders->handle()
#11 /home/angklung/www.angklung-udjo.co.id/app/Http/Middleware/SetLocale.php(26): Illuminate\\Pipeline\\Pipeline->{closure:{closure:Illuminate\\Pipeline\\Pipeline::carry():184}:185}()
#12 /home/angklung/www.angklung-udjo.co.id/vendor/laravel/framework/src/Illuminate/Pipeline/Pipeline.php(209): App\\Http\\Middleware\\SetLocale->handle()
#13 /home/angklung/www.angklung-udjo.co.id/vendor/laravel/framework/src/Illuminate/Routing/Middleware/SubstituteBindings.php(51): Illuminate\\Pipeline\\Pipeline->{closure:{closure:Illuminate\\Pipeline\\Pipeline::carry():184}:185}()
#14 /home/angklung/www.angklung-udjo.co.id/vendor/laravel/framework/src/Illuminate/Pipeline/Pipeline.php(209): Illuminate\\Routing\\Middleware\\SubstituteBindings->handle()
#15 /home/angklung/www.angklung-udjo.co.id/vendor/laravel/framework/src/Illuminate/Foundation/Http/Middleware/VerifyCsrfToken.php(88): Illuminate\\Pipeline\\Pipeline->{closure:{closure:Illuminate\\Pipeline\\Pipeline::carry():184}:185}()
#16 /home/angklung/www.angklung-udjo.co.id/vendor/laravel/framework/src/Illuminate/Pipeline/Pipeline.php(209): Illuminate\\Foundation\\Http\\Middleware\\VerifyCsrfToken->handle()
#17 /home/angklung/www.angklung-udjo.co.id/vendor/laravel/framework/src/Illuminate/View/Middleware/ShareErrorsFromSession.php(49): Illuminate\\Pipeline\\Pipeline->{closure:{closure:Illuminate\\Pipeline\\Pipeline::carry():184}:185}()
#18 /home/angklung/www.angklung-udjo.co.id/vendor/laravel/framework/src/Illuminate/Pipeline/Pipeline.php(209): Illuminate\\View\\Middleware\\ShareErrorsFromSession->handle()
#19 /home/angklung/www.angklung-udjo.co.id/vendor/laravel/framework/src/Illuminate/Session/Middleware/StartSession.php(121): Illuminate\\Pipeline\\Pipeline->{closure:{closure:Illuminate\\Pipeline\\Pipeline::carry():184}:185}()
#20 /home/angklung/www.angklung-udjo.co.id/vendor/laravel/framework/src/Illuminate/Session/Middleware/StartSession.php(64): Illuminate\\Session\\Middleware\\StartSession->handleStatefulRequest()
#21 /home/angklung/www.angklung-udjo.co.id/vendor/laravel/framework/src/Illuminate/Pipeline/Pipeline.php(209): Illuminate\\Session\\Middleware\\StartSession->handle()
#22 /home/angklung/www.angklung-udjo.co.id/vendor/laravel/framework/src/Illuminate/Cookie/Middleware/AddQueuedCookiesToResponse.php(37): Illuminate\\Pipeline\\Pipeline->{closure:{closure:Illuminate\\Pipeline\\Pipeline::carry():184}:185}()
#23 /home/angklung/www.angklung-udjo.co.id/vendor/laravel/framework/src/Illuminate/Pipeline/Pipeline.php(209): Illuminate\\Cookie\\Middleware\\AddQueuedCookiesToResponse->handle()
#24 /home/angklung/www.angklung-udjo.co.id/vendor/laravel/framework/src/Illuminate/Cookie/Middleware/EncryptCookies.php(75): Illuminate\\Pipeline\\Pipeline->{closure:{closure:Illuminate\\Pipeline\\Pipeline::carry():184}:185}()
#25 /home/angklung/www.angklung-udjo.co.id/vendor/laravel/framework/src/Illuminate/Pipeline/Pipeline.php(209): Illuminate\\Cookie\\Middleware\\EncryptCookies->handle()
#26 /home/angklung/www.angklung-udjo.co.id/vendor/laravel/framework/src/Illuminate/Pipeline/Pipeline.php(127): Illuminate\\Pipeline\\Pipeline->{closure:{closure:Illuminate\\Pipeline\\Pipeline::carry():184}:185}()
#27 /home/angklung/www.angklung-udjo.co.id/vendor/laravel/framework/src/Illuminate/Routing/Router.php(807): Illuminate\\Pipeline\\Pipeline->then()
#28 /home/angklung/www.angklung-udjo.co.id/vendor/laravel/framework/src/Illuminate/Routing/Router.php(786): Illuminate\\Routing\\Router->runRouteWithinStack()
#29 /home/angklung/www.angklung-udjo.co.id/vendor/laravel/framework/src/Illuminate/Routing/Router.php(750): Illuminate\\Routing\\Router->runRoute()
#30 /home/angklung/www.angklung-udjo.co.id/vendor/laravel/framework/src/Illuminate/Routing/Router.php(739): Illuminate\\Routing\\Router->dispatchToRoute()
#31 /home/angklung/www.angklung-udjo.co.id/vendor/laravel/framework/src/Illuminate/Foundation/Http/Kernel.php(201): Illuminate\\Routing\\Router->dispatch()
#32 /home/angklung/www.angklung-udjo.co.id/vendor/laravel/framework/src/Illuminate/Pipeline/Pipeline.php(170): Illuminate\\Foundation\\Http\\Kernel->{closure:Illuminate\\Foundation\\Http\\Kernel::dispatchToRouter():198}()
#33 /home/angklung/www.angklung-udjo.co.id/vendor/laravel/framework/src/Illuminate/Foundation/Http/Middleware/TransformsRequest.php(21): Illuminate\\Pipeline\\Pipeline->{closure:Illuminate\\Pipeline\\Pipeline::prepareDestination():168}()
#34 /home/angklung/www.angklung-udjo.co.id/vendor/laravel/framework/src/Illuminate/Foundation/Http/Middleware/ConvertEmptyStringsToNull.php(31): Illuminate\\Foundation\\Http\\Middleware\\TransformsRequest->handle()
#35 /home/angklung/www.angklung-udjo.co.id/vendor/laravel/framework/src/Illuminate/Pipeline/Pipeline.php(209): Illuminate\\Foundation\\Http\\Middleware\\ConvertEmptyStringsToNull->handle()
#36 /home/angklung/www.angklung-udjo.co.id/vendor/laravel/framework/src/Illuminate/Foundation/Http/Middleware/TransformsRequest.php(21): Illuminate\\Pipeline\\Pipeline->{closure:{closure:Illuminate\\Pipeline\\Pipeline::carry():184}:185}()
#37 /home/angklung/www.angklung-udjo.co.id/vendor/laravel/framework/src/Illuminate/Foundation/Http/Middleware/TrimStrings.php(51): Illuminate\\Foundation\\Http\\Middleware\\TransformsRequest->handle()
#38 /home/angklung/www.angklung-udjo.co.id/vendor/laravel/framework/src/Illuminate/Pipeline/Pipeline.php(209): Illuminate\\Foundation\\Http\\Middleware\\TrimStrings->handle()
#39 /home/angklung/www.angklung-udjo.co.id/vendor/laravel/framework/src/Illuminate/Http/Middleware/ValidatePostSize.php(27): Illuminate\\Pipeline\\Pipeline->{closure:{closure:Illuminate\\Pipeline\\Pipeline::carry():184}:185}()
#40 /home/angklung/www.angklung-udjo.co.id/vendor/laravel/framework/src/Illuminate/Pipeline/Pipeline.php(209): Illuminate\\Http\\Middleware\\ValidatePostSize->handle()
#41 /home/angklung/www.angklung-udjo.co.id/vendor/laravel/framework/src/Illuminate/Foundation/Http/Middleware/PreventRequestsDuringMaintenance.php(110): Illuminate\\Pipeline\\Pipeline->{closure:{closure:Illuminate\\Pipeline\\Pipeline::carry():184}:185}()
#42 /home/angklung/www.angklung-udjo.co.id/vendor/laravel/framework/src/Illuminate/Pipeline/Pipeline.php(209): Illuminate\\Foundation\\Http\\Middleware\\PreventRequestsDuringMaintenance->handle()
#43 /home/angklung/www.angklung-udjo.co.id/vendor/laravel/framework/src/Illuminate/Http/Middleware/HandleCors.php(49): Illuminate\\Pipeline\\Pipeline->{closure:{closure:Illuminate\\Pipeline\\Pipeline::carry():184}:185}()
#44 /home/angklung/www.angklung-udjo.co.id/vendor/laravel/framework/src/Illuminate/Pipeline/Pipeline.php(209): Illuminate\\Http\\Middleware\\HandleCors->handle()
#45 /home/angklung/www.angklung-udjo.co.id/vendor/laravel/framework/src/Illuminate/Http/Middleware/TrustProxies.php(58): Illuminate\\Pipeline\\Pipeline->{closure:{closure:Illuminate\\Pipeline\\Pipeline::carry():184}:185}()
#46 /home/angklung/www.angklung-udjo.co.id/vendor/laravel/framework/src/Illuminate/Pipeline/Pipeline.php(209): Illuminate\\Http\\Middleware\\TrustProxies->handle()
#47 /home/angklung/www.angklung-udjo.co.id/vendor/laravel/framework/src/Illuminate/Foundation/Http/Middleware/InvokeDeferredCallbacks.php(22): Illuminate\\Pipeline\\Pipeline->{closure:{closure:Illuminate\\Pipeline\\Pipeline::carry():184}:185}()
#48 /home/angklung/www.angklung-udjo.co.id/vendor/laravel/framework/src/Illuminate/Pipeline/Pipeline.php(209): Illuminate\\Foundation\\Http\\Middleware\\InvokeDeferredCallbacks->handle()
#49 /home/angklung/www.angklung-udjo.co.id/vendor/laravel/framework/src/Illuminate/Pipeline/Pipeline.php(127): Illuminate\\Pipeline\\Pipeline->{closure:{closure:Illuminate\\Pipeline\\Pipeline::carry():184}:185}()
#50 /home/angklung/www.angklung-udjo.co.id/vendor/laravel/framework/src/Illuminate/Foundation/Http/Kernel.php(176): Illuminate\\Pipeline\\Pipeline->then()
#51 /home/angklung/www.angklung-udjo.co.id/vendor/laravel/framework/src/Illuminate/Foundation/Http/Kernel.php(145): Illuminate\\Foundation\\Http\\Kernel->sendRequestThroughRouter()
#52 /home/angklung/www.angklung-udjo.co.id/vendor/laravel/framework/src/Illuminate/Foundation/Application.php(1220): Illuminate\\Foundation\\Http\\Kernel->handle()
#53 /home/angklung/www.angklung-udjo.co.id/public/index.php(20): Illuminate\\Foundation\\Application->handleRequest()
#54 {main}
"} 
[2026-06-06 05:12:50] production.ERROR: View [shows.show] not found. {"exception":"[object] (InvalidArgumentException(code: 0): View [shows.show] not found. at /home/angklung/www.angklung-udjo.co.id/vendor/laravel/framework/src/Illuminate/View/FileViewFinder.php:139)
[stacktrace]
#0 /home/angklung/www.angklung-udjo.co.id/vendor/laravel/framework/src/Illuminate/View/FileViewFinder.php(79): Illuminate\\View\\FileViewFinder->findInPaths()
#1 /home/angklung/www.angklung-udjo.co.id/vendor/laravel/framework/src/Illuminate/View/Factory.php(151): Illuminate\\View\\FileViewFinder->find()
#2 /home/angklung/www.angklung-udjo.co.id/vendor/laravel/framework/src/Illuminate/Foundation/helpers.php(1062): Illuminate\\View\\Factory->make()
#3 /home/angklung/www.angklung-udjo.co.id/app/Http/Controllers/ShowController.php(22): view()
#4 /home/angklung/www.angklung-udjo.co.id/vendor/laravel/framework/src/Illuminate/Routing/ControllerDispatcher.php(47): App\\Http\\Controllers\\ShowController->show()
#5 /home/angklung/www.angklung-udjo.co.id/vendor/laravel/framework/src/Illuminate/Routing/Route.php(266): Illuminate\\Routing\\ControllerDispatcher->dispatch()
#6 /home/angklung/www.angklung-udjo.co.id/vendor/laravel/framework/src/Illuminate/Routing/Route.php(212): Illuminate\\Routing\\Route->runController()
#7 /home/angklung/www.angklung-udjo.co.id/vendor/laravel/framework/src/Illuminate/Routing/Router.php(808): Illuminate\\Routing\\Route->run()
#8 /home/angklung/www.angklung-udjo.co.id/vendor/laravel/framework/src/Illuminate/Pipeline/Pipeline.php(170): Illuminate\\Routing\\Router->{closure:Illuminate\\Routing\\Router::runRouteWithinStack():807}()
#9 /home/angklung/www.angklung-udjo.co.id/app/Http/Middleware/SecurityHeaders.php(11): Illuminate\\Pipeline\\Pipeline->{closure:Illuminate\\Pipeline\\Pipeline::prepareDestination():168}()
#10 /home/angklung/www.angklung-udjo.co.id/vendor/laravel/framework/src/Illuminate/Pipeline/Pipeline.php(209): App\\Http\\Middleware\\SecurityHeaders->handle()
#11 /home/angklung/www.angklung-udjo.co.id/app/Http/Middleware/SetLocale.php(26): Illuminate\\Pipeline\\Pipeline->{closure:{closure:Illuminate\\Pipeline\\Pipeline::carry():184}:185}()
#12 /home/angklung/www.angklung-udjo.co.id/vendor/laravel/framework/src/Illuminate/Pipeline/Pipeline.php(209): App\\Http\\Middleware\\SetLocale->handle()
#13 /home/angklung/www.angklung-udjo.co.id/vendor/laravel/framework/src/Illuminate/Routing/Middleware/SubstituteBindings.php(51): Illuminate\\Pipeline\\Pipeline->{closure:{closure:Illuminate\\Pipeline\\Pipeline::carry():184}:185}()
#14 /home/angklung/www.angklung-udjo.co.id/vendor/laravel/framework/src/Illuminate/Pipeline/Pipeline.php(209): Illuminate\\Routing\\Middleware\\SubstituteBindings->handle()
#15 /home/angklung/www.angklung-udjo.co.id/vendor/laravel/framework/src/Illuminate/Foundation/Http/Middleware/VerifyCsrfToken.php(88): Illuminate\\Pipeline\\Pipeline->{closure:{closure:Illuminate\\Pipeline\\Pipeline::carry():184}:185}()
#16 /home/angklung/www.angklung-udjo.co.id/vendor/laravel/framework/src/Illuminate/Pipeline/Pipeline.php(209): Illuminate\\Foundation\\Http\\Middleware\\VerifyCsrfToken->handle()
#17 /home/angklung/www.angklung-udjo.co.id/vendor/laravel/framework/src/Illuminate/View/Middleware/ShareErrorsFromSession.php(49): Illuminate\\Pipeline\\Pipeline->{closure:{closure:Illuminate\\Pipeline\\Pipeline::carry():184}:185}()
#18 /home/angklung/www.angklung-udjo.co.id/vendor/laravel/framework/src/Illuminate/Pipeline/Pipeline.php(209): Illuminate\\View\\Middleware\\ShareErrorsFromSession->handle()
#19 /home/angklung/www.angklung-udjo.co.id/vendor/laravel/framework/src/Illuminate/Session/Middleware/StartSession.php(121): Illuminate\\Pipeline\\Pipeline->{closure:{closure:Illuminate\\Pipeline\\Pipeline::carry():184}:185}()
#20 /home/angklung/www.angklung-udjo.co.id/vendor/laravel/framework/src/Illuminate/Session/Middleware/StartSession.php(64): Illuminate\\Session\\Middleware\\StartSession->handleStatefulRequest()
#21 /home/angklung/www.angklung-udjo.co.id/vendor/laravel/framework/src/Illuminate/Pipeline/Pipeline.php(209): Illuminate\\Session\\Middleware\\StartSession->handle()
#22 /home/angklung/www.angklung-udjo.co.id/vendor/laravel/framework/src/Illuminate/Cookie/Middleware/AddQueuedCookiesToResponse.php(37): Illuminate\\Pipeline\\Pipeline->{closure:{closure:Illuminate\\Pipeline\\Pipeline::carry():184}:185}()
#23 /home/angklung/www.angklung-udjo.co.id/vendor/laravel/framework/src/Illuminate/Pipeline/Pipeline.php(209): Illuminate\\Cookie\\Middleware\\AddQueuedCookiesToResponse->handle()
#24 /home/angklung/www.angklung-udjo.co.id/vendor/laravel/framework/src/Illuminate/Cookie/Middleware/EncryptCookies.php(75): Illuminate\\Pipeline\\Pipeline->{closure:{closure:Illuminate\\Pipeline\\Pipeline::carry():184}:185}()
#25 /home/angklung/www.angklung-udjo.co.id/vendor/laravel/framework/src/Illuminate/Pipeline/Pipeline.php(209): Illuminate\\Cookie\\Middleware\\EncryptCookies->handle()
#26 /home/angklung/www.angklung-udjo.co.id/vendor/laravel/framework/src/Illuminate/Pipeline/Pipeline.php(127): Illuminate\\Pipeline\\Pipeline->{closure:{closure:Illuminate\\Pipeline\\Pipeline::carry():184}:185}()
#27 /home/angklung/www.angklung-udjo.co.id/vendor/laravel/framework/src/Illuminate/Routing/Router.php(807): Illuminate\\Pipeline\\Pipeline->then()
#28 /home/angklung/www.angklung-udjo.co.id/vendor/laravel/framework/src/Illuminate/Routing/Router.php(786): Illuminate\\Routing\\Router->runRouteWithinStack()
#29 /home/angklung/www.angklung-udjo.co.id/vendor/laravel/framework/src/Illuminate/Routing/Router.php(750): Illuminate\\Routing\\Router->runRoute()
#30 /home/angklung/www.angklung-udjo.co.id/vendor/laravel/framework/src/Illuminate/Routing/Router.php(739): Illuminate\\Routing\\Router->dispatchToRoute()
#31 /home/angklung/www.angklung-udjo.co.id/vendor/laravel/framework/src/Illuminate/Foundation/Http/Kernel.php(201): Illuminate\\Routing\\Router->dispatch()
#32 /home/angklung/www.angklung-udjo.co.id/vendor/laravel/framework/src/Illuminate/Pipeline/Pipeline.php(170): Illuminate\\Foundation\\Http\\Kernel->{closure:Illuminate\\Foundation\\Http\\Kernel::dispatchToRouter():198}()
#33 /home/angklung/www.angklung-udjo.co.id/vendor/laravel/framework/src/Illuminate/Foundation/Http/Middleware/TransformsRequest.php(21): Illuminate\\Pipeline\\Pipeline->{closure:Illuminate\\Pipeline\\Pipeline::prepareDestination():168}()
#34 /home/angklung/www.angklung-udjo.co.id/vendor/laravel/framework/src/Illuminate/Foundation/Http/Middleware/ConvertEmptyStringsToNull.php(31): Illuminate\\Foundation\\Http\\Middleware\\TransformsRequest->handle()
#35 /home/angklung/www.angklung-udjo.co.id/vendor/laravel/framework/src/Illuminate/Pipeline/Pipeline.php(209): Illuminate\\Foundation\\Http\\Middleware\\ConvertEmptyStringsToNull->handle()
#36 /home/angklung/www.angklung-udjo.co.id/vendor/laravel/framework/src/Illuminate/Foundation/Http/Middleware/TransformsRequest.php(21): Illuminate\\Pipeline\\Pipeline->{closure:{closure:Illuminate\\Pipeline\\Pipeline::carry():184}:185}()
#37 /home/angklung/www.angklung-udjo.co.id/vendor/laravel/framework/src/Illuminate/Foundation/Http/Middleware/TrimStrings.php(51): Illuminate\\Foundation\\Http\\Middleware\\TransformsRequest->handle()
#38 /home/angklung/www.angklung-udjo.co.id/vendor/laravel/framework/src/Illuminate/Pipeline/Pipeline.php(209): Illuminate\\Foundation\\Http\\Middleware\\TrimStrings->handle()
#39 /home/angklung/www.angklung-udjo.co.id/vendor/laravel/framework/src/Illuminate/Http/Middleware/ValidatePostSize.php(27): Illuminate\\Pipeline\\Pipeline->{closure:{closure:Illuminate\\Pipeline\\Pipeline::carry():184}:185}()
#40 /home/angklung/www.angklung-udjo.co.id/vendor/laravel/framework/src/Illuminate/Pipeline/Pipeline.php(209): Illuminate\\Http\\Middleware\\ValidatePostSize->handle()
#41 /home/angklung/www.angklung-udjo.co.id/vendor/laravel/framework/src/Illuminate/Foundation/Http/Middleware/PreventRequestsDuringMaintenance.php(110): Illuminate\\Pipeline\\Pipeline->{closure:{closure:Illuminate\\Pipeline\\Pipeline::carry():184}:185}()
#42 /home/angklung/www.angklung-udjo.co.id/vendor/laravel/framework/src/Illuminate/Pipeline/Pipeline.php(209): Illuminate\\Foundation\\Http\\Middleware\\PreventRequestsDuringMaintenance->handle()
#43 /home/angklung/www.angklung-udjo.co.id/vendor/laravel/framework/src/Illuminate/Http/Middleware/HandleCors.php(49): Illuminate\\Pipeline\\Pipeline->{closure:{closure:Illuminate\\Pipeline\\Pipeline::carry():184}:185}()
#44 /home/angklung/www.angklung-udjo.co.id/vendor/laravel/framework/src/Illuminate/Pipeline/Pipeline.php(209): Illuminate\\Http\\Middleware\\HandleCors->handle()
#45 /home/angklung/www.angklung-udjo.co.id/vendor/laravel/framework/src/Illuminate/Http/Middleware/TrustProxies.php(58): Illuminate\\Pipeline\\Pipeline->{closure:{closure:Illuminate\\Pipeline\\Pipeline::carry():184}:185}()
#46 /home/angklung/www.angklung-udjo.co.id/vendor/laravel/framework/src/Illuminate/Pipeline/Pipeline.php(209): Illuminate\\Http\\Middleware\\TrustProxies->handle()
#47 /home/angklung/www.angklung-udjo.co.id/vendor/laravel/framework/src/Illuminate/Foundation/Http/Middleware/InvokeDeferredCallbacks.php(22): Illuminate\\Pipeline\\Pipeline->{closure:{closure:Illuminate\\Pipeline\\Pipeline::carry():184}:185}()
#48 /home/angklung/www.angklung-udjo.co.id/vendor/laravel/framework/src/Illuminate/Pipeline/Pipeline.php(209): Illuminate\\Foundation\\Http\\Middleware\\InvokeDeferredCallbacks->handle()
#49 /home/angklung/www.angklung-udjo.co.id/vendor/laravel/framework/src/Illuminate/Pipeline/Pipeline.php(127): Illuminate\\Pipeline\\Pipeline->{closure:{closure:Illuminate\\Pipeline\\Pipeline::carry():184}:185}()
#50 /home/angklung/www.angklung-udjo.co.id/vendor/laravel/framework/src/Illuminate/Foundation/Http/Kernel.php(176): Illuminate\\Pipeline\\Pipeline->then()
#51 /home/angklung/www.angklung-udjo.co.id/vendor/laravel/framework/src/Illuminate/Foundation/Http/Kernel.php(145): Illuminate\\Foundation\\Http\\Kernel->sendRequestThroughRouter()
#52 /home/angklung/www.angklung-udjo.co.id/vendor/laravel/framework/src/Illuminate/Foundation/Application.php(1220): Illuminate\\Foundation\\Http\\Kernel->handle()
#53 /home/angklung/www.angklung-udjo.co.id/public/index.php(20): Illuminate\\Foundation\\Application->handleRequest()
#54 {main}
"} 
[2026-06-06 07:49:47] production.ERROR: View [privacy-policy] not found. {"exception":"[object] (InvalidArgumentException(code: 0): View [privacy-policy] not found. at /home/angklung/www.angklung-udjo.co.id/vendor/laravel/framework/src/Illuminate/View/FileViewFinder.php:139)
[stacktrace]
#0 /home/angklung/www.angklung-udjo.co.id/vendor/laravel/framework/src/Illuminate/View/FileViewFinder.php(79): Illuminate\\View\\FileViewFinder->findInPaths()
#1 /home/angklung/www.angklung-udjo.co.id/vendor/laravel/framework/src/Illuminate/View/Factory.php(151): Illuminate\\View\\FileViewFinder->find()
#2 /home/angklung/www.angklung-udjo.co.id/vendor/laravel/framework/src/Illuminate/Foundation/helpers.php(1062): Illuminate\\View\\Factory->make()
#3 /home/angklung/www.angklung-udjo.co.id/routes/web.php(122): view()
#4 /home/angklung/www.angklung-udjo.co.id/vendor/laravel/framework/src/Illuminate/Routing/CallableDispatcher.php(40): Illuminate\\Routing\\RouteFileRegistrar->{closure:/home/angklung/www.angklung-udjo.co.id/routes/web.php:122}()
#5 /home/angklung/www.angklung-udjo.co.id/vendor/laravel/framework/src/Illuminate/Routing/Route.php(244): Illuminate\\Routing\\CallableDispatcher->dispatch()
#6 /home/angklung/www.angklung-udjo.co.id/vendor/laravel/framework/src/Illuminate/Routing/Route.php(215): Illuminate\\Routing\\Route->runCallable()
#7 /home/angklung/www.angklung-udjo.co.id/vendor/laravel/framework/src/Illuminate/Routing/Router.php(808): Illuminate\\Routing\\Route->run()
#8 /home/angklung/www.angklung-udjo.co.id/vendor/laravel/framework/src/Illuminate/Pipeline/Pipeline.php(170): Illuminate\\Routing\\Router->{closure:Illuminate\\Routing\\Router::runRouteWithinStack():807}()
#9 /home/angklung/www.angklung-udjo.co.id/app/Http/Middleware/SecurityHeaders.php(11): Illuminate\\Pipeline\\Pipeline->{closure:Illuminate\\Pipeline\\Pipeline::prepareDestination():168}()
#10 /home/angklung/www.angklung-udjo.co.id/vendor/laravel/framework/src/Illuminate/Pipeline/Pipeline.php(209): App\\Http\\Middleware\\SecurityHeaders->handle()
#11 /home/angklung/www.angklung-udjo.co.id/app/Http/Middleware/SetLocale.php(26): Illuminate\\Pipeline\\Pipeline->{closure:{closure:Illuminate\\Pipeline\\Pipeline::carry():184}:185}()
#12 /home/angklung/www.angklung-udjo.co.id/vendor/laravel/framework/src/Illuminate/Pipeline/Pipeline.php(209): App\\Http\\Middleware\\SetLocale->handle()
#13 /home/angklung/www.angklung-udjo.co.id/vendor/laravel/framework/src/Illuminate/Routing/Middleware/SubstituteBindings.php(51): Illuminate\\Pipeline\\Pipeline->{closure:{closure:Illuminate\\Pipeline\\Pipeline::carry():184}:185}()
#14 /home/angklung/www.angklung-udjo.co.id/vendor/laravel/framework/src/Illuminate/Pipeline/Pipeline.php(209): Illuminate\\Routing\\Middleware\\SubstituteBindings->handle()
#15 /home/angklung/www.angklung-udjo.co.id/vendor/laravel/framework/src/Illuminate/Foundation/Http/Middleware/VerifyCsrfToken.php(88): Illuminate\\Pipeline\\Pipeline->{closure:{closure:Illuminate\\Pipeline\\Pipeline::carry():184}:185}()
#16 /home/angklung/www.angklung-udjo.co.id/vendor/laravel/framework/src/Illuminate/Pipeline/Pipeline.php(209): Illuminate\\Foundation\\Http\\Middleware\\VerifyCsrfToken->handle()
#17 /home/angklung/www.angklung-udjo.co.id/vendor/laravel/framework/src/Illuminate/View/Middleware/ShareErrorsFromSession.php(49): Illuminate\\Pipeline\\Pipeline->{closure:{closure:Illuminate\\Pipeline\\Pipeline::carry():184}:185}()
#18 /home/angklung/www.angklung-udjo.co.id/vendor/laravel/framework/src/Illuminate/Pipeline/Pipeline.php(209): Illuminate\\View\\Middleware\\ShareErrorsFromSession->handle()
#19 /home/angklung/www.angklung-udjo.co.id/vendor/laravel/framework/src/Illuminate/Session/Middleware/StartSession.php(121): Illuminate\\Pipeline\\Pipeline->{closure:{closure:Illuminate\\Pipeline\\Pipeline::carry():184}:185}()
#20 /home/angklung/www.angklung-udjo.co.id/vendor/laravel/framework/src/Illuminate/Session/Middleware/StartSession.php(64): Illuminate\\Session\\Middleware\\StartSession->handleStatefulRequest()
#21 /home/angklung/www.angklung-udjo.co.id/vendor/laravel/framework/src/Illuminate/Pipeline/Pipeline.php(209): Illuminate\\Session\\Middleware\\StartSession->handle()
#22 /home/angklung/www.angklung-udjo.co.id/vendor/laravel/framework/src/Illuminate/Cookie/Middleware/AddQueuedCookiesToResponse.php(37): Illuminate\\Pipeline\\Pipeline->{closure:{closure:Illuminate\\Pipeline\\Pipeline::carry():184}:185}()
#23 /home/angklung/www.angklung-udjo.co.id/vendor/laravel/framework/src/Illuminate/Pipeline/Pipeline.php(209): Illuminate\\Cookie\\Middleware\\AddQueuedCookiesToResponse->handle()
#24 /home/angklung/www.angklung-udjo.co.id/vendor/laravel/framework/src/Illuminate/Cookie/Middleware/EncryptCookies.php(75): Illuminate\\Pipeline\\Pipeline->{closure:{closure:Illuminate\\Pipeline\\Pipeline::carry():184}:185}()
#25 /home/angklung/www.angklung-udjo.co.id/vendor/laravel/framework/src/Illuminate/Pipeline/Pipeline.php(209): Illuminate\\Cookie\\Middleware\\EncryptCookies->handle()
#26 /home/angklung/www.angklung-udjo.co.id/vendor/laravel/framework/src/Illuminate/Pipeline/Pipeline.php(127): Illuminate\\Pipeline\\Pipeline->{closure:{closure:Illuminate\\Pipeline\\Pipeline::carry():184}:185}()
#27 /home/angklung/www.angklung-udjo.co.id/vendor/laravel/framework/src/Illuminate/Routing/Router.php(807): Illuminate\\Pipeline\\Pipeline->then()
#28 /home/angklung/www.angklung-udjo.co.id/vendor/laravel/framework/src/Illuminate/Routing/Router.php(786): Illuminate\\Routing\\Router->runRouteWithinStack()
#29 /home/angklung/www.angklung-udjo.co.id/vendor/laravel/framework/src/Illuminate/Routing/Router.php(750): Illuminate\\Routing\\Router->runRoute()
#30 /home/angklung/www.angklung-udjo.co.id/vendor/laravel/framework/src/Illuminate/Routing/Router.php(739): Illuminate\\Routing\\Router->dispatchToRoute()
#31 /home/angklung/www.angklung-udjo.co.id/vendor/laravel/framework/src/Illuminate/Foundation/Http/Kernel.php(201): Illuminate\\Routing\\Router->dispatch()
#32 /home/angklung/www.angklung-udjo.co.id/vendor/laravel/framework/src/Illuminate/Pipeline/Pipeline.php(170): Illuminate\\Foundation\\Http\\Kernel->{closure:Illuminate\\Foundation\\Http\\Kernel::dispatchToRouter():198}()
#33 /home/angklung/www.angklung-udjo.co.id/vendor/laravel/framework/src/Illuminate/Foundation/Http/Middleware/TransformsRequest.php(21): Illuminate\\Pipeline\\Pipeline->{closure:Illuminate\\Pipeline\\Pipeline::prepareDestination():168}()
#34 /home/angklung/www.angklung-udjo.co.id/vendor/laravel/framework/src/Illuminate/Foundation/Http/Middleware/ConvertEmptyStringsToNull.php(31): Illuminate\\Foundation\\Http\\Middleware\\TransformsRequest->handle()
#35 /home/angklung/www.angklung-udjo.co.id/vendor/laravel/framework/src/Illuminate/Pipeline/Pipeline.php(209): Illuminate\\Foundation\\Http\\Middleware\\ConvertEmptyStringsToNull->handle()
#36 /home/angklung/www.angklung-udjo.co.id/vendor/laravel/framework/src/Illuminate/Foundation/Http/Middleware/TransformsRequest.php(21): Illuminate\\Pipeline\\Pipeline->{closure:{closure:Illuminate\\Pipeline\\Pipeline::carry():184}:185}()
#37 /home/angklung/www.angklung-udjo.co.id/vendor/laravel/framework/src/Illuminate/Foundation/Http/Middleware/TrimStrings.php(51): Illuminate\\Foundation\\Http\\Middleware\\TransformsRequest->handle()
#38 /home/angklung/www.angklung-udjo.co.id/vendor/laravel/framework/src/Illuminate/Pipeline/Pipeline.php(209): Illuminate\\Foundation\\Http\\Middleware\\TrimStrings->handle()
#39 /home/angklung/www.angklung-udjo.co.id/vendor/laravel/framework/src/Illuminate/Http/Middleware/ValidatePostSize.php(27): Illuminate\\Pipeline\\Pipeline->{closure:{closure:Illuminate\\Pipeline\\Pipeline::carry():184}:185}()
#40 /home/angklung/www.angklung-udjo.co.id/vendor/laravel/framework/src/Illuminate/Pipeline/Pipeline.php(209): Illuminate\\Http\\Middleware\\ValidatePostSize->handle()
#41 /home/angklung/www.angklung-udjo.co.id/vendor/laravel/framework/src/Illuminate/Foundation/Http/Middleware/PreventRequestsDuringMaintenance.php(110): Illuminate\\Pipeline\\Pipeline->{closure:{closure:Illuminate\\Pipeline\\Pipeline::carry():184}:185}()
#42 /home/angklung/www.angklung-udjo.co.id/vendor/laravel/framework/src/Illuminate/Pipeline/Pipeline.php(209): Illuminate\\Foundation\\Http\\Middleware\\PreventRequestsDuringMaintenance->handle()
#43 /home/angklung/www.angklung-udjo.co.id/vendor/laravel/framework/src/Illuminate/Http/Middleware/HandleCors.php(49): Illuminate\\Pipeline\\Pipeline->{closure:{closure:Illuminate\\Pipeline\\Pipeline::carry():184}:185}()
#44 /home/angklung/www.angklung-udjo.co.id/vendor/laravel/framework/src/Illuminate/Pipeline/Pipeline.php(209): Illuminate\\Http\\Middleware\\HandleCors->handle()
#45 /home/angklung/www.angklung-udjo.co.id/vendor/laravel/framework/src/Illuminate/Http/Middleware/TrustProxies.php(58): Illuminate\\Pipeline\\Pipeline->{closure:{closure:Illuminate\\Pipeline\\Pipeline::carry():184}:185}()
#46 /home/angklung/www.angklung-udjo.co.id/vendor/laravel/framework/src/Illuminate/Pipeline/Pipeline.php(209): Illuminate\\Http\\Middleware\\TrustProxies->handle()
#47 /home/angklung/www.angklung-udjo.co.id/vendor/laravel/framework/src/Illuminate/Foundation/Http/Middleware/InvokeDeferredCallbacks.php(22): Illuminate\\Pipeline\\Pipeline->{closure:{closure:Illuminate\\Pipeline\\Pipeline::carry():184}:185}()
#48 /home/angklung/www.angklung-udjo.co.id/vendor/laravel/framework/src/Illuminate/Pipeline/Pipeline.php(209): Illuminate\\Foundation\\Http\\Middleware\\InvokeDeferredCallbacks->handle()
#49 /home/angklung/www.angklung-udjo.co.id/vendor/laravel/framework/src/Illuminate/Pipeline/Pipeline.php(127): Illuminate\\Pipeline\\Pipeline->{closure:{closure:Illuminate\\Pipeline\\Pipeline::carry():184}:185}()
#50 /home/angklung/www.angklung-udjo.co.id/vendor/laravel/framework/src/Illuminate/Foundation/Http/Kernel.php(176): Illuminate\\Pipeline\\Pipeline->then()
#51 /home/angklung/www.angklung-udjo.co.id/vendor/laravel/framework/src/Illuminate/Foundation/Http/Kernel.php(145): Illuminate\\Foundation\\Http\\Kernel->sendRequestThroughRouter()
#52 /home/angklung/www.angklung-udjo.co.id/vendor/laravel/framework/src/Illuminate/Foundation/Application.php(1220): Illuminate\\Foundation\\Http\\Kernel->handle()
#53 /home/angklung/www.angklung-udjo.co.id/public/index.php(20): Illuminate\\Foundation\\Application->handleRequest()
#54 {main}
"} 
[2026-06-06 07:49:58] production.ERROR: View [privacy-policy] not found. {"exception":"[object] (InvalidArgumentException(code: 0): View [privacy-policy] not found. at /home/angklung/www.angklung-udjo.co.id/vendor/laravel/framework/src/Illuminate/View/FileViewFinder.php:139)
[stacktrace]
#0 /home/angklung/www.angklung-udjo.co.id/vendor/laravel/framework/src/Illuminate/View/FileViewFinder.php(79): Illuminate\\View\\FileViewFinder->findInPaths()
#1 /home/angklung/www.angklung-udjo.co.id/vendor/laravel/framework/src/Illuminate/View/Factory.php(151): Illuminate\\View\\FileViewFinder->find()
#2 /home/angklung/www.angklung-udjo.co.id/vendor/laravel/framework/src/Illuminate/Foundation/helpers.php(1062): Illuminate\\View\\Factory->make()
#3 /home/angklung/www.angklung-udjo.co.id/routes/web.php(122): view()
#4 /home/angklung/www.angklung-udjo.co.id/vendor/laravel/framework/src/Illuminate/Routing/CallableDispatcher.php(40): Illuminate\\Routing\\RouteFileRegistrar->{closure:/home/angklung/www.angklung-udjo.co.id/routes/web.php:122}()
#5 /home/angklung/www.angklung-udjo.co.id/vendor/laravel/framework/src/Illuminate/Routing/Route.php(244): Illuminate\\Routing\\CallableDispatcher->dispatch()
#6 /home/angklung/www.angklung-udjo.co.id/vendor/laravel/framework/src/Illuminate/Routing/Route.php(215): Illuminate\\Routing\\Route->runCallable()
#7 /home/angklung/www.angklung-udjo.co.id/vendor/laravel/framework/src/Illuminate/Routing/Router.php(808): Illuminate\\Routing\\Route->run()
#8 /home/angklung/www.angklung-udjo.co.id/vendor/laravel/framework/src/Illuminate/Pipeline/Pipeline.php(170): Illuminate\\Routing\\Router->{closure:Illuminate\\Routing\\Router::runRouteWithinStack():807}()
#9 /home/angklung/www.angklung-udjo.co.id/app/Http/Middleware/SecurityHeaders.php(11): Illuminate\\Pipeline\\Pipeline->{closure:Illuminate\\Pipeline\\Pipeline::prepareDestination():168}()
#10 /home/angklung/www.angklung-udjo.co.id/vendor/laravel/framework/src/Illuminate/Pipeline/Pipeline.php(209): App\\Http\\Middleware\\SecurityHeaders->handle()
#11 /home/angklung/www.angklung-udjo.co.id/app/Http/Middleware/SetLocale.php(26): Illuminate\\Pipeline\\Pipeline->{closure:{closure:Illuminate\\Pipeline\\Pipeline::carry():184}:185}()
#12 /home/angklung/www.angklung-udjo.co.id/vendor/laravel/framework/src/Illuminate/Pipeline/Pipeline.php(209): App\\Http\\Middleware\\SetLocale->handle()
#13 /home/angklung/www.angklung-udjo.co.id/vendor/laravel/framework/src/Illuminate/Routing/Middleware/SubstituteBindings.php(51): Illuminate\\Pipeline\\Pipeline->{closure:{closure:Illuminate\\Pipeline\\Pipeline::carry():184}:185}()
#14 /home/angklung/www.angklung-udjo.co.id/vendor/laravel/framework/src/Illuminate/Pipeline/Pipeline.php(209): Illuminate\\Routing\\Middleware\\SubstituteBindings->handle()
#15 /home/angklung/www.angklung-udjo.co.id/vendor/laravel/framework/src/Illuminate/Foundation/Http/Middleware/VerifyCsrfToken.php(88): Illuminate\\Pipeline\\Pipeline->{closure:{closure:Illuminate\\Pipeline\\Pipeline::carry():184}:185}()
#16 /home/angklung/www.angklung-udjo.co.id/vendor/laravel/framework/src/Illuminate/Pipeline/Pipeline.php(209): Illuminate\\Foundation\\Http\\Middleware\\VerifyCsrfToken->handle()
#17 /home/angklung/www.angklung-udjo.co.id/vendor/laravel/framework/src/Illuminate/View/Middleware/ShareErrorsFromSession.php(49): Illuminate\\Pipeline\\Pipeline->{closure:{closure:Illuminate\\Pipeline\\Pipeline::carry():184}:185}()
#18 /home/angklung/www.angklung-udjo.co.id/vendor/laravel/framework/src/Illuminate/Pipeline/Pipeline.php(209): Illuminate\\View\\Middleware\\ShareErrorsFromSession->handle()
#19 /home/angklung/www.angklung-udjo.co.id/vendor/laravel/framework/src/Illuminate/Session/Middleware/StartSession.php(121): Illuminate\\Pipeline\\Pipeline->{closure:{closure:Illuminate\\Pipeline\\Pipeline::carry():184}:185}()
#20 /home/angklung/www.angklung-udjo.co.id/vendor/laravel/framework/src/Illuminate/Session/Middleware/StartSession.php(64): Illuminate\\Session\\Middleware\\StartSession->handleStatefulRequest()
#21 /home/angklung/www.angklung-udjo.co.id/vendor/laravel/framework/src/Illuminate/Pipeline/Pipeline.php(209): Illuminate\\Session\\Middleware\\StartSession->handle()
#22 /home/angklung/www.angklung-udjo.co.id/vendor/laravel/framework/src/Illuminate/Cookie/Middleware/AddQueuedCookiesToResponse.php(37): Illuminate\\Pipeline\\Pipeline->{closure:{closure:Illuminate\\Pipeline\\Pipeline::carry():184}:185}()
#23 /home/angklung/www.angklung-udjo.co.id/vendor/laravel/framework/src/Illuminate/Pipeline/Pipeline.php(209): Illuminate\\Cookie\\Middleware\\AddQueuedCookiesToResponse->handle()
#24 /home/angklung/www.angklung-udjo.co.id/vendor/laravel/framework/src/Illuminate/Cookie/Middleware/EncryptCookies.php(75): Illuminate\\Pipeline\\Pipeline->{closure:{closure:Illuminate\\Pipeline\\Pipeline::carry():184}:185}()
#25 /home/angklung/www.angklung-udjo.co.id/vendor/laravel/framework/src/Illuminate/Pipeline/Pipeline.php(209): Illuminate\\Cookie\\Middleware\\EncryptCookies->handle()
#26 /home/angklung/www.angklung-udjo.co.id/vendor/laravel/framework/src/Illuminate/Pipeline/Pipeline.php(127): Illuminate\\Pipeline\\Pipeline->{closure:{closure:Illuminate\\Pipeline\\Pipeline::carry():184}:185}()
#27 /home/angklung/www.angklung-udjo.co.id/vendor/laravel/framework/src/Illuminate/Routing/Router.php(807): Illuminate\\Pipeline\\Pipeline->then()
#28 /home/angklung/www.angklung-udjo.co.id/vendor/laravel/framework/src/Illuminate/Routing/Router.php(786): Illuminate\\Routing\\Router->runRouteWithinStack()
#29 /home/angklung/www.angklung-udjo.co.id/vendor/laravel/framework/src/Illuminate/Routing/Router.php(750): Illuminate\\Routing\\Router->runRoute()
#30 /home/angklung/www.angklung-udjo.co.id/vendor/laravel/framework/src/Illuminate/Routing/Router.php(739): Illuminate\\Routing\\Router->dispatchToRoute()
#31 /home/angklung/www.angklung-udjo.co.id/vendor/laravel/framework/src/Illuminate/Foundation/Http/Kernel.php(201): Illuminate\\Routing\\Router->dispatch()
#32 /home/angklung/www.angklung-udjo.co.id/vendor/laravel/framework/src/Illuminate/Pipeline/Pipeline.php(170): Illuminate\\Foundation\\Http\\Kernel->{closure:Illuminate\\Foundation\\Http\\Kernel::dispatchToRouter():198}()
#33 /home/angklung/www.angklung-udjo.co.id/vendor/laravel/framework/src/Illuminate/Foundation/Http/Middleware/TransformsRequest.php(21): Illuminate\\Pipeline\\Pipeline->{closure:Illuminate\\Pipeline\\Pipeline::prepareDestination():168}()
#34 /home/angklung/www.angklung-udjo.co.id/vendor/laravel/framework/src/Illuminate/Foundation/Http/Middleware/ConvertEmptyStringsToNull.php(31): Illuminate\\Foundation\\Http\\Middleware\\TransformsRequest->handle()
#35 /home/angklung/www.angklung-udjo.co.id/vendor/laravel/framework/src/Illuminate/Pipeline/Pipeline.php(209): Illuminate\\Foundation\\Http\\Middleware\\ConvertEmptyStringsToNull->handle()
#36 /home/angklung/www.angklung-udjo.co.id/vendor/laravel/framework/src/Illuminate/Foundation/Http/Middleware/TransformsRequest.php(21): Illuminate\\Pipeline\\Pipeline->{closure:{closure:Illuminate\\Pipeline\\Pipeline::carry():184}:185}()
#37 /home/angklung/www.angklung-udjo.co.id/vendor/laravel/framework/src/Illuminate/Foundation/Http/Middleware/TrimStrings.php(51): Illuminate\\Foundation\\Http\\Middleware\\TransformsRequest->handle()
#38 /home/angklung/www.angklung-udjo.co.id/vendor/laravel/framework/src/Illuminate/Pipeline/Pipeline.php(209): Illuminate\\Foundation\\Http\\Middleware\\TrimStrings->handle()
#39 /home/angklung/www.angklung-udjo.co.id/vendor/laravel/framework/src/Illuminate/Http/Middleware/ValidatePostSize.php(27): Illuminate\\Pipeline\\Pipeline->{closure:{closure:Illuminate\\Pipeline\\Pipeline::carry():184}:185}()
#40 /home/angklung/www.angklung-udjo.co.id/vendor/laravel/framework/src/Illuminate/Pipeline/Pipeline.php(209): Illuminate\\Http\\Middleware\\ValidatePostSize->handle()
#41 /home/angklung/www.angklung-udjo.co.id/vendor/laravel/framework/src/Illuminate/Foundation/Http/Middleware/PreventRequestsDuringMaintenance.php(110): Illuminate\\Pipeline\\Pipeline->{closure:{closure:Illuminate\\Pipeline\\Pipeline::carry():184}:185}()
#42 /home/angklung/www.angklung-udjo.co.id/vendor/laravel/framework/src/Illuminate/Pipeline/Pipeline.php(209): Illuminate\\Foundation\\Http\\Middleware\\PreventRequestsDuringMaintenance->handle()
#43 /home/angklung/www.angklung-udjo.co.id/vendor/laravel/framework/src/Illuminate/Http/Middleware/HandleCors.php(49): Illuminate\\Pipeline\\Pipeline->{closure:{closure:Illuminate\\Pipeline\\Pipeline::carry():184}:185}()
#44 /home/angklung/www.angklung-udjo.co.id/vendor/laravel/framework/src/Illuminate/Pipeline/Pipeline.php(209): Illuminate\\Http\\Middleware\\HandleCors->handle()
#45 /home/angklung/www.angklung-udjo.co.id/vendor/laravel/framework/src/Illuminate/Http/Middleware/TrustProxies.php(58): Illuminate\\Pipeline\\Pipeline->{closure:{closure:Illuminate\\Pipeline\\Pipeline::carry():184}:185}()
#46 /home/angklung/www.angklung-udjo.co.id/vendor/laravel/framework/src/Illuminate/Pipeline/Pipeline.php(209): Illuminate\\Http\\Middleware\\TrustProxies->handle()
#47 /home/angklung/www.angklung-udjo.co.id/vendor/laravel/framework/src/Illuminate/Foundation/Http/Middleware/InvokeDeferredCallbacks.php(22): Illuminate\\Pipeline\\Pipeline->{closure:{closure:Illuminate\\Pipeline\\Pipeline::carry():184}:185}()
#48 /home/angklung/www.angklung-udjo.co.id/vendor/laravel/framework/src/Illuminate/Pipeline/Pipeline.php(209): Illuminate\\Foundation\\Http\\Middleware\\InvokeDeferredCallbacks->handle()
#49 /home/angklung/www.angklung-udjo.co.id/vendor/laravel/framework/src/Illuminate/Pipeline/Pipeline.php(127): Illuminate\\Pipeline\\Pipeline->{closure:{closure:Illuminate\\Pipeline\\Pipeline::carry():184}:185}()
#50 /home/angklung/www.angklung-udjo.co.id/vendor/laravel/framework/src/Illuminate/Foundation/Http/Kernel.php(176): Illuminate\\Pipeline\\Pipeline->then()
#51 /home/angklung/www.angklung-udjo.co.id/vendor/laravel/framework/src/Illuminate/Foundation/Http/Kernel.php(145): Illuminate\\Foundation\\Http\\Kernel->sendRequestThroughRouter()
#52 /home/angklung/www.angklung-udjo.co.id/vendor/laravel/framework/src/Illuminate/Foundation/Application.php(1220): Illuminate\\Foundation\\Http\\Kernel->handle()
#53 /home/angklung/www.angklung-udjo.co.id/public/index.php(20): Illuminate\\Foundation\\Application->handleRequest()
#54 {main}
"} 
[2026-06-06 08:08:15] production.ERROR: View [privacy-policy] not found. {"exception":"[object] (InvalidArgumentException(code: 0): View [privacy-policy] not found. at /home/angklung/www.angklung-udjo.co.id/vendor/laravel/framework/src/Illuminate/View/FileViewFinder.php:139)
[stacktrace]
#0 /home/angklung/www.angklung-udjo.co.id/vendor/laravel/framework/src/Illuminate/View/FileViewFinder.php(79): Illuminate\\View\\FileViewFinder->findInPaths()
#1 /home/angklung/www.angklung-udjo.co.id/vendor/laravel/framework/src/Illuminate/View/Factory.php(151): Illuminate\\View\\FileViewFinder->find()
#2 /home/angklung/www.angklung-udjo.co.id/vendor/laravel/framework/src/Illuminate/Foundation/helpers.php(1062): Illuminate\\View\\Factory->make()
#3 /home/angklung/www.angklung-udjo.co.id/routes/web.php(122): view()
#4 /home/angklung/www.angklung-udjo.co.id/vendor/laravel/framework/src/Illuminate/Routing/CallableDispatcher.php(40): Illuminate\\Routing\\RouteFileRegistrar->{closure:/home/angklung/www.angklung-udjo.co.id/routes/web.php:122}()
#5 /home/angklung/www.angklung-udjo.co.id/vendor/laravel/framework/src/Illuminate/Routing/Route.php(244): Illuminate\\Routing\\CallableDispatcher->dispatch()
#6 /home/angklung/www.angklung-udjo.co.id/vendor/laravel/framework/src/Illuminate/Routing/Route.php(215): Illuminate\\Routing\\Route->runCallable()
#7 /home/angklung/www.angklung-udjo.co.id/vendor/laravel/framework/src/Illuminate/Routing/Router.php(808): Illuminate\\Routing\\Route->run()
#8 /home/angklung/www.angklung-udjo.co.id/vendor/laravel/framework/src/Illuminate/Pipeline/Pipeline.php(170): Illuminate\\Routing\\Router->{closure:Illuminate\\Routing\\Router::runRouteWithinStack():807}()
#9 /home/angklung/www.angklung-udjo.co.id/app/Http/Middleware/SecurityHeaders.php(11): Illuminate\\Pipeline\\Pipeline->{closure:Illuminate\\Pipeline\\Pipeline::prepareDestination():168}()
#10 /home/angklung/www.angklung-udjo.co.id/vendor/laravel/framework/src/Illuminate/Pipeline/Pipeline.php(209): App\\Http\\Middleware\\SecurityHeaders->handle()
#11 /home/angklung/www.angklung-udjo.co.id/app/Http/Middleware/SetLocale.php(26): Illuminate\\Pipeline\\Pipeline->{closure:{closure:Illuminate\\Pipeline\\Pipeline::carry():184}:185}()
#12 /home/angklung/www.angklung-udjo.co.id/vendor/laravel/framework/src/Illuminate/Pipeline/Pipeline.php(209): App\\Http\\Middleware\\SetLocale->handle()
#13 /home/angklung/www.angklung-udjo.co.id/vendor/laravel/framework/src/Illuminate/Routing/Middleware/SubstituteBindings.php(51): Illuminate\\Pipeline\\Pipeline->{closure:{closure:Illuminate\\Pipeline\\Pipeline::carry():184}:185}()
#14 /home/angklung/www.angklung-udjo.co.id/vendor/laravel/framework/src/Illuminate/Pipeline/Pipeline.php(209): Illuminate\\Routing\\Middleware\\SubstituteBindings->handle()
#15 /home/angklung/www.angklung-udjo.co.id/vendor/laravel/framework/src/Illuminate/Foundation/Http/Middleware/VerifyCsrfToken.php(88): Illuminate\\Pipeline\\Pipeline->{closure:{closure:Illuminate\\Pipeline\\Pipeline::carry():184}:185}()
#16 /home/angklung/www.angklung-udjo.co.id/vendor/laravel/framework/src/Illuminate/Pipeline/Pipeline.php(209): Illuminate\\Foundation\\Http\\Middleware\\VerifyCsrfToken->handle()
#17 /home/angklung/www.angklung-udjo.co.id/vendor/laravel/framework/src/Illuminate/View/Middleware/ShareErrorsFromSession.php(49): Illuminate\\Pipeline\\Pipeline->{closure:{closure:Illuminate\\Pipeline\\Pipeline::carry():184}:185}()
#18 /home/angklung/www.angklung-udjo.co.id/vendor/laravel/framework/src/Illuminate/Pipeline/Pipeline.php(209): Illuminate\\View\\Middleware\\ShareErrorsFromSession->handle()
#19 /home/angklung/www.angklung-udjo.co.id/vendor/laravel/framework/src/Illuminate/Session/Middleware/StartSession.php(121): Illuminate\\Pipeline\\Pipeline->{closure:{closure:Illuminate\\Pipeline\\Pipeline::carry():184}:185}()
#20 /home/angklung/www.angklung-udjo.co.id/vendor/laravel/framework/src/Illuminate/Session/Middleware/StartSession.php(64): Illuminate\\Session\\Middleware\\StartSession->handleStatefulRequest()
#21 /home/angklung/www.angklung-udjo.co.id/vendor/laravel/framework/src/Illuminate/Pipeline/Pipeline.php(209): Illuminate\\Session\\Middleware\\StartSession->handle()
#22 /home/angklung/www.angklung-udjo.co.id/vendor/laravel/framework/src/Illuminate/Cookie/Middleware/AddQueuedCookiesToResponse.php(37): Illuminate\\Pipeline\\Pipeline->{closure:{closure:Illuminate\\Pipeline\\Pipeline::carry():184}:185}()
#23 /home/angklung/www.angklung-udjo.co.id/vendor/laravel/framework/src/Illuminate/Pipeline/Pipeline.php(209): Illuminate\\Cookie\\Middleware\\AddQueuedCookiesToResponse->handle()
#24 /home/angklung/www.angklung-udjo.co.id/vendor/laravel/framework/src/Illuminate/Cookie/Middleware/EncryptCookies.php(75): Illuminate\\Pipeline\\Pipeline->{closure:{closure:Illuminate\\Pipeline\\Pipeline::carry():184}:185}()
#25 /home/angklung/www.angklung-udjo.co.id/vendor/laravel/framework/src/Illuminate/Pipeline/Pipeline.php(209): Illuminate\\Cookie\\Middleware\\EncryptCookies->handle()
#26 /home/angklung/www.angklung-udjo.co.id/vendor/laravel/framework/src/Illuminate/Pipeline/Pipeline.php(127): Illuminate\\Pipeline\\Pipeline->{closure:{closure:Illuminate\\Pipeline\\Pipeline::carry():184}:185}()
#27 /home/angklung/www.angklung-udjo.co.id/vendor/laravel/framework/src/Illuminate/Routing/Router.php(807): Illuminate\\Pipeline\\Pipeline->then()
#28 /home/angklung/www.angklung-udjo.co.id/vendor/laravel/framework/src/Illuminate/Routing/Router.php(786): Illuminate\\Routing\\Router->runRouteWithinStack()
#29 /home/angklung/www.angklung-udjo.co.id/vendor/laravel/framework/src/Illuminate/Routing/Router.php(750): Illuminate\\Routing\\Router->runRoute()
#30 /home/angklung/www.angklung-udjo.co.id/vendor/laravel/framework/src/Illuminate/Routing/Router.php(739): Illuminate\\Routing\\Router->dispatchToRoute()
#31 /home/angklung/www.angklung-udjo.co.id/vendor/laravel/framework/src/Illuminate/Foundation/Http/Kernel.php(201): Illuminate\\Routing\\Router->dispatch()
#32 /home/angklung/www.angklung-udjo.co.id/vendor/laravel/framework/src/Illuminate/Pipeline/Pipeline.php(170): Illuminate\\Foundation\\Http\\Kernel->{closure:Illuminate\\Foundation\\Http\\Kernel::dispatchToRouter():198}()
#33 /home/angklung/www.angklung-udjo.co.id/vendor/laravel/framework/src/Illuminate/Foundation/Http/Middleware/TransformsRequest.php(21): Illuminate\\Pipeline\\Pipeline->{closure:Illuminate\\Pipeline\\Pipeline::prepareDestination():168}()
#34 /home/angklung/www.angklung-udjo.co.id/vendor/laravel/framework/src/Illuminate/Foundation/Http/Middleware/ConvertEmptyStringsToNull.php(31): Illuminate\\Foundation\\Http\\Middleware\\TransformsRequest->handle()
#35 /home/angklung/www.angklung-udjo.co.id/vendor/laravel/framework/src/Illuminate/Pipeline/Pipeline.php(209): Illuminate\\Foundation\\Http\\Middleware\\ConvertEmptyStringsToNull->handle()
#36 /home/angklung/www.angklung-udjo.co.id/vendor/laravel/framework/src/Illuminate/Foundation/Http/Middleware/TransformsRequest.php(21): Illuminate\\Pipeline\\Pipeline->{closure:{closure:Illuminate\\Pipeline\\Pipeline::carry():184}:185}()
#37 /home/angklung/www.angklung-udjo.co.id/vendor/laravel/framework/src/Illuminate/Foundation/Http/Middleware/TrimStrings.php(51): Illuminate\\Foundation\\Http\\Middleware\\TransformsRequest->handle()
#38 /home/angklung/www.angklung-udjo.co.id/vendor/laravel/framework/src/Illuminate/Pipeline/Pipeline.php(209): Illuminate\\Foundation\\Http\\Middleware\\TrimStrings->handle()
#39 /home/angklung/www.angklung-udjo.co.id/vendor/laravel/framework/src/Illuminate/Http/Middleware/ValidatePostSize.php(27): Illuminate\\Pipeline\\Pipeline->{closure:{closure:Illuminate\\Pipeline\\Pipeline::carry():184}:185}()
#40 /home/angklung/www.angklung-udjo.co.id/vendor/laravel/framework/src/Illuminate/Pipeline/Pipeline.php(209): Illuminate\\Http\\Middleware\\ValidatePostSize->handle()
#41 /home/angklung/www.angklung-udjo.co.id/vendor/laravel/framework/src/Illuminate/Foundation/Http/Middleware/PreventRequestsDuringMaintenance.php(110): Illuminate\\Pipeline\\Pipeline->{closure:{closure:Illuminate\\Pipeline\\Pipeline::carry():184}:185}()
#42 /home/angklung/www.angklung-udjo.co.id/vendor/laravel/framework/src/Illuminate/Pipeline/Pipeline.php(209): Illuminate\\Foundation\\Http\\Middleware\\PreventRequestsDuringMaintenance->handle()
#43 /home/angklung/www.angklung-udjo.co.id/vendor/laravel/framework/src/Illuminate/Http/Middleware/HandleCors.php(49): Illuminate\\Pipeline\\Pipeline->{closure:{closure:Illuminate\\Pipeline\\Pipeline::carry():184}:185}()
#44 /home/angklung/www.angklung-udjo.co.id/vendor/laravel/framework/src/Illuminate/Pipeline/Pipeline.php(209): Illuminate\\Http\\Middleware\\HandleCors->handle()
#45 /home/angklung/www.angklung-udjo.co.id/vendor/laravel/framework/src/Illuminate/Http/Middleware/TrustProxies.php(58): Illuminate\\Pipeline\\Pipeline->{closure:{closure:Illuminate\\Pipeline\\Pipeline::carry():184}:185}()
#46 /home/angklung/www.angklung-udjo.co.id/vendor/laravel/framework/src/Illuminate/Pipeline/Pipeline.php(209): Illuminate\\Http\\Middleware\\TrustProxies->handle()
#47 /home/angklung/www.angklung-udjo.co.id/vendor/laravel/framework/src/Illuminate/Foundation/Http/Middleware/InvokeDeferredCallbacks.php(22): Illuminate\\Pipeline\\Pipeline->{closure:{closure:Illuminate\\Pipeline\\Pipeline::carry():184}:185}()
#48 /home/angklung/www.angklung-udjo.co.id/vendor/laravel/framework/src/Illuminate/Pipeline/Pipeline.php(209): Illuminate\\Foundation\\Http\\Middleware\\InvokeDeferredCallbacks->handle()
#49 /home/angklung/www.angklung-udjo.co.id/vendor/laravel/framework/src/Illuminate/Pipeline/Pipeline.php(127): Illuminate\\Pipeline\\Pipeline->{closure:{closure:Illuminate\\Pipeline\\Pipeline::carry():184}:185}()
#50 /home/angklung/www.angklung-udjo.co.id/vendor/laravel/framework/src/Illuminate/Foundation/Http/Kernel.php(176): Illuminate\\Pipeline\\Pipeline->then()
#51 /home/angklung/www.angklung-udjo.co.id/vendor/laravel/framework/src/Illuminate/Foundation/Http/Kernel.php(145): Illuminate\\Foundation\\Http\\Kernel->sendRequestThroughRouter()
#52 /home/angklung/www.angklung-udjo.co.id/vendor/laravel/framework/src/Illuminate/Foundation/Application.php(1220): Illuminate\\Foundation\\Http\\Kernel->handle()
#53 /home/angklung/www.angklung-udjo.co.id/public/index.php(20): Illuminate\\Foundation\\Application->handleRequest()
#54 {main}
"} 
[2026-06-06 08:08:25] production.ERROR: View [privacy-policy] not found. {"exception":"[object] (InvalidArgumentException(code: 0): View [privacy-policy] not found. at /home/angklung/www.angklung-udjo.co.id/vendor/laravel/framework/src/Illuminate/View/FileViewFinder.php:139)
[stacktrace]
#0 /home/angklung/www.angklung-udjo.co.id/vendor/laravel/framework/src/Illuminate/View/FileViewFinder.php(79): Illuminate\\View\\FileViewFinder->findInPaths()
#1 /home/angklung/www.angklung-udjo.co.id/vendor/laravel/framework/src/Illuminate/View/Factory.php(151): Illuminate\\View\\FileViewFinder->find()
#2 /home/angklung/www.angklung-udjo.co.id/vendor/laravel/framework/src/Illuminate/Foundation/helpers.php(1062): Illuminate\\View\\Factory->make()
#3 /home/angklung/www.angklung-udjo.co.id/routes/web.php(122): view()
#4 /home/angklung/www.angklung-udjo.co.id/vendor/laravel/framework/src/Illuminate/Routing/CallableDispatcher.php(40): Illuminate\\Routing\\RouteFileRegistrar->{closure:/home/angklung/www.angklung-udjo.co.id/routes/web.php:122}()
#5 /home/angklung/www.angklung-udjo.co.id/vendor/laravel/framework/src/Illuminate/Routing/Route.php(244): Illuminate\\Routing\\CallableDispatcher->dispatch()
#6 /home/angklung/www.angklung-udjo.co.id/vendor/laravel/framework/src/Illuminate/Routing/Route.php(215): Illuminate\\Routing\\Route->runCallable()
#7 /home/angklung/www.angklung-udjo.co.id/vendor/laravel/framework/src/Illuminate/Routing/Router.php(808): Illuminate\\Routing\\Route->run()
#8 /home/angklung/www.angklung-udjo.co.id/vendor/laravel/framework/src/Illuminate/Pipeline/Pipeline.php(170): Illuminate\\Routing\\Router->{closure:Illuminate\\Routing\\Router::runRouteWithinStack():807}()
#9 /home/angklung/www.angklung-udjo.co.id/app/Http/Middleware/SecurityHeaders.php(11): Illuminate\\Pipeline\\Pipeline->{closure:Illuminate\\Pipeline\\Pipeline::prepareDestination():168}()
#10 /home/angklung/www.angklung-udjo.co.id/vendor/laravel/framework/src/Illuminate/Pipeline/Pipeline.php(209): App\\Http\\Middleware\\SecurityHeaders->handle()
#11 /home/angklung/www.angklung-udjo.co.id/app/Http/Middleware/SetLocale.php(26): Illuminate\\Pipeline\\Pipeline->{closure:{closure:Illuminate\\Pipeline\\Pipeline::carry():184}:185}()
#12 /home/angklung/www.angklung-udjo.co.id/vendor/laravel/framework/src/Illuminate/Pipeline/Pipeline.php(209): App\\Http\\Middleware\\SetLocale->handle()
#13 /home/angklung/www.angklung-udjo.co.id/vendor/laravel/framework/src/Illuminate/Routing/Middleware/SubstituteBindings.php(51): Illuminate\\Pipeline\\Pipeline->{closure:{closure:Illuminate\\Pipeline\\Pipeline::carry():184}:185}()
#14 /home/angklung/www.angklung-udjo.co.id/vendor/laravel/framework/src/Illuminate/Pipeline/Pipeline.php(209): Illuminate\\Routing\\Middleware\\SubstituteBindings->handle()
#15 /home/angklung/www.angklung-udjo.co.id/vendor/laravel/framework/src/Illuminate/Foundation/Http/Middleware/VerifyCsrfToken.php(88): Illuminate\\Pipeline\\Pipeline->{closure:{closure:Illuminate\\Pipeline\\Pipeline::carry():184}:185}()
#16 /home/angklung/www.angklung-udjo.co.id/vendor/laravel/framework/src/Illuminate/Pipeline/Pipeline.php(209): Illuminate\\Foundation\\Http\\Middleware\\VerifyCsrfToken->handle()
#17 /home/angklung/www.angklung-udjo.co.id/vendor/laravel/framework/src/Illuminate/View/Middleware/ShareErrorsFromSession.php(49): Illuminate\\Pipeline\\Pipeline->{closure:{closure:Illuminate\\Pipeline\\Pipeline::carry():184}:185}()
#18 /home/angklung/www.angklung-udjo.co.id/vendor/laravel/framework/src/Illuminate/Pipeline/Pipeline.php(209): Illuminate\\View\\Middleware\\ShareErrorsFromSession->handle()
#19 /home/angklung/www.angklung-udjo.co.id/vendor/laravel/framework/src/Illuminate/Session/Middleware/StartSession.php(121): Illuminate\\Pipeline\\Pipeline->{closure:{closure:Illuminate\\Pipeline\\Pipeline::carry():184}:185}()
#20 /home/angklung/www.angklung-udjo.co.id/vendor/laravel/framework/src/Illuminate/Session/Middleware/StartSession.php(64): Illuminate\\Session\\Middleware\\StartSession->handleStatefulRequest()
#21 /home/angklung/www.angklung-udjo.co.id/vendor/laravel/framework/src/Illuminate/Pipeline/Pipeline.php(209): Illuminate\\Session\\Middleware\\StartSession->handle()
#22 /home/angklung/www.angklung-udjo.co.id/vendor/laravel/framework/src/Illuminate/Cookie/Middleware/AddQueuedCookiesToResponse.php(37): Illuminate\\Pipeline\\Pipeline->{closure:{closure:Illuminate\\Pipeline\\Pipeline::carry():184}:185}()
#23 /home/angklung/www.angklung-udjo.co.id/vendor/laravel/framework/src/Illuminate/Pipeline/Pipeline.php(209): Illuminate\\Cookie\\Middleware\\AddQueuedCookiesToResponse->handle()
#24 /home/angklung/www.angklung-udjo.co.id/vendor/laravel/framework/src/Illuminate/Cookie/Middleware/EncryptCookies.php(75): Illuminate\\Pipeline\\Pipeline->{closure:{closure:Illuminate\\Pipeline\\Pipeline::carry():184}:185}()
#25 /home/angklung/www.angklung-udjo.co.id/vendor/laravel/framework/src/Illuminate/Pipeline/Pipeline.php(209): Illuminate\\Cookie\\Middleware\\EncryptCookies->handle()
#26 /home/angklung/www.angklung-udjo.co.id/vendor/laravel/framework/src/Illuminate/Pipeline/Pipeline.php(127): Illuminate\\Pipeline\\Pipeline->{closure:{closure:Illuminate\\Pipeline\\Pipeline::carry():184}:185}()
#27 /home/angklung/www.angklung-udjo.co.id/vendor/laravel/framework/src/Illuminate/Routing/Router.php(807): Illuminate\\Pipeline\\Pipeline->then()
#28 /home/angklung/www.angklung-udjo.co.id/vendor/laravel/framework/src/Illuminate/Routing/Router.php(786): Illuminate\\Routing\\Router->runRouteWithinStack()
#29 /home/angklung/www.angklung-udjo.co.id/vendor/laravel/framework/src/Illuminate/Routing/Router.php(750): Illuminate\\Routing\\Router->runRoute()
#30 /home/angklung/www.angklung-udjo.co.id/vendor/laravel/framework/src/Illuminate/Routing/Router.php(739): Illuminate\\Routing\\Router->dispatchToRoute()
#31 /home/angklung/www.angklung-udjo.co.id/vendor/laravel/framework/src/Illuminate/Foundation/Http/Kernel.php(201): Illuminate\\Routing\\Router->dispatch()
#32 /home/angklung/www.angklung-udjo.co.id/vendor/laravel/framework/src/Illuminate/Pipeline/Pipeline.php(170): Illuminate\\Foundation\\Http\\Kernel->{closure:Illuminate\\Foundation\\Http\\Kernel::dispatchToRouter():198}()
#33 /home/angklung/www.angklung-udjo.co.id/vendor/laravel/framework/src/Illuminate/Foundation/Http/Middleware/TransformsRequest.php(21): Illuminate\\Pipeline\\Pipeline->{closure:Illuminate\\Pipeline\\Pipeline::prepareDestination():168}()
#34 /home/angklung/www.angklung-udjo.co.id/vendor/laravel/framework/src/Illuminate/Foundation/Http/Middleware/ConvertEmptyStringsToNull.php(31): Illuminate\\Foundation\\Http\\Middleware\\TransformsRequest->handle()
#35 /home/angklung/www.angklung-udjo.co.id/vendor/laravel/framework/src/Illuminate/Pipeline/Pipeline.php(209): Illuminate\\Foundation\\Http\\Middleware\\ConvertEmptyStringsToNull->handle()
#36 /home/angklung/www.angklung-udjo.co.id/vendor/laravel/framework/src/Illuminate/Foundation/Http/Middleware/TransformsRequest.php(21): Illuminate\\Pipeline\\Pipeline->{closure:{closure:Illuminate\\Pipeline\\Pipeline::carry():184}:185}()
#37 /home/angklung/www.angklung-udjo.co.id/vendor/laravel/framework/src/Illuminate/Foundation/Http/Middleware/TrimStrings.php(51): Illuminate\\Foundation\\Http\\Middleware\\TransformsRequest->handle()
#38 /home/angklung/www.angklung-udjo.co.id/vendor/laravel/framework/src/Illuminate/Pipeline/Pipeline.php(209): Illuminate\\Foundation\\Http\\Middleware\\TrimStrings->handle()
#39 /home/angklung/www.angklung-udjo.co.id/vendor/laravel/framework/src/Illuminate/Http/Middleware/ValidatePostSize.php(27): Illuminate\\Pipeline\\Pipeline->{closure:{closure:Illuminate\\Pipeline\\Pipeline::carry():184}:185}()
#40 /home/angklung/www.angklung-udjo.co.id/vendor/laravel/framework/src/Illuminate/Pipeline/Pipeline.php(209): Illuminate\\Http\\Middleware\\ValidatePostSize->handle()
#41 /home/angklung/www.angklung-udjo.co.id/vendor/laravel/framework/src/Illuminate/Foundation/Http/Middleware/PreventRequestsDuringMaintenance.php(110): Illuminate\\Pipeline\\Pipeline->{closure:{closure:Illuminate\\Pipeline\\Pipeline::carry():184}:185}()
#42 /home/angklung/www.angklung-udjo.co.id/vendor/laravel/framework/src/Illuminate/Pipeline/Pipeline.php(209): Illuminate\\Foundation\\Http\\Middleware\\PreventRequestsDuringMaintenance->handle()
#43 /home/angklung/www.angklung-udjo.co.id/vendor/laravel/framework/src/Illuminate/Http/Middleware/HandleCors.php(49): Illuminate\\Pipeline\\Pipeline->{closure:{closure:Illuminate\\Pipeline\\Pipeline::carry():184}:185}()
#44 /home/angklung/www.angklung-udjo.co.id/vendor/laravel/framework/src/Illuminate/Pipeline/Pipeline.php(209): Illuminate\\Http\\Middleware\\HandleCors->handle()
#45 /home/angklung/www.angklung-udjo.co.id/vendor/laravel/framework/src/Illuminate/Http/Middleware/TrustProxies.php(58): Illuminate\\Pipeline\\Pipeline->{closure:{closure:Illuminate\\Pipeline\\Pipeline::carry():184}:185}()
#46 /home/angklung/www.angklung-udjo.co.id/vendor/laravel/framework/src/Illuminate/Pipeline/Pipeline.php(209): Illuminate\\Http\\Middleware\\TrustProxies->handle()
#47 /home/angklung/www.angklung-udjo.co.id/vendor/laravel/framework/src/Illuminate/Foundation/Http/Middleware/InvokeDeferredCallbacks.php(22): Illuminate\\Pipeline\\Pipeline->{closure:{closure:Illuminate\\Pipeline\\Pipeline::carry():184}:185}()
#48 /home/angklung/www.angklung-udjo.co.id/vendor/laravel/framework/src/Illuminate/Pipeline/Pipeline.php(209): Illuminate\\Foundation\\Http\\Middleware\\InvokeDeferredCallbacks->handle()
#49 /home/angklung/www.angklung-udjo.co.id/vendor/laravel/framework/src/Illuminate/Pipeline/Pipeline.php(127): Illuminate\\Pipeline\\Pipeline->{closure:{closure:Illuminate\\Pipeline\\Pipeline::carry():184}:185}()
#50 /home/angklung/www.angklung-udjo.co.id/vendor/laravel/framework/src/Illuminate/Foundation/Http/Kernel.php(176): Illuminate\\Pipeline\\Pipeline->then()
#51 /home/angklung/www.angklung-udjo.co.id/vendor/laravel/framework/src/Illuminate/Foundation/Http/Kernel.php(145): Illuminate\\Foundation\\Http\\Kernel->sendRequestThroughRouter()
#52 /home/angklung/www.angklung-udjo.co.id/vendor/laravel/framework/src/Illuminate/Foundation/Application.php(1220): Illuminate\\Foundation\\Http\\Kernel->handle()
#53 /home/angklung/www.angklung-udjo.co.id/public/index.php(20): Illuminate\\Foundation\\Application->handleRequest()
#54 {main}
"} 
[2026-06-06 08:08:31] production.ERROR: View [privacy-policy] not found. {"exception":"[object] (InvalidArgumentException(code: 0): View [privacy-policy] not found. at /home/angklung/www.angklung-udjo.co.id/vendor/laravel/framework/src/Illuminate/View/FileViewFinder.php:139)
[stacktrace]
#0 /home/angklung/www.angklung-udjo.co.id/vendor/laravel/framework/src/Illuminate/View/FileViewFinder.php(79): Illuminate\\View\\FileViewFinder->findInPaths()
#1 /home/angklung/www.angklung-udjo.co.id/vendor/laravel/framework/src/Illuminate/View/Factory.php(151): Illuminate\\View\\FileViewFinder->find()
#2 /home/angklung/www.angklung-udjo.co.id/vendor/laravel/framework/src/Illuminate/Foundation/helpers.php(1062): Illuminate\\View\\Factory->make()
#3 /home/angklung/www.angklung-udjo.co.id/routes/web.php(122): view()
#4 /home/angklung/www.angklung-udjo.co.id/vendor/laravel/framework/src/Illuminate/Routing/CallableDispatcher.php(40): Illuminate\\Routing\\RouteFileRegistrar->{closure:/home/angklung/www.angklung-udjo.co.id/routes/web.php:122}()
#5 /home/angklung/www.angklung-udjo.co.id/vendor/laravel/framework/src/Illuminate/Routing/Route.php(244): Illuminate\\Routing\\CallableDispatcher->dispatch()
#6 /home/angklung/www.angklung-udjo.co.id/vendor/laravel/framework/src/Illuminate/Routing/Route.php(215): Illuminate\\Routing\\Route->runCallable()
#7 /home/angklung/www.angklung-udjo.co.id/vendor/laravel/framework/src/Illuminate/Routing/Router.php(808): Illuminate\\Routing\\Route->run()
#8 /home/angklung/www.angklung-udjo.co.id/vendor/laravel/framework/src/Illuminate/Pipeline/Pipeline.php(170): Illuminate\\Routing\\Router->{closure:Illuminate\\Routing\\Router::runRouteWithinStack():807}()
#9 /home/angklung/www.angklung-udjo.co.id/app/Http/Middleware/SecurityHeaders.php(11): Illuminate\\Pipeline\\Pipeline->{closure:Illuminate\\Pipeline\\Pipeline::prepareDestination():168}()
#10 /home/angklung/www.angklung-udjo.co.id/vendor/laravel/framework/src/Illuminate/Pipeline/Pipeline.php(209): App\\Http\\Middleware\\SecurityHeaders->handle()
#11 /home/angklung/www.angklung-udjo.co.id/app/Http/Middleware/SetLocale.php(26): Illuminate\\Pipeline\\Pipeline->{closure:{closure:Illuminate\\Pipeline\\Pipeline::carry():184}:185}()
#12 /home/angklung/www.angklung-udjo.co.id/vendor/laravel/framework/src/Illuminate/Pipeline/Pipeline.php(209): App\\Http\\Middleware\\SetLocale->handle()
#13 /home/angklung/www.angklung-udjo.co.id/vendor/laravel/framework/src/Illuminate/Routing/Middleware/SubstituteBindings.php(51): Illuminate\\Pipeline\\Pipeline->{closure:{closure:Illuminate\\Pipeline\\Pipeline::carry():184}:185}()
#14 /home/angklung/www.angklung-udjo.co.id/vendor/laravel/framework/src/Illuminate/Pipeline/Pipeline.php(209): Illuminate\\Routing\\Middleware\\SubstituteBindings->handle()
#15 /home/angklung/www.angklung-udjo.co.id/vendor/laravel/framework/src/Illuminate/Foundation/Http/Middleware/VerifyCsrfToken.php(88): Illuminate\\Pipeline\\Pipeline->{closure:{closure:Illuminate\\Pipeline\\Pipeline::carry():184}:185}()
#16 /home/angklung/www.angklung-udjo.co.id/vendor/laravel/framework/src/Illuminate/Pipeline/Pipeline.php(209): Illuminate\\Foundation\\Http\\Middleware\\VerifyCsrfToken->handle()
#17 /home/angklung/www.angklung-udjo.co.id/vendor/laravel/framework/src/Illuminate/View/Middleware/ShareErrorsFromSession.php(49): Illuminate\\Pipeline\\Pipeline->{closure:{closure:Illuminate\\Pipeline\\Pipeline::carry():184}:185}()
#18 /home/angklung/www.angklung-udjo.co.id/vendor/laravel/framework/src/Illuminate/Pipeline/Pipeline.php(209): Illuminate\\View\\Middleware\\ShareErrorsFromSession->handle()
#19 /home/angklung/www.angklung-udjo.co.id/vendor/laravel/framework/src/Illuminate/Session/Middleware/StartSession.php(121): Illuminate\\Pipeline\\Pipeline->{closure:{closure:Illuminate\\Pipeline\\Pipeline::carry():184}:185}()
#20 /home/angklung/www.angklung-udjo.co.id/vendor/laravel/framework/src/Illuminate/Session/Middleware/StartSession.php(64): Illuminate\\Session\\Middleware\\StartSession->handleStatefulRequest()
#21 /home/angklung/www.angklung-udjo.co.id/vendor/laravel/framework/src/Illuminate/Pipeline/Pipeline.php(209): Illuminate\\Session\\Middleware\\StartSession->handle()
#22 /home/angklung/www.angklung-udjo.co.id/vendor/laravel/framework/src/Illuminate/Cookie/Middleware/AddQueuedCookiesToResponse.php(37): Illuminate\\Pipeline\\Pipeline->{closure:{closure:Illuminate\\Pipeline\\Pipeline::carry():184}:185}()
#23 /home/angklung/www.angklung-udjo.co.id/vendor/laravel/framework/src/Illuminate/Pipeline/Pipeline.php(209): Illuminate\\Cookie\\Middleware\\AddQueuedCookiesToResponse->handle()
#24 /home/angklung/www.angklung-udjo.co.id/vendor/laravel/framework/src/Illuminate/Cookie/Middleware/EncryptCookies.php(75): Illuminate\\Pipeline\\Pipeline->{closure:{closure:Illuminate\\Pipeline\\Pipeline::carry():184}:185}()
#25 /home/angklung/www.angklung-udjo.co.id/vendor/laravel/framework/src/Illuminate/Pipeline/Pipeline.php(209): Illuminate\\Cookie\\Middleware\\EncryptCookies->handle()
#26 /home/angklung/www.angklung-udjo.co.id/vendor/laravel/framework/src/Illuminate/Pipeline/Pipeline.php(127): Illuminate\\Pipeline\\Pipeline->{closure:{closure:Illuminate\\Pipeline\\Pipeline::carry():184}:185}()
#27 /home/angklung/www.angklung-udjo.co.id/vendor/laravel/framework/src/Illuminate/Routing/Router.php(807): Illuminate\\Pipeline\\Pipeline->then()
#28 /home/angklung/www.angklung-udjo.co.id/vendor/laravel/framework/src/Illuminate/Routing/Router.php(786): Illuminate\\Routing\\Router->runRouteWithinStack()
#29 /home/angklung/www.angklung-udjo.co.id/vendor/laravel/framework/src/Illuminate/Routing/Router.php(750): Illuminate\\Routing\\Router->runRoute()
#30 /home/angklung/www.angklung-udjo.co.id/vendor/laravel/framework/src/Illuminate/Routing/Router.php(739): Illuminate\\Routing\\Router->dispatchToRoute()
#31 /home/angklung/www.angklung-udjo.co.id/vendor/laravel/framework/src/Illuminate/Foundation/Http/Kernel.php(201): Illuminate\\Routing\\Router->dispatch()
#32 /home/angklung/www.angklung-udjo.co.id/vendor/laravel/framework/src/Illuminate/Pipeline/Pipeline.php(170): Illuminate\\Foundation\\Http\\Kernel->{closure:Illuminate\\Foundation\\Http\\Kernel::dispatchToRouter():198}()
#33 /home/angklung/www.angklung-udjo.co.id/vendor/laravel/framework/src/Illuminate/Foundation/Http/Middleware/TransformsRequest.php(21): Illuminate\\Pipeline\\Pipeline->{closure:Illuminate\\Pipeline\\Pipeline::prepareDestination():168}()
#34 /home/angklung/www.angklung-udjo.co.id/vendor/laravel/framework/src/Illuminate/Foundation/Http/Middleware/ConvertEmptyStringsToNull.php(31): Illuminate\\Foundation\\Http\\Middleware\\TransformsRequest->handle()
#35 /home/angklung/www.angklung-udjo.co.id/vendor/laravel/framework/src/Illuminate/Pipeline/Pipeline.php(209): Illuminate\\Foundation\\Http\\Middleware\\ConvertEmptyStringsToNull->handle()
#36 /home/angklung/www.angklung-udjo.co.id/vendor/laravel/framework/src/Illuminate/Foundation/Http/Middleware/TransformsRequest.php(21): Illuminate\\Pipeline\\Pipeline->{closure:{closure:Illuminate\\Pipeline\\Pipeline::carry():184}:185}()
#37 /home/angklung/www.angklung-udjo.co.id/vendor/laravel/framework/src/Illuminate/Foundation/Http/Middleware/TrimStrings.php(51): Illuminate\\Foundation\\Http\\Middleware\\TransformsRequest->handle()
#38 /home/angklung/www.angklung-udjo.co.id/vendor/laravel/framework/src/Illuminate/Pipeline/Pipeline.php(209): Illuminate\\Foundation\\Http\\Middleware\\TrimStrings->handle()
#39 /home/angklung/www.angklung-udjo.co.id/vendor/laravel/framework/src/Illuminate/Http/Middleware/ValidatePostSize.php(27): Illuminate\\Pipeline\\Pipeline->{closure:{closure:Illuminate\\Pipeline\\Pipeline::carry():184}:185}()
#40 /home/angklung/www.angklung-udjo.co.id/vendor/laravel/framework/src/Illuminate/Pipeline/Pipeline.php(209): Illuminate\\Http\\Middleware\\ValidatePostSize->handle()
#41 /home/angklung/www.angklung-udjo.co.id/vendor/laravel/framework/src/Illuminate/Foundation/Http/Middleware/PreventRequestsDuringMaintenance.php(110): Illuminate\\Pipeline\\Pipeline->{closure:{closure:Illuminate\\Pipeline\\Pipeline::carry():184}:185}()
#42 /home/angklung/www.angklung-udjo.co.id/vendor/laravel/framework/src/Illuminate/Pipeline/Pipeline.php(209): Illuminate\\Foundation\\Http\\Middleware\\PreventRequestsDuringMaintenance->handle()
#43 /home/angklung/www.angklung-udjo.co.id/vendor/laravel/framework/src/Illuminate/Http/Middleware/HandleCors.php(49): Illuminate\\Pipeline\\Pipeline->{closure:{closure:Illuminate\\Pipeline\\Pipeline::carry():184}:185}()
#44 /home/angklung/www.angklung-udjo.co.id/vendor/laravel/framework/src/Illuminate/Pipeline/Pipeline.php(209): Illuminate\\Http\\Middleware\\HandleCors->handle()
#45 /home/angklung/www.angklung-udjo.co.id/vendor/laravel/framework/src/Illuminate/Http/Middleware/TrustProxies.php(58): Illuminate\\Pipeline\\Pipeline->{closure:{closure:Illuminate\\Pipeline\\Pipeline::carry():184}:185}()
#46 /home/angklung/www.angklung-udjo.co.id/vendor/laravel/framework/src/Illuminate/Pipeline/Pipeline.php(209): Illuminate\\Http\\Middleware\\TrustProxies->handle()
#47 /home/angklung/www.angklung-udjo.co.id/vendor/laravel/framework/src/Illuminate/Foundation/Http/Middleware/InvokeDeferredCallbacks.php(22): Illuminate\\Pipeline\\Pipeline->{closure:{closure:Illuminate\\Pipeline\\Pipeline::carry():184}:185}()
#48 /home/angklung/www.angklung-udjo.co.id/vendor/laravel/framework/src/Illuminate/Pipeline/Pipeline.php(209): Illuminate\\Foundation\\Http\\Middleware\\InvokeDeferredCallbacks->handle()
#49 /home/angklung/www.angklung-udjo.co.id/vendor/laravel/framework/src/Illuminate/Pipeline/Pipeline.php(127): Illuminate\\Pipeline\\Pipeline->{closure:{closure:Illuminate\\Pipeline\\Pipeline::carry():184}:185}()
#50 /home/angklung/www.angklung-udjo.co.id/vendor/laravel/framework/src/Illuminate/Foundation/Http/Kernel.php(176): Illuminate\\Pipeline\\Pipeline->then()
#51 /home/angklung/www.angklung-udjo.co.id/vendor/laravel/framework/src/Illuminate/Foundation/Http/Kernel.php(145): Illuminate\\Foundation\\Http\\Kernel->sendRequestThroughRouter()
#52 /home/angklung/www.angklung-udjo.co.id/vendor/laravel/framework/src/Illuminate/Foundation/Application.php(1220): Illuminate\\Foundation\\Http\\Kernel->handle()
#53 /home/angklung/www.angklung-udjo.co.id/public/index.php(20): Illuminate\\Foundation\\Application->handleRequest()
#54 {main}
"} 
[2026-06-06 09:37:54] production.ERROR: View [Ramadhan] not found. {"exception":"[object] (InvalidArgumentException(code: 0): View [Ramadhan] not found. at /home/angklung/www.angklung-udjo.co.id/vendor/laravel/framework/src/Illuminate/View/FileViewFinder.php:139)
[stacktrace]
#0 /home/angklung/www.angklung-udjo.co.id/vendor/laravel/framework/src/Illuminate/View/FileViewFinder.php(79): Illuminate\\View\\FileViewFinder->findInPaths()
#1 /home/angklung/www.angklung-udjo.co.id/vendor/laravel/framework/src/Illuminate/View/Factory.php(151): Illuminate\\View\\FileViewFinder->find()
#2 /home/angklung/www.angklung-udjo.co.id/vendor/laravel/framework/src/Illuminate/Foundation/helpers.php(1062): Illuminate\\View\\Factory->make()
#3 /home/angklung/www.angklung-udjo.co.id/routes/web.php(140): view()
#4 /home/angklung/www.angklung-udjo.co.id/vendor/laravel/framework/src/Illuminate/Routing/CallableDispatcher.php(40): Illuminate\\Routing\\RouteFileRegistrar->{closure:/home/angklung/www.angklung-udjo.co.id/routes/web.php:140}()
#5 /home/angklung/www.angklung-udjo.co.id/vendor/laravel/framework/src/Illuminate/Routing/Route.php(244): Illuminate\\Routing\\CallableDispatcher->dispatch()
#6 /home/angklung/www.angklung-udjo.co.id/vendor/laravel/framework/src/Illuminate/Routing/Route.php(215): Illuminate\\Routing\\Route->runCallable()
#7 /home/angklung/www.angklung-udjo.co.id/vendor/laravel/framework/src/Illuminate/Routing/Router.php(808): Illuminate\\Routing\\Route->run()
#8 /home/angklung/www.angklung-udjo.co.id/vendor/laravel/framework/src/Illuminate/Pipeline/Pipeline.php(170): Illuminate\\Routing\\Router->{closure:Illuminate\\Routing\\Router::runRouteWithinStack():807}()
#9 /home/angklung/www.angklung-udjo.co.id/app/Http/Middleware/SecurityHeaders.php(11): Illuminate\\Pipeline\\Pipeline->{closure:Illuminate\\Pipeline\\Pipeline::prepareDestination():168}()
#10 /home/angklung/www.angklung-udjo.co.id/vendor/laravel/framework/src/Illuminate/Pipeline/Pipeline.php(209): App\\Http\\Middleware\\SecurityHeaders->handle()
#11 /home/angklung/www.angklung-udjo.co.id/app/Http/Middleware/SetLocale.php(26): Illuminate\\Pipeline\\Pipeline->{closure:{closure:Illuminate\\Pipeline\\Pipeline::carry():184}:185}()
#12 /home/angklung/www.angklung-udjo.co.id/vendor/laravel/framework/src/Illuminate/Pipeline/Pipeline.php(209): App\\Http\\Middleware\\SetLocale->handle()
#13 /home/angklung/www.angklung-udjo.co.id/vendor/laravel/framework/src/Illuminate/Routing/Middleware/SubstituteBindings.php(51): Illuminate\\Pipeline\\Pipeline->{closure:{closure:Illuminate\\Pipeline\\Pipeline::carry():184}:185}()
#14 /home/angklung/www.angklung-udjo.co.id/vendor/laravel/framework/src/Illuminate/Pipeline/Pipeline.php(209): Illuminate\\Routing\\Middleware\\SubstituteBindings->handle()
#15 /home/angklung/www.angklung-udjo.co.id/vendor/laravel/framework/src/Illuminate/Foundation/Http/Middleware/VerifyCsrfToken.php(88): Illuminate\\Pipeline\\Pipeline->{closure:{closure:Illuminate\\Pipeline\\Pipeline::carry():184}:185}()
#16 /home/angklung/www.angklung-udjo.co.id/vendor/laravel/framework/src/Illuminate/Pipeline/Pipeline.php(209): Illuminate\\Foundation\\Http\\Middleware\\VerifyCsrfToken->handle()
#17 /home/angklung/www.angklung-udjo.co.id/vendor/laravel/framework/src/Illuminate/View/Middleware/ShareErrorsFromSession.php(49): Illuminate\\Pipeline\\Pipeline->{closure:{closure:Illuminate\\Pipeline\\Pipeline::carry():184}:185}()
#18 /home/angklung/www.angklung-udjo.co.id/vendor/laravel/framework/src/Illuminate/Pipeline/Pipeline.php(209): Illuminate\\View\\Middleware\\ShareErrorsFromSession->handle()
#19 /home/angklung/www.angklung-udjo.co.id/vendor/laravel/framework/src/Illuminate/Session/Middleware/StartSession.php(121): Illuminate\\Pipeline\\Pipeline->{closure:{closure:Illuminate\\Pipeline\\Pipeline::carry():184}:185}()
#20 /home/angklung/www.angklung-udjo.co.id/vendor/laravel/framework/src/Illuminate/Session/Middleware/StartSession.php(64): Illuminate\\Session\\Middleware\\StartSession->handleStatefulRequest()
#21 /home/angklung/www.angklung-udjo.co.id/vendor/laravel/framework/src/Illuminate/Pipeline/Pipeline.php(209): Illuminate\\Session\\Middleware\\StartSession->handle()
#22 /home/angklung/www.angklung-udjo.co.id/vendor/laravel/framework/src/Illuminate/Cookie/Middleware/AddQueuedCookiesToResponse.php(37): Illuminate\\Pipeline\\Pipeline->{closure:{closure:Illuminate\\Pipeline\\Pipeline::carry():184}:185}()
#23 /home/angklung/www.angklung-udjo.co.id/vendor/laravel/framework/src/Illuminate/Pipeline/Pipeline.php(209): Illuminate\\Cookie\\Middleware\\AddQueuedCookiesToResponse->handle()
#24 /home/angklung/www.angklung-udjo.co.id/vendor/laravel/framework/src/Illuminate/Cookie/Middleware/EncryptCookies.php(75): Illuminate\\Pipeline\\Pipeline->{closure:{closure:Illuminate\\Pipeline\\Pipeline::carry():184}:185}()
#25 /home/angklung/www.angklung-udjo.co.id/vendor/laravel/framework/src/Illuminate/Pipeline/Pipeline.php(209): Illuminate\\Cookie\\Middleware\\EncryptCookies->handle()
#26 /home/angklung/www.angklung-udjo.co.id/vendor/laravel/framework/src/Illuminate/Pipeline/Pipeline.php(127): Illuminate\\Pipeline\\Pipeline->{closure:{closure:Illuminate\\Pipeline\\Pipeline::carry():184}:185}()
#27 /home/angklung/www.angklung-udjo.co.id/vendor/laravel/framework/src/Illuminate/Routing/Router.php(807): Illuminate\\Pipeline\\Pipeline->then()
#28 /home/angklung/www.angklung-udjo.co.id/vendor/laravel/framework/src/Illuminate/Routing/Router.php(786): Illuminate\\Routing\\Router->runRouteWithinStack()
#29 /home/angklung/www.angklung-udjo.co.id/vendor/laravel/framework/src/Illuminate/Routing/Router.php(750): Illuminate\\Routing\\Router->runRoute()
#30 /home/angklung/www.angklung-udjo.co.id/vendor/laravel/framework/src/Illuminate/Routing/Router.php(739): Illuminate\\Routing\\Router->dispatchToRoute()
#31 /home/angklung/www.angklung-udjo.co.id/vendor/laravel/framework/src/Illuminate/Foundation/Http/Kernel.php(201): Illuminate\\Routing\\Router->dispatch()
#32 /home/angklung/www.angklung-udjo.co.id/vendor/laravel/framework/src/Illuminate/Pipeline/Pipeline.php(170): Illuminate\\Foundation\\Http\\Kernel->{closure:Illuminate\\Foundation\\Http\\Kernel::dispatchToRouter():198}()
#33 /home/angklung/www.angklung-udjo.co.id/vendor/laravel/framework/src/Illuminate/Foundation/Http/Middleware/TransformsRequest.php(21): Illuminate\\Pipeline\\Pipeline->{closure:Illuminate\\Pipeline\\Pipeline::prepareDestination():168}()
#34 /home/angklung/www.angklung-udjo.co.id/vendor/laravel/framework/src/Illuminate/Foundation/Http/Middleware/ConvertEmptyStringsToNull.php(31): Illuminate\\Foundation\\Http\\Middleware\\TransformsRequest->handle()
#35 /home/angklung/www.angklung-udjo.co.id/vendor/laravel/framework/src/Illuminate/Pipeline/Pipeline.php(209): Illuminate\\Foundation\\Http\\Middleware\\ConvertEmptyStringsToNull->handle()
#36 /home/angklung/www.angklung-udjo.co.id/vendor/laravel/framework/src/Illuminate/Foundation/Http/Middleware/TransformsRequest.php(21): Illuminate\\Pipeline\\Pipeline->{closure:{closure:Illuminate\\Pipeline\\Pipeline::carry():184}:185}()
#37 /home/angklung/www.angklung-udjo.co.id/vendor/laravel/framework/src/Illuminate/Foundation/Http/Middleware/TrimStrings.php(51): Illuminate\\Foundation\\Http\\Middleware\\TransformsRequest->handle()
#38 /home/angklung/www.angklung-udjo.co.id/vendor/laravel/framework/src/Illuminate/Pipeline/Pipeline.php(209): Illuminate\\Foundation\\Http\\Middleware\\TrimStrings->handle()
#39 /home/angklung/www.angklung-udjo.co.id/vendor/laravel/framework/src/Illuminate/Http/Middleware/ValidatePostSize.php(27): Illuminate\\Pipeline\\Pipeline->{closure:{closure:Illuminate\\Pipeline\\Pipeline::carry():184}:185}()
#40 /home/angklung/www.angklung-udjo.co.id/vendor/laravel/framework/src/Illuminate/Pipeline/Pipeline.php(209): Illuminate\\Http\\Middleware\\ValidatePostSize->handle()
#41 /home/angklung/www.angklung-udjo.co.id/vendor/laravel/framework/src/Illuminate/Foundation/Http/Middleware/PreventRequestsDuringMaintenance.php(110): Illuminate\\Pipeline\\Pipeline->{closure:{closure:Illuminate\\Pipeline\\Pipeline::carry():184}:185}()
#42 /home/angklung/www.angklung-udjo.co.id/vendor/laravel/framework/src/Illuminate/Pipeline/Pipeline.php(209): Illuminate\\Foundation\\Http\\Middleware\\PreventRequestsDuringMaintenance->handle()
#43 /home/angklung/www.angklung-udjo.co.id/vendor/laravel/framework/src/Illuminate/Http/Middleware/HandleCors.php(49): Illuminate\\Pipeline\\Pipeline->{closure:{closure:Illuminate\\Pipeline\\Pipeline::carry():184}:185}()
#44 /home/angklung/www.angklung-udjo.co.id/vendor/laravel/framework/src/Illuminate/Pipeline/Pipeline.php(209): Illuminate\\Http\\Middleware\\HandleCors->handle()
#45 /home/angklung/www.angklung-udjo.co.id/vendor/laravel/framework/src/Illuminate/Http/Middleware/TrustProxies.php(58): Illuminate\\Pipeline\\Pipeline->{closure:{closure:Illuminate\\Pipeline\\Pipeline::carry():184}:185}()
#46 /home/angklung/www.angklung-udjo.co.id/vendor/laravel/framework/src/Illuminate/Pipeline/Pipeline.php(209): Illuminate\\Http\\Middleware\\TrustProxies->handle()
#47 /home/angklung/www.angklung-udjo.co.id/vendor/laravel/framework/src/Illuminate/Foundation/Http/Middleware/InvokeDeferredCallbacks.php(22): Illuminate\\Pipeline\\Pipeline->{closure:{closure:Illuminate\\Pipeline\\Pipeline::carry():184}:185}()
#48 /home/angklung/www.angklung-udjo.co.id/vendor/laravel/framework/src/Illuminate/Pipeline/Pipeline.php(209): Illuminate\\Foundation\\Http\\Middleware\\InvokeDeferredCallbacks->handle()
#49 /home/angklung/www.angklung-udjo.co.id/vendor/laravel/framework/src/Illuminate/Pipeline/Pipeline.php(127): Illuminate\\Pipeline\\Pipeline->{closure:{closure:Illuminate\\Pipeline\\Pipeline::carry():184}:185}()
#50 /home/angklung/www.angklung-udjo.co.id/vendor/laravel/framework/src/Illuminate/Foundation/Http/Kernel.php(176): Illuminate\\Pipeline\\Pipeline->then()
#51 /home/angklung/www.angklung-udjo.co.id/vendor/laravel/framework/src/Illuminate/Foundation/Http/Kernel.php(145): Illuminate\\Foundation\\Http\\Kernel->sendRequestThroughRouter()
#52 /home/angklung/www.angklung-udjo.co.id/vendor/laravel/framework/src/Illuminate/Foundation/Application.php(1220): Illuminate\\Foundation\\Http\\Kernel->handle()
#53 /home/angklung/www.angklung-udjo.co.id/public/index.php(20): Illuminate\\Foundation\\Application->handleRequest()
#54 {main}
"} 
[2026-06-06 13:25:21] production.ERROR: View [shows.show] not found. {"exception":"[object] (InvalidArgumentException(code: 0): View [shows.show] not found. at /home/angklung/www.angklung-udjo.co.id/vendor/laravel/framework/src/Illuminate/View/FileViewFinder.php:139)
[stacktrace]
#0 /home/angklung/www.angklung-udjo.co.id/vendor/laravel/framework/src/Illuminate/View/FileViewFinder.php(79): Illuminate\\View\\FileViewFinder->findInPaths()
#1 /home/angklung/www.angklung-udjo.co.id/vendor/laravel/framework/src/Illuminate/View/Factory.php(151): Illuminate\\View\\FileViewFinder->find()
#2 /home/angklung/www.angklung-udjo.co.id/vendor/laravel/framework/src/Illuminate/Foundation/helpers.php(1062): Illuminate\\View\\Factory->make()
#3 /home/angklung/www.angklung-udjo.co.id/app/Http/Controllers/ShowController.php(22): view()
#4 /home/angklung/www.angklung-udjo.co.id/vendor/laravel/framework/src/Illuminate/Routing/ControllerDispatcher.php(47): App\\Http\\Controllers\\ShowController->show()
#5 /home/angklung/www.angklung-udjo.co.id/vendor/laravel/framework/src/Illuminate/Routing/Route.php(266): Illuminate\\Routing\\ControllerDispatcher->dispatch()
#6 /home/angklung/www.angklung-udjo.co.id/vendor/laravel/framework/src/Illuminate/Routing/Route.php(212): Illuminate\\Routing\\Route->runController()
#7 /home/angklung/www.angklung-udjo.co.id/vendor/laravel/framework/src/Illuminate/Routing/Router.php(808): Illuminate\\Routing\\Route->run()
#8 /home/angklung/www.angklung-udjo.co.id/vendor/laravel/framework/src/Illuminate/Pipeline/Pipeline.php(170): Illuminate\\Routing\\Router->{closure:Illuminate\\Routing\\Router::runRouteWithinStack():807}()
#9 /home/angklung/www.angklung-udjo.co.id/app/Http/Middleware/SecurityHeaders.php(11): Illuminate\\Pipeline\\Pipeline->{closure:Illuminate\\Pipeline\\Pipeline::prepareDestination():168}()
#10 /home/angklung/www.angklung-udjo.co.id/vendor/laravel/framework/src/Illuminate/Pipeline/Pipeline.php(209): App\\Http\\Middleware\\SecurityHeaders->handle()
#11 /home/angklung/www.angklung-udjo.co.id/app/Http/Middleware/SetLocale.php(26): Illuminate\\Pipeline\\Pipeline->{closure:{closure:Illuminate\\Pipeline\\Pipeline::carry():184}:185}()
#12 /home/angklung/www.angklung-udjo.co.id/vendor/laravel/framework/src/Illuminate/Pipeline/Pipeline.php(209): App\\Http\\Middleware\\SetLocale->handle()
#13 /home/angklung/www.angklung-udjo.co.id/vendor/laravel/framework/src/Illuminate/Routing/Middleware/SubstituteBindings.php(51): Illuminate\\Pipeline\\Pipeline->{closure:{closure:Illuminate\\Pipeline\\Pipeline::carry():184}:185}()
#14 /home/angklung/www.angklung-udjo.co.id/vendor/laravel/framework/src/Illuminate/Pipeline/Pipeline.php(209): Illuminate\\Routing\\Middleware\\SubstituteBindings->handle()
#15 /home/angklung/www.angklung-udjo.co.id/vendor/laravel/framework/src/Illuminate/Foundation/Http/Middleware/VerifyCsrfToken.php(88): Illuminate\\Pipeline\\Pipeline->{closure:{closure:Illuminate\\Pipeline\\Pipeline::carry():184}:185}()
#16 /home/angklung/www.angklung-udjo.co.id/vendor/laravel/framework/src/Illuminate/Pipeline/Pipeline.php(209): Illuminate\\Foundation\\Http\\Middleware\\VerifyCsrfToken->handle()
#17 /home/angklung/www.angklung-udjo.co.id/vendor/laravel/framework/src/Illuminate/View/Middleware/ShareErrorsFromSession.php(49): Illuminate\\Pipeline\\Pipeline->{closure:{closure:Illuminate\\Pipeline\\Pipeline::carry():184}:185}()
#18 /home/angklung/www.angklung-udjo.co.id/vendor/laravel/framework/src/Illuminate/Pipeline/Pipeline.php(209): Illuminate\\View\\Middleware\\ShareErrorsFromSession->handle()
#19 /home/angklung/www.angklung-udjo.co.id/vendor/laravel/framework/src/Illuminate/Session/Middleware/StartSession.php(121): Illuminate\\Pipeline\\Pipeline->{closure:{closure:Illuminate\\Pipeline\\Pipeline::carry():184}:185}()
#20 /home/angklung/www.angklung-udjo.co.id/vendor/laravel/framework/src/Illuminate/Session/Middleware/StartSession.php(64): Illuminate\\Session\\Middleware\\StartSession->handleStatefulRequest()
#21 /home/angklung/www.angklung-udjo.co.id/vendor/laravel/framework/src/Illuminate/Pipeline/Pipeline.php(209): Illuminate\\Session\\Middleware\\StartSession->handle()
#22 /home/angklung/www.angklung-udjo.co.id/vendor/laravel/framework/src/Illuminate/Cookie/Middleware/AddQueuedCookiesToResponse.php(37): Illuminate\\Pipeline\\Pipeline->{closure:{closure:Illuminate\\Pipeline\\Pipeline::carry():184}:185}()
#23 /home/angklung/www.angklung-udjo.co.id/vendor/laravel/framework/src/Illuminate/Pipeline/Pipeline.php(209): Illuminate\\Cookie\\Middleware\\AddQueuedCookiesToResponse->handle()
#24 /home/angklung/www.angklung-udjo.co.id/vendor/laravel/framework/src/Illuminate/Cookie/Middleware/EncryptCookies.php(75): Illuminate\\Pipeline\\Pipeline->{closure:{closure:Illuminate\\Pipeline\\Pipeline::carry():184}:185}()
#25 /home/angklung/www.angklung-udjo.co.id/vendor/laravel/framework/src/Illuminate/Pipeline/Pipeline.php(209): Illuminate\\Cookie\\Middleware\\EncryptCookies->handle()
#26 /home/angklung/www.angklung-udjo.co.id/vendor/laravel/framework/src/Illuminate/Pipeline/Pipeline.php(127): Illuminate\\Pipeline\\Pipeline->{closure:{closure:Illuminate\\Pipeline\\Pipeline::carry():184}:185}()
#27 /home/angklung/www.angklung-udjo.co.id/vendor/laravel/framework/src/Illuminate/Routing/Router.php(807): Illuminate\\Pipeline\\Pipeline->then()
#28 /home/angklung/www.angklung-udjo.co.id/vendor/laravel/framework/src/Illuminate/Routing/Router.php(786): Illuminate\\Routing\\Router->runRouteWithinStack()
#29 /home/angklung/www.angklung-udjo.co.id/vendor/laravel/framework/src/Illuminate/Routing/Router.php(750): Illuminate\\Routing\\Router->runRoute()
#30 /home/angklung/www.angklung-udjo.co.id/vendor/laravel/framework/src/Illuminate/Routing/Router.php(739): Illuminate\\Routing\\Router->dispatchToRoute()
#31 /home/angklung/www.angklung-udjo.co.id/vendor/laravel/framework/src/Illuminate/Foundation/Http/Kernel.php(201): Illuminate\\Routing\\Router->dispatch()
#32 /home/angklung/www.angklung-udjo.co.id/vendor/laravel/framework/src/Illuminate/Pipeline/Pipeline.php(170): Illuminate\\Foundation\\Http\\Kernel->{closure:Illuminate\\Foundation\\Http\\Kernel::dispatchToRouter():198}()
#33 /home/angklung/www.angklung-udjo.co.id/vendor/laravel/framework/src/Illuminate/Foundation/Http/Middleware/TransformsRequest.php(21): Illuminate\\Pipeline\\Pipeline->{closure:Illuminate\\Pipeline\\Pipeline::prepareDestination():168}()
#34 /home/angklung/www.angklung-udjo.co.id/vendor/laravel/framework/src/Illuminate/Foundation/Http/Middleware/ConvertEmptyStringsToNull.php(31): Illuminate\\Foundation\\Http\\Middleware\\TransformsRequest->handle()
#35 /home/angklung/www.angklung-udjo.co.id/vendor/laravel/framework/src/Illuminate/Pipeline/Pipeline.php(209): Illuminate\\Foundation\\Http\\Middleware\\ConvertEmptyStringsToNull->handle()
#36 /home/angklung/www.angklung-udjo.co.id/vendor/laravel/framework/src/Illuminate/Foundation/Http/Middleware/TransformsRequest.php(21): Illuminate\\Pipeline\\Pipeline->{closure:{closure:Illuminate\\Pipeline\\Pipeline::carry():184}:185}()
#37 /home/angklung/www.angklung-udjo.co.id/vendor/laravel/framework/src/Illuminate/Foundation/Http/Middleware/TrimStrings.php(51): Illuminate\\Foundation\\Http\\Middleware\\TransformsRequest->handle()
#38 /home/angklung/www.angklung-udjo.co.id/vendor/laravel/framework/src/Illuminate/Pipeline/Pipeline.php(209): Illuminate\\Foundation\\Http\\Middleware\\TrimStrings->handle()
#39 /home/angklung/www.angklung-udjo.co.id/vendor/laravel/framework/src/Illuminate/Http/Middleware/ValidatePostSize.php(27): Illuminate\\Pipeline\\Pipeline->{closure:{closure:Illuminate\\Pipeline\\Pipeline::carry():184}:185}()
#40 /home/angklung/www.angklung-udjo.co.id/vendor/laravel/framework/src/Illuminate/Pipeline/Pipeline.php(209): Illuminate\\Http\\Middleware\\ValidatePostSize->handle()
#41 /home/angklung/www.angklung-udjo.co.id/vendor/laravel/framework/src/Illuminate/Foundation/Http/Middleware/PreventRequestsDuringMaintenance.php(110): Illuminate\\Pipeline\\Pipeline->{closure:{closure:Illuminate\\Pipeline\\Pipeline::carry():184}:185}()
#42 /home/angklung/www.angklung-udjo.co.id/vendor/laravel/framework/src/Illuminate/Pipeline/Pipeline.php(209): Illuminate\\Foundation\\Http\\Middleware\\PreventRequestsDuringMaintenance->handle()
#43 /home/angklung/www.angklung-udjo.co.id/vendor/laravel/framework/src/Illuminate/Http/Middleware/HandleCors.php(49): Illuminate\\Pipeline\\Pipeline->{closure:{closure:Illuminate\\Pipeline\\Pipeline::carry():184}:185}()
#44 /home/angklung/www.angklung-udjo.co.id/vendor/laravel/framework/src/Illuminate/Pipeline/Pipeline.php(209): Illuminate\\Http\\Middleware\\HandleCors->handle()
#45 /home/angklung/www.angklung-udjo.co.id/vendor/laravel/framework/src/Illuminate/Http/Middleware/TrustProxies.php(58): Illuminate\\Pipeline\\Pipeline->{closure:{closure:Illuminate\\Pipeline\\Pipeline::carry():184}:185}()
#46 /home/angklung/www.angklung-udjo.co.id/vendor/laravel/framework/src/Illuminate/Pipeline/Pipeline.php(209): Illuminate\\Http\\Middleware\\TrustProxies->handle()
#47 /home/angklung/www.angklung-udjo.co.id/vendor/laravel/framework/src/Illuminate/Foundation/Http/Middleware/InvokeDeferredCallbacks.php(22): Illuminate\\Pipeline\\Pipeline->{closure:{closure:Illuminate\\Pipeline\\Pipeline::carry():184}:185}()
#48 /home/angklung/www.angklung-udjo.co.id/vendor/laravel/framework/src/Illuminate/Pipeline/Pipeline.php(209): Illuminate\\Foundation\\Http\\Middleware\\InvokeDeferredCallbacks->handle()
#49 /home/angklung/www.angklung-udjo.co.id/vendor/laravel/framework/src/Illuminate/Pipeline/Pipeline.php(127): Illuminate\\Pipeline\\Pipeline->{closure:{closure:Illuminate\\Pipeline\\Pipeline::carry():184}:185}()
#50 /home/angklung/www.angklung-udjo.co.id/vendor/laravel/framework/src/Illuminate/Foundation/Http/Kernel.php(176): Illuminate\\Pipeline\\Pipeline->then()
#51 /home/angklung/www.angklung-udjo.co.id/vendor/laravel/framework/src/Illuminate/Foundation/Http/Kernel.php(145): Illuminate\\Foundation\\Http\\Kernel->sendRequestThroughRouter()
#52 /home/angklung/www.angklung-udjo.co.id/vendor/laravel/framework/src/Illuminate/Foundation/Application.php(1220): Illuminate\\Foundation\\Http\\Kernel->handle()
#53 /home/angklung/www.angklung-udjo.co.id/public/index.php(20): Illuminate\\Foundation\\Application->handleRequest()
#54 {main}
"} 
[2026-06-06 13:59:05] production.ERROR: View [privacy-policy] not found. {"exception":"[object] (InvalidArgumentException(code: 0): View [privacy-policy] not found. at /home/angklung/www.angklung-udjo.co.id/vendor/laravel/framework/src/Illuminate/View/FileViewFinder.php:139)
[stacktrace]
#0 /home/angklung/www.angklung-udjo.co.id/vendor/laravel/framework/src/Illuminate/View/FileViewFinder.php(79): Illuminate\\View\\FileViewFinder->findInPaths()
#1 /home/angklung/www.angklung-udjo.co.id/vendor/laravel/framework/src/Illuminate/View/Factory.php(151): Illuminate\\View\\FileViewFinder->find()
#2 /home/angklung/www.angklung-udjo.co.id/vendor/laravel/framework/src/Illuminate/Foundation/helpers.php(1062): Illuminate\\View\\Factory->make()
#3 /home/angklung/www.angklung-udjo.co.id/routes/web.php(122): view()
#4 /home/angklung/www.angklung-udjo.co.id/vendor/laravel/framework/src/Illuminate/Routing/CallableDispatcher.php(40): Illuminate\\Routing\\RouteFileRegistrar->{closure:/home/angklung/www.angklung-udjo.co.id/routes/web.php:122}()
#5 /home/angklung/www.angklung-udjo.co.id/vendor/laravel/framework/src/Illuminate/Routing/Route.php(244): Illuminate\\Routing\\CallableDispatcher->dispatch()
#6 /home/angklung/www.angklung-udjo.co.id/vendor/laravel/framework/src/Illuminate/Routing/Route.php(215): Illuminate\\Routing\\Route->runCallable()
#7 /home/angklung/www.angklung-udjo.co.id/vendor/laravel/framework/src/Illuminate/Routing/Router.php(808): Illuminate\\Routing\\Route->run()
#8 /home/angklung/www.angklung-udjo.co.id/vendor/laravel/framework/src/Illuminate/Pipeline/Pipeline.php(170): Illuminate\\Routing\\Router->{closure:Illuminate\\Routing\\Router::runRouteWithinStack():807}()
#9 /home/angklung/www.angklung-udjo.co.id/app/Http/Middleware/SecurityHeaders.php(11): Illuminate\\Pipeline\\Pipeline->{closure:Illuminate\\Pipeline\\Pipeline::prepareDestination():168}()
#10 /home/angklung/www.angklung-udjo.co.id/vendor/laravel/framework/src/Illuminate/Pipeline/Pipeline.php(209): App\\Http\\Middleware\\SecurityHeaders->handle()
#11 /home/angklung/www.angklung-udjo.co.id/app/Http/Middleware/SetLocale.php(26): Illuminate\\Pipeline\\Pipeline->{closure:{closure:Illuminate\\Pipeline\\Pipeline::carry():184}:185}()
#12 /home/angklung/www.angklung-udjo.co.id/vendor/laravel/framework/src/Illuminate/Pipeline/Pipeline.php(209): App\\Http\\Middleware\\SetLocale->handle()
#13 /home/angklung/www.angklung-udjo.co.id/vendor/laravel/framework/src/Illuminate/Routing/Middleware/SubstituteBindings.php(51): Illuminate\\Pipeline\\Pipeline->{closure:{closure:Illuminate\\Pipeline\\Pipeline::carry():184}:185}()
#14 /home/angklung/www.angklung-udjo.co.id/vendor/laravel/framework/src/Illuminate/Pipeline/Pipeline.php(209): Illuminate\\Routing\\Middleware\\SubstituteBindings->handle()
#15 /home/angklung/www.angklung-udjo.co.id/vendor/laravel/framework/src/Illuminate/Foundation/Http/Middleware/VerifyCsrfToken.php(88): Illuminate\\Pipeline\\Pipeline->{closure:{closure:Illuminate\\Pipeline\\Pipeline::carry():184}:185}()
#16 /home/angklung/www.angklung-udjo.co.id/vendor/laravel/framework/src/Illuminate/Pipeline/Pipeline.php(209): Illuminate\\Foundation\\Http\\Middleware\\VerifyCsrfToken->handle()
#17 /home/angklung/www.angklung-udjo.co.id/vendor/laravel/framework/src/Illuminate/View/Middleware/ShareErrorsFromSession.php(49): Illuminate\\Pipeline\\Pipeline->{closure:{closure:Illuminate\\Pipeline\\Pipeline::carry():184}:185}()
#18 /home/angklung/www.angklung-udjo.co.id/vendor/laravel/framework/src/Illuminate/Pipeline/Pipeline.php(209): Illuminate\\View\\Middleware\\ShareErrorsFromSession->handle()
#19 /home/angklung/www.angklung-udjo.co.id/vendor/laravel/framework/src/Illuminate/Session/Middleware/StartSession.php(121): Illuminate\\Pipeline\\Pipeline->{closure:{closure:Illuminate\\Pipeline\\Pipeline::carry():184}:185}()
#20 /home/angklung/www.angklung-udjo.co.id/vendor/laravel/framework/src/Illuminate/Session/Middleware/StartSession.php(64): Illuminate\\Session\\Middleware\\StartSession->handleStatefulRequest()
#21 /home/angklung/www.angklung-udjo.co.id/vendor/laravel/framework/src/Illuminate/Pipeline/Pipeline.php(209): Illuminate\\Session\\Middleware\\StartSession->handle()
#22 /home/angklung/www.angklung-udjo.co.id/vendor/laravel/framework/src/Illuminate/Cookie/Middleware/AddQueuedCookiesToResponse.php(37): Illuminate\\Pipeline\\Pipeline->{closure:{closure:Illuminate\\Pipeline\\Pipeline::carry():184}:185}()
#23 /home/angklung/www.angklung-udjo.co.id/vendor/laravel/framework/src/Illuminate/Pipeline/Pipeline.php(209): Illuminate\\Cookie\\Middleware\\AddQueuedCookiesToResponse->handle()
#24 /home/angklung/www.angklung-udjo.co.id/vendor/laravel/framework/src/Illuminate/Cookie/Middleware/EncryptCookies.php(75): Illuminate\\Pipeline\\Pipeline->{closure:{closure:Illuminate\\Pipeline\\Pipeline::carry():184}:185}()
#25 /home/angklung/www.angklung-udjo.co.id/vendor/laravel/framework/src/Illuminate/Pipeline/Pipeline.php(209): Illuminate\\Cookie\\Middleware\\EncryptCookies->handle()
#26 /home/angklung/www.angklung-udjo.co.id/vendor/laravel/framework/src/Illuminate/Pipeline/Pipeline.php(127): Illuminate\\Pipeline\\Pipeline->{closure:{closure:Illuminate\\Pipeline\\Pipeline::carry():184}:185}()
#27 /home/angklung/www.angklung-udjo.co.id/vendor/laravel/framework/src/Illuminate/Routing/Router.php(807): Illuminate\\Pipeline\\Pipeline->then()
#28 /home/angklung/www.angklung-udjo.co.id/vendor/laravel/framework/src/Illuminate/Routing/Router.php(786): Illuminate\\Routing\\Router->runRouteWithinStack()
#29 /home/angklung/www.angklung-udjo.co.id/vendor/laravel/framework/src/Illuminate/Routing/Router.php(750): Illuminate\\Routing\\Router->runRoute()
#30 /home/angklung/www.angklung-udjo.co.id/vendor/laravel/framework/src/Illuminate/Routing/Router.php(739): Illuminate\\Routing\\Router->dispatchToRoute()
#31 /home/angklung/www.angklung-udjo.co.id/vendor/laravel/framework/src/Illuminate/Foundation/Http/Kernel.php(201): Illuminate\\Routing\\Router->dispatch()
#32 /home/angklung/www.angklung-udjo.co.id/vendor/laravel/framework/src/Illuminate/Pipeline/Pipeline.php(170): Illuminate\\Foundation\\Http\\Kernel->{closure:Illuminate\\Foundation\\Http\\Kernel::dispatchToRouter():198}()
#33 /home/angklung/www.angklung-udjo.co.id/vendor/laravel/framework/src/Illuminate/Foundation/Http/Middleware/TransformsRequest.php(21): Illuminate\\Pipeline\\Pipeline->{closure:Illuminate\\Pipeline\\Pipeline::prepareDestination():168}()
#34 /home/angklung/www.angklung-udjo.co.id/vendor/laravel/framework/src/Illuminate/Foundation/Http/Middleware/ConvertEmptyStringsToNull.php(31): Illuminate\\Foundation\\Http\\Middleware\\TransformsRequest->handle()
#35 /home/angklung/www.angklung-udjo.co.id/vendor/laravel/framework/src/Illuminate/Pipeline/Pipeline.php(209): Illuminate\\Foundation\\Http\\Middleware\\ConvertEmptyStringsToNull->handle()
#36 /home/angklung/www.angklung-udjo.co.id/vendor/laravel/framework/src/Illuminate/Foundation/Http/Middleware/TransformsRequest.php(21): Illuminate\\Pipeline\\Pipeline->{closure:{closure:Illuminate\\Pipeline\\Pipeline::carry():184}:185}()
#37 /home/angklung/www.angklung-udjo.co.id/vendor/laravel/framework/src/Illuminate/Foundation/Http/Middleware/TrimStrings.php(51): Illuminate\\Foundation\\Http\\Middleware\\TransformsRequest->handle()
#38 /home/angklung/www.angklung-udjo.co.id/vendor/laravel/framework/src/Illuminate/Pipeline/Pipeline.php(209): Illuminate\\Foundation\\Http\\Middleware\\TrimStrings->handle()
#39 /home/angklung/www.angklung-udjo.co.id/vendor/laravel/framework/src/Illuminate/Http/Middleware/ValidatePostSize.php(27): Illuminate\\Pipeline\\Pipeline->{closure:{closure:Illuminate\\Pipeline\\Pipeline::carry():184}:185}()
#40 /home/angklung/www.angklung-udjo.co.id/vendor/laravel/framework/src/Illuminate/Pipeline/Pipeline.php(209): Illuminate\\Http\\Middleware\\ValidatePostSize->handle()
#41 /home/angklung/www.angklung-udjo.co.id/vendor/laravel/framework/src/Illuminate/Foundation/Http/Middleware/PreventRequestsDuringMaintenance.php(110): Illuminate\\Pipeline\\Pipeline->{closure:{closure:Illuminate\\Pipeline\\Pipeline::carry():184}:185}()
#42 /home/angklung/www.angklung-udjo.co.id/vendor/laravel/framework/src/Illuminate/Pipeline/Pipeline.php(209): Illuminate\\Foundation\\Http\\Middleware\\PreventRequestsDuringMaintenance->handle()
#43 /home/angklung/www.angklung-udjo.co.id/vendor/laravel/framework/src/Illuminate/Http/Middleware/HandleCors.php(49): Illuminate\\Pipeline\\Pipeline->{closure:{closure:Illuminate\\Pipeline\\Pipeline::carry():184}:185}()
#44 /home/angklung/www.angklung-udjo.co.id/vendor/laravel/framework/src/Illuminate/Pipeline/Pipeline.php(209): Illuminate\\Http\\Middleware\\HandleCors->handle()
#45 /home/angklung/www.angklung-udjo.co.id/vendor/laravel/framework/src/Illuminate/Http/Middleware/TrustProxies.php(58): Illuminate\\Pipeline\\Pipeline->{closure:{closure:Illuminate\\Pipeline\\Pipeline::carry():184}:185}()
#46 /home/angklung/www.angklung-udjo.co.id/vendor/laravel/framework/src/Illuminate/Pipeline/Pipeline.php(209): Illuminate\\Http\\Middleware\\TrustProxies->handle()
#47 /home/angklung/www.angklung-udjo.co.id/vendor/laravel/framework/src/Illuminate/Foundation/Http/Middleware/InvokeDeferredCallbacks.php(22): Illuminate\\Pipeline\\Pipeline->{closure:{closure:Illuminate\\Pipeline\\Pipeline::carry():184}:185}()
#48 /home/angklung/www.angklung-udjo.co.id/vendor/laravel/framework/src/Illuminate/Pipeline/Pipeline.php(209): Illuminate\\Foundation\\Http\\Middleware\\InvokeDeferredCallbacks->handle()
#49 /home/angklung/www.angklung-udjo.co.id/vendor/laravel/framework/src/Illuminate/Pipeline/Pipeline.php(127): Illuminate\\Pipeline\\Pipeline->{closure:{closure:Illuminate\\Pipeline\\Pipeline::carry():184}:185}()
#50 /home/angklung/www.angklung-udjo.co.id/vendor/laravel/framework/src/Illuminate/Foundation/Http/Kernel.php(176): Illuminate\\Pipeline\\Pipeline->then()
#51 /home/angklung/www.angklung-udjo.co.id/vendor/laravel/framework/src/Illuminate/Foundation/Http/Kernel.php(145): Illuminate\\Foundation\\Http\\Kernel->sendRequestThroughRouter()
#52 /home/angklung/www.angklung-udjo.co.id/vendor/laravel/framework/src/Illuminate/Foundation/Application.php(1220): Illuminate\\Foundation\\Http\\Kernel->handle()
#53 /home/angklung/www.angklung-udjo.co.id/public/index.php(20): Illuminate\\Foundation\\Application->handleRequest()
#54 {main}
"} 
[2026-06-06 18:54:18] production.ERROR: View [shows.show] not found. {"exception":"[object] (InvalidArgumentException(code: 0): View [shows.show] not found. at /home/angklung/www.angklung-udjo.co.id/vendor/laravel/framework/src/Illuminate/View/FileViewFinder.php:139)
[stacktrace]
#0 /home/angklung/www.angklung-udjo.co.id/vendor/laravel/framework/src/Illuminate/View/FileViewFinder.php(79): Illuminate\\View\\FileViewFinder->findInPaths()
#1 /home/angklung/www.angklung-udjo.co.id/vendor/laravel/framework/src/Illuminate/View/Factory.php(151): Illuminate\\View\\FileViewFinder->find()
#2 /home/angklung/www.angklung-udjo.co.id/vendor/laravel/framework/src/Illuminate/Foundation/helpers.php(1062): Illuminate\\View\\Factory->make()
#3 /home/angklung/www.angklung-udjo.co.id/app/Http/Controllers/ShowController.php(22): view()
#4 /home/angklung/www.angklung-udjo.co.id/vendor/laravel/framework/src/Illuminate/Routing/ControllerDispatcher.php(47): App\\Http\\Controllers\\ShowController->show()
#5 /home/angklung/www.angklung-udjo.co.id/vendor/laravel/framework/src/Illuminate/Routing/Route.php(266): Illuminate\\Routing\\ControllerDispatcher->dispatch()
#6 /home/angklung/www.angklung-udjo.co.id/vendor/laravel/framework/src/Illuminate/Routing/Route.php(212): Illuminate\\Routing\\Route->runController()
#7 /home/angklung/www.angklung-udjo.co.id/vendor/laravel/framework/src/Illuminate/Routing/Router.php(808): Illuminate\\Routing\\Route->run()
#8 /home/angklung/www.angklung-udjo.co.id/vendor/laravel/framework/src/Illuminate/Pipeline/Pipeline.php(170): Illuminate\\Routing\\Router->{closure:Illuminate\\Routing\\Router::runRouteWithinStack():807}()
#9 /home/angklung/www.angklung-udjo.co.id/app/Http/Middleware/SecurityHeaders.php(11): Illuminate\\Pipeline\\Pipeline->{closure:Illuminate\\Pipeline\\Pipeline::prepareDestination():168}()
#10 /home/angklung/www.angklung-udjo.co.id/vendor/laravel/framework/src/Illuminate/Pipeline/Pipeline.php(209): App\\Http\\Middleware\\SecurityHeaders->handle()
#11 /home/angklung/www.angklung-udjo.co.id/app/Http/Middleware/SetLocale.php(26): Illuminate\\Pipeline\\Pipeline->{closure:{closure:Illuminate\\Pipeline\\Pipeline::carry():184}:185}()
#12 /home/angklung/www.angklung-udjo.co.id/vendor/laravel/framework/src/Illuminate/Pipeline/Pipeline.php(209): App\\Http\\Middleware\\SetLocale->handle()
#13 /home/angklung/www.angklung-udjo.co.id/vendor/laravel/framework/src/Illuminate/Routing/Middleware/SubstituteBindings.php(51): Illuminate\\Pipeline\\Pipeline->{closure:{closure:Illuminate\\Pipeline\\Pipeline::carry():184}:185}()
#14 /home/angklung/www.angklung-udjo.co.id/vendor/laravel/framework/src/Illuminate/Pipeline/Pipeline.php(209): Illuminate\\Routing\\Middleware\\SubstituteBindings->handle()
#15 /home/angklung/www.angklung-udjo.co.id/vendor/laravel/framework/src/Illuminate/Foundation/Http/Middleware/VerifyCsrfToken.php(88): Illuminate\\Pipeline\\Pipeline->{closure:{closure:Illuminate\\Pipeline\\Pipeline::carry():184}:185}()
#16 /home/angklung/www.angklung-udjo.co.id/vendor/laravel/framework/src/Illuminate/Pipeline/Pipeline.php(209): Illuminate\\Foundation\\Http\\Middleware\\VerifyCsrfToken->handle()
#17 /home/angklung/www.angklung-udjo.co.id/vendor/laravel/framework/src/Illuminate/View/Middleware/ShareErrorsFromSession.php(49): Illuminate\\Pipeline\\Pipeline->{closure:{closure:Illuminate\\Pipeline\\Pipeline::carry():184}:185}()
#18 /home/angklung/www.angklung-udjo.co.id/vendor/laravel/framework/src/Illuminate/Pipeline/Pipeline.php(209): Illuminate\\View\\Middleware\\ShareErrorsFromSession->handle()
#19 /home/angklung/www.angklung-udjo.co.id/vendor/laravel/framework/src/Illuminate/Session/Middleware/StartSession.php(121): Illuminate\\Pipeline\\Pipeline->{closure:{closure:Illuminate\\Pipeline\\Pipeline::carry():184}:185}()
#20 /home/angklung/www.angklung-udjo.co.id/vendor/laravel/framework/src/Illuminate/Session/Middleware/StartSession.php(64): Illuminate\\Session\\Middleware\\StartSession->handleStatefulRequest()
#21 /home/angklung/www.angklung-udjo.co.id/vendor/laravel/framework/src/Illuminate/Pipeline/Pipeline.php(209): Illuminate\\Session\\Middleware\\StartSession->handle()
#22 /home/angklung/www.angklung-udjo.co.id/vendor/laravel/framework/src/Illuminate/Cookie/Middleware/AddQueuedCookiesToResponse.php(37): Illuminate\\Pipeline\\Pipeline->{closure:{closure:Illuminate\\Pipeline\\Pipeline::carry():184}:185}()
#23 /home/angklung/www.angklung-udjo.co.id/vendor/laravel/framework/src/Illuminate/Pipeline/Pipeline.php(209): Illuminate\\Cookie\\Middleware\\AddQueuedCookiesToResponse->handle()
#24 /home/angklung/www.angklung-udjo.co.id/vendor/laravel/framework/src/Illuminate/Cookie/Middleware/EncryptCookies.php(75): Illuminate\\Pipeline\\Pipeline->{closure:{closure:Illuminate\\Pipeline\\Pipeline::carry():184}:185}()
#25 /home/angklung/www.angklung-udjo.co.id/vendor/laravel/framework/src/Illuminate/Pipeline/Pipeline.php(209): Illuminate\\Cookie\\Middleware\\EncryptCookies->handle()
#26 /home/angklung/www.angklung-udjo.co.id/vendor/laravel/framework/src/Illuminate/Pipeline/Pipeline.php(127): Illuminate\\Pipeline\\Pipeline->{closure:{closure:Illuminate\\Pipeline\\Pipeline::carry():184}:185}()
#27 /home/angklung/www.angklung-udjo.co.id/vendor/laravel/framework/src/Illuminate/Routing/Router.php(807): Illuminate\\Pipeline\\Pipeline->then()
#28 /home/angklung/www.angklung-udjo.co.id/vendor/laravel/framework/src/Illuminate/Routing/Router.php(786): Illuminate\\Routing\\Router->runRouteWithinStack()
#29 /home/angklung/www.angklung-udjo.co.id/vendor/laravel/framework/src/Illuminate/Routing/Router.php(750): Illuminate\\Routing\\Router->runRoute()
#30 /home/angklung/www.angklung-udjo.co.id/vendor/laravel/framework/src/Illuminate/Routing/Router.php(739): Illuminate\\Routing\\Router->dispatchToRoute()
#31 /home/angklung/www.angklung-udjo.co.id/vendor/laravel/framework/src/Illuminate/Foundation/Http/Kernel.php(201): Illuminate\\Routing\\Router->dispatch()
#32 /home/angklung/www.angklung-udjo.co.id/vendor/laravel/framework/src/Illuminate/Pipeline/Pipeline.php(170): Illuminate\\Foundation\\Http\\Kernel->{closure:Illuminate\\Foundation\\Http\\Kernel::dispatchToRouter():198}()
#33 /home/angklung/www.angklung-udjo.co.id/vendor/laravel/framework/src/Illuminate/Foundation/Http/Middleware/TransformsRequest.php(21): Illuminate\\Pipeline\\Pipeline->{closure:Illuminate\\Pipeline\\Pipeline::prepareDestination():168}()
#34 /home/angklung/www.angklung-udjo.co.id/vendor/laravel/framework/src/Illuminate/Foundation/Http/Middleware/ConvertEmptyStringsToNull.php(31): Illuminate\\Foundation\\Http\\Middleware\\TransformsRequest->handle()
#35 /home/angklung/www.angklung-udjo.co.id/vendor/laravel/framework/src/Illuminate/Pipeline/Pipeline.php(209): Illuminate\\Foundation\\Http\\Middleware\\ConvertEmptyStringsToNull->handle()
#36 /home/angklung/www.angklung-udjo.co.id/vendor/laravel/framework/src/Illuminate/Foundation/Http/Middleware/TransformsRequest.php(21): Illuminate\\Pipeline\\Pipeline->{closure:{closure:Illuminate\\Pipeline\\Pipeline::carry():184}:185}()
#37 /home/angklung/www.angklung-udjo.co.id/vendor/laravel/framework/src/Illuminate/Foundation/Http/Middleware/TrimStrings.php(51): Illuminate\\Foundation\\Http\\Middleware\\TransformsRequest->handle()
#38 /home/angklung/www.angklung-udjo.co.id/vendor/laravel/framework/src/Illuminate/Pipeline/Pipeline.php(209): Illuminate\\Foundation\\Http\\Middleware\\TrimStrings->handle()
#39 /home/angklung/www.angklung-udjo.co.id/vendor/laravel/framework/src/Illuminate/Http/Middleware/ValidatePostSize.php(27): Illuminate\\Pipeline\\Pipeline->{closure:{closure:Illuminate\\Pipeline\\Pipeline::carry():184}:185}()
#40 /home/angklung/www.angklung-udjo.co.id/vendor/laravel/framework/src/Illuminate/Pipeline/Pipeline.php(209): Illuminate\\Http\\Middleware\\ValidatePostSize->handle()
#41 /home/angklung/www.angklung-udjo.co.id/vendor/laravel/framework/src/Illuminate/Foundation/Http/Middleware/PreventRequestsDuringMaintenance.php(110): Illuminate\\Pipeline\\Pipeline->{closure:{closure:Illuminate\\Pipeline\\Pipeline::carry():184}:185}()
#42 /home/angklung/www.angklung-udjo.co.id/vendor/laravel/framework/src/Illuminate/Pipeline/Pipeline.php(209): Illuminate\\Foundation\\Http\\Middleware\\PreventRequestsDuringMaintenance->handle()
#43 /home/angklung/www.angklung-udjo.co.id/vendor/laravel/framework/src/Illuminate/Http/Middleware/HandleCors.php(49): Illuminate\\Pipeline\\Pipeline->{closure:{closure:Illuminate\\Pipeline\\Pipeline::carry():184}:185}()
#44 /home/angklung/www.angklung-udjo.co.id/vendor/laravel/framework/src/Illuminate/Pipeline/Pipeline.php(209): Illuminate\\Http\\Middleware\\HandleCors->handle()
#45 /home/angklung/www.angklung-udjo.co.id/vendor/laravel/framework/src/Illuminate/Http/Middleware/TrustProxies.php(58): Illuminate\\Pipeline\\Pipeline->{closure:{closure:Illuminate\\Pipeline\\Pipeline::carry():184}:185}()
#46 /home/angklung/www.angklung-udjo.co.id/vendor/laravel/framework/src/Illuminate/Pipeline/Pipeline.php(209): Illuminate\\Http\\Middleware\\TrustProxies->handle()
#47 /home/angklung/www.angklung-udjo.co.id/vendor/laravel/framework/src/Illuminate/Foundation/Http/Middleware/InvokeDeferredCallbacks.php(22): Illuminate\\Pipeline\\Pipeline->{closure:{closure:Illuminate\\Pipeline\\Pipeline::carry():184}:185}()
#48 /home/angklung/www.angklung-udjo.co.id/vendor/laravel/framework/src/Illuminate/Pipeline/Pipeline.php(209): Illuminate\\Foundation\\Http\\Middleware\\InvokeDeferredCallbacks->handle()
#49 /home/angklung/www.angklung-udjo.co.id/vendor/laravel/framework/src/Illuminate/Pipeline/Pipeline.php(127): Illuminate\\Pipeline\\Pipeline->{closure:{closure:Illuminate\\Pipeline\\Pipeline::carry():184}:185}()
#50 /home/angklung/www.angklung-udjo.co.id/vendor/laravel/framework/src/Illuminate/Foundation/Http/Kernel.php(176): Illuminate\\Pipeline\\Pipeline->then()
#51 /home/angklung/www.angklung-udjo.co.id/vendor/laravel/framework/src/Illuminate/Foundation/Http/Kernel.php(145): Illuminate\\Foundation\\Http\\Kernel->sendRequestThroughRouter()
#52 /home/angklung/www.angklung-udjo.co.id/vendor/laravel/framework/src/Illuminate/Foundation/Application.php(1220): Illuminate\\Foundation\\Http\\Kernel->handle()
#53 /home/angklung/www.angklung-udjo.co.id/public/index.php(20): Illuminate\\Foundation\\Application->handleRequest()
#54 {main}
"} 
[2026-06-07 01:31:48] production.ERROR: View [Ramadhan] not found. {"exception":"[object] (InvalidArgumentException(code: 0): View [Ramadhan] not found. at /home/angklung/www.angklung-udjo.co.id/vendor/laravel/framework/src/Illuminate/View/FileViewFinder.php:139)
[stacktrace]
#0 /home/angklung/www.angklung-udjo.co.id/vendor/laravel/framework/src/Illuminate/View/FileViewFinder.php(79): Illuminate\\View\\FileViewFinder->findInPaths()
#1 /home/angklung/www.angklung-udjo.co.id/vendor/laravel/framework/src/Illuminate/View/Factory.php(151): Illuminate\\View\\FileViewFinder->find()
#2 /home/angklung/www.angklung-udjo.co.id/vendor/laravel/framework/src/Illuminate/Foundation/helpers.php(1062): Illuminate\\View\\Factory->make()
#3 /home/angklung/www.angklung-udjo.co.id/routes/web.php(140): view()
#4 /home/angklung/www.angklung-udjo.co.id/vendor/laravel/framework/src/Illuminate/Routing/CallableDispatcher.php(40): Illuminate\\Routing\\RouteFileRegistrar->{closure:/home/angklung/www.angklung-udjo.co.id/routes/web.php:140}()
#5 /home/angklung/www.angklung-udjo.co.id/vendor/laravel/framework/src/Illuminate/Routing/Route.php(244): Illuminate\\Routing\\CallableDispatcher->dispatch()
#6 /home/angklung/www.angklung-udjo.co.id/vendor/laravel/framework/src/Illuminate/Routing/Route.php(215): Illuminate\\Routing\\Route->runCallable()
#7 /home/angklung/www.angklung-udjo.co.id/vendor/laravel/framework/src/Illuminate/Routing/Router.php(808): Illuminate\\Routing\\Route->run()
#8 /home/angklung/www.angklung-udjo.co.id/vendor/laravel/framework/src/Illuminate/Pipeline/Pipeline.php(170): Illuminate\\Routing\\Router->{closure:Illuminate\\Routing\\Router::runRouteWithinStack():807}()
#9 /home/angklung/www.angklung-udjo.co.id/app/Http/Middleware/SecurityHeaders.php(11): Illuminate\\Pipeline\\Pipeline->{closure:Illuminate\\Pipeline\\Pipeline::prepareDestination():168}()
#10 /home/angklung/www.angklung-udjo.co.id/vendor/laravel/framework/src/Illuminate/Pipeline/Pipeline.php(209): App\\Http\\Middleware\\SecurityHeaders->handle()
#11 /home/angklung/www.angklung-udjo.co.id/app/Http/Middleware/SetLocale.php(26): Illuminate\\Pipeline\\Pipeline->{closure:{closure:Illuminate\\Pipeline\\Pipeline::carry():184}:185}()
#12 /home/angklung/www.angklung-udjo.co.id/vendor/laravel/framework/src/Illuminate/Pipeline/Pipeline.php(209): App\\Http\\Middleware\\SetLocale->handle()
#13 /home/angklung/www.angklung-udjo.co.id/vendor/laravel/framework/src/Illuminate/Routing/Middleware/SubstituteBindings.php(51): Illuminate\\Pipeline\\Pipeline->{closure:{closure:Illuminate\\Pipeline\\Pipeline::carry():184}:185}()
#14 /home/angklung/www.angklung-udjo.co.id/vendor/laravel/framework/src/Illuminate/Pipeline/Pipeline.php(209): Illuminate\\Routing\\Middleware\\SubstituteBindings->handle()
#15 /home/angklung/www.angklung-udjo.co.id/vendor/laravel/framework/src/Illuminate/Foundation/Http/Middleware/VerifyCsrfToken.php(88): Illuminate\\Pipeline\\Pipeline->{closure:{closure:Illuminate\\Pipeline\\Pipeline::carry():184}:185}()
#16 /home/angklung/www.angklung-udjo.co.id/vendor/laravel/framework/src/Illuminate/Pipeline/Pipeline.php(209): Illuminate\\Foundation\\Http\\Middleware\\VerifyCsrfToken->handle()
#17 /home/angklung/www.angklung-udjo.co.id/vendor/laravel/framework/src/Illuminate/View/Middleware/ShareErrorsFromSession.php(49): Illuminate\\Pipeline\\Pipeline->{closure:{closure:Illuminate\\Pipeline\\Pipeline::carry():184}:185}()
#18 /home/angklung/www.angklung-udjo.co.id/vendor/laravel/framework/src/Illuminate/Pipeline/Pipeline.php(209): Illuminate\\View\\Middleware\\ShareErrorsFromSession->handle()
#19 /home/angklung/www.angklung-udjo.co.id/vendor/laravel/framework/src/Illuminate/Session/Middleware/StartSession.php(121): Illuminate\\Pipeline\\Pipeline->{closure:{closure:Illuminate\\Pipeline\\Pipeline::carry():184}:185}()
#20 /home/angklung/www.angklung-udjo.co.id/vendor/laravel/framework/src/Illuminate/Session/Middleware/StartSession.php(64): Illuminate\\Session\\Middleware\\StartSession->handleStatefulRequest()
#21 /home/angklung/www.angklung-udjo.co.id/vendor/laravel/framework/src/Illuminate/Pipeline/Pipeline.php(209): Illuminate\\Session\\Middleware\\StartSession->handle()
#22 /home/angklung/www.angklung-udjo.co.id/vendor/laravel/framework/src/Illuminate/Cookie/Middleware/AddQueuedCookiesToResponse.php(37): Illuminate\\Pipeline\\Pipeline->{closure:{closure:Illuminate\\Pipeline\\Pipeline::carry():184}:185}()
#23 /home/angklung/www.angklung-udjo.co.id/vendor/laravel/framework/src/Illuminate/Pipeline/Pipeline.php(209): Illuminate\\Cookie\\Middleware\\AddQueuedCookiesToResponse->handle()
#24 /home/angklung/www.angklung-udjo.co.id/vendor/laravel/framework/src/Illuminate/Cookie/Middleware/EncryptCookies.php(75): Illuminate\\Pipeline\\Pipeline->{closure:{closure:Illuminate\\Pipeline\\Pipeline::carry():184}:185}()
#25 /home/angklung/www.angklung-udjo.co.id/vendor/laravel/framework/src/Illuminate/Pipeline/Pipeline.php(209): Illuminate\\Cookie\\Middleware\\EncryptCookies->handle()
#26 /home/angklung/www.angklung-udjo.co.id/vendor/laravel/framework/src/Illuminate/Pipeline/Pipeline.php(127): Illuminate\\Pipeline\\Pipeline->{closure:{closure:Illuminate\\Pipeline\\Pipeline::carry():184}:185}()
#27 /home/angklung/www.angklung-udjo.co.id/vendor/laravel/framework/src/Illuminate/Routing/Router.php(807): Illuminate\\Pipeline\\Pipeline->then()
#28 /home/angklung/www.angklung-udjo.co.id/vendor/laravel/framework/src/Illuminate/Routing/Router.php(786): Illuminate\\Routing\\Router->runRouteWithinStack()
#29 /home/angklung/www.angklung-udjo.co.id/vendor/laravel/framework/src/Illuminate/Routing/Router.php(750): Illuminate\\Routing\\Router->runRoute()
#30 /home/angklung/www.angklung-udjo.co.id/vendor/laravel/framework/src/Illuminate/Routing/Router.php(739): Illuminate\\Routing\\Router->dispatchToRoute()
#31 /home/angklung/www.angklung-udjo.co.id/vendor/laravel/framework/src/Illuminate/Foundation/Http/Kernel.php(201): Illuminate\\Routing\\Router->dispatch()
#32 /home/angklung/www.angklung-udjo.co.id/vendor/laravel/framework/src/Illuminate/Pipeline/Pipeline.php(170): Illuminate\\Foundation\\Http\\Kernel->{closure:Illuminate\\Foundation\\Http\\Kernel::dispatchToRouter():198}()
#33 /home/angklung/www.angklung-udjo.co.id/vendor/laravel/framework/src/Illuminate/Foundation/Http/Middleware/TransformsRequest.php(21): Illuminate\\Pipeline\\Pipeline->{closure:Illuminate\\Pipeline\\Pipeline::prepareDestination():168}()
#34 /home/angklung/www.angklung-udjo.co.id/vendor/laravel/framework/src/Illuminate/Foundation/Http/Middleware/ConvertEmptyStringsToNull.php(31): Illuminate\\Foundation\\Http\\Middleware\\TransformsRequest->handle()
#35 /home/angklung/www.angklung-udjo.co.id/vendor/laravel/framework/src/Illuminate/Pipeline/Pipeline.php(209): Illuminate\\Foundation\\Http\\Middleware\\ConvertEmptyStringsToNull->handle()
#36 /home/angklung/www.angklung-udjo.co.id/vendor/laravel/framework/src/Illuminate/Foundation/Http/Middleware/TransformsRequest.php(21): Illuminate\\Pipeline\\Pipeline->{closure:{closure:Illuminate\\Pipeline\\Pipeline::carry():184}:185}()
#37 /home/angklung/www.angklung-udjo.co.id/vendor/laravel/framework/src/Illuminate/Foundation/Http/Middleware/TrimStrings.php(51): Illuminate\\Foundation\\Http\\Middleware\\TransformsRequest->handle()
#38 /home/angklung/www.angklung-udjo.co.id/vendor/laravel/framework/src/Illuminate/Pipeline/Pipeline.php(209): Illuminate\\Foundation\\Http\\Middleware\\TrimStrings->handle()
#39 /home/angklung/www.angklung-udjo.co.id/vendor/laravel/framework/src/Illuminate/Http/Middleware/ValidatePostSize.php(27): Illuminate\\Pipeline\\Pipeline->{closure:{closure:Illuminate\\Pipeline\\Pipeline::carry():184}:185}()
#40 /home/angklung/www.angklung-udjo.co.id/vendor/laravel/framework/src/Illuminate/Pipeline/Pipeline.php(209): Illuminate\\Http\\Middleware\\ValidatePostSize->handle()
#41 /home/angklung/www.angklung-udjo.co.id/vendor/laravel/framework/src/Illuminate/Foundation/Http/Middleware/PreventRequestsDuringMaintenance.php(110): Illuminate\\Pipeline\\Pipeline->{closure:{closure:Illuminate\\Pipeline\\Pipeline::carry():184}:185}()
#42 /home/angklung/www.angklung-udjo.co.id/vendor/laravel/framework/src/Illuminate/Pipeline/Pipeline.php(209): Illuminate\\Foundation\\Http\\Middleware\\PreventRequestsDuringMaintenance->handle()
#43 /home/angklung/www.angklung-udjo.co.id/vendor/laravel/framework/src/Illuminate/Http/Middleware/HandleCors.php(49): Illuminate\\Pipeline\\Pipeline->{closure:{closure:Illuminate\\Pipeline\\Pipeline::carry():184}:185}()
#44 /home/angklung/www.angklung-udjo.co.id/vendor/laravel/framework/src/Illuminate/Pipeline/Pipeline.php(209): Illuminate\\Http\\Middleware\\HandleCors->handle()
#45 /home/angklung/www.angklung-udjo.co.id/vendor/laravel/framework/src/Illuminate/Http/Middleware/TrustProxies.php(58): Illuminate\\Pipeline\\Pipeline->{closure:{closure:Illuminate\\Pipeline\\Pipeline::carry():184}:185}()
#46 /home/angklung/www.angklung-udjo.co.id/vendor/laravel/framework/src/Illuminate/Pipeline/Pipeline.php(209): Illuminate\\Http\\Middleware\\TrustProxies->handle()
#47 /home/angklung/www.angklung-udjo.co.id/vendor/laravel/framework/src/Illuminate/Foundation/Http/Middleware/InvokeDeferredCallbacks.php(22): Illuminate\\Pipeline\\Pipeline->{closure:{closure:Illuminate\\Pipeline\\Pipeline::carry():184}:185}()
#48 /home/angklung/www.angklung-udjo.co.id/vendor/laravel/framework/src/Illuminate/Pipeline/Pipeline.php(209): Illuminate\\Foundation\\Http\\Middleware\\InvokeDeferredCallbacks->handle()
#49 /home/angklung/www.angklung-udjo.co.id/vendor/laravel/framework/src/Illuminate/Pipeline/Pipeline.php(127): Illuminate\\Pipeline\\Pipeline->{closure:{closure:Illuminate\\Pipeline\\Pipeline::carry():184}:185}()
#50 /home/angklung/www.angklung-udjo.co.id/vendor/laravel/framework/src/Illuminate/Foundation/Http/Kernel.php(176): Illuminate\\Pipeline\\Pipeline->then()
#51 /home/angklung/www.angklung-udjo.co.id/vendor/laravel/framework/src/Illuminate/Foundation/Http/Kernel.php(145): Illuminate\\Foundation\\Http\\Kernel->sendRequestThroughRouter()
#52 /home/angklung/www.angklung-udjo.co.id/vendor/laravel/framework/src/Illuminate/Foundation/Application.php(1220): Illuminate\\Foundation\\Http\\Kernel->handle()
#53 /home/angklung/www.angklung-udjo.co.id/public/index.php(20): Illuminate\\Foundation\\Application->handleRequest()
#54 {main}
"} 
[2026-06-07 01:35:09] production.ERROR: View [shows.show] not found. {"exception":"[object] (InvalidArgumentException(code: 0): View [shows.show] not found. at /home/angklung/www.angklung-udjo.co.id/vendor/laravel/framework/src/Illuminate/View/FileViewFinder.php:139)
[stacktrace]
#0 /home/angklung/www.angklung-udjo.co.id/vendor/laravel/framework/src/Illuminate/View/FileViewFinder.php(79): Illuminate\\View\\FileViewFinder->findInPaths()
#1 /home/angklung/www.angklung-udjo.co.id/vendor/laravel/framework/src/Illuminate/View/Factory.php(151): Illuminate\\View\\FileViewFinder->find()
#2 /home/angklung/www.angklung-udjo.co.id/vendor/laravel/framework/src/Illuminate/Foundation/helpers.php(1062): Illuminate\\View\\Factory->make()
#3 /home/angklung/www.angklung-udjo.co.id/app/Http/Controllers/ShowController.php(22): view()
#4 /home/angklung/www.angklung-udjo.co.id/vendor/laravel/framework/src/Illuminate/Routing/ControllerDispatcher.php(47): App\\Http\\Controllers\\ShowController->show()
#5 /home/angklung/www.angklung-udjo.co.id/vendor/laravel/framework/src/Illuminate/Routing/Route.php(266): Illuminate\\Routing\\ControllerDispatcher->dispatch()
#6 /home/angklung/www.angklung-udjo.co.id/vendor/laravel/framework/src/Illuminate/Routing/Route.php(212): Illuminate\\Routing\\Route->runController()
#7 /home/angklung/www.angklung-udjo.co.id/vendor/laravel/framework/src/Illuminate/Routing/Router.php(808): Illuminate\\Routing\\Route->run()
#8 /home/angklung/www.angklung-udjo.co.id/vendor/laravel/framework/src/Illuminate/Pipeline/Pipeline.php(170): Illuminate\\Routing\\Router->{closure:Illuminate\\Routing\\Router::runRouteWithinStack():807}()
#9 /home/angklung/www.angklung-udjo.co.id/app/Http/Middleware/SecurityHeaders.php(11): Illuminate\\Pipeline\\Pipeline->{closure:Illuminate\\Pipeline\\Pipeline::prepareDestination():168}()
#10 /home/angklung/www.angklung-udjo.co.id/vendor/laravel/framework/src/Illuminate/Pipeline/Pipeline.php(209): App\\Http\\Middleware\\SecurityHeaders->handle()
#11 /home/angklung/www.angklung-udjo.co.id/app/Http/Middleware/SetLocale.php(26): Illuminate\\Pipeline\\Pipeline->{closure:{closure:Illuminate\\Pipeline\\Pipeline::carry():184}:185}()
#12 /home/angklung/www.angklung-udjo.co.id/vendor/laravel/framework/src/Illuminate/Pipeline/Pipeline.php(209): App\\Http\\Middleware\\SetLocale->handle()
#13 /home/angklung/www.angklung-udjo.co.id/vendor/laravel/framework/src/Illuminate/Routing/Middleware/SubstituteBindings.php(51): Illuminate\\Pipeline\\Pipeline->{closure:{closure:Illuminate\\Pipeline\\Pipeline::carry():184}:185}()
#14 /home/angklung/www.angklung-udjo.co.id/vendor/laravel/framework/src/Illuminate/Pipeline/Pipeline.php(209): Illuminate\\Routing\\Middleware\\SubstituteBindings->handle()
#15 /home/angklung/www.angklung-udjo.co.id/vendor/laravel/framework/src/Illuminate/Foundation/Http/Middleware/VerifyCsrfToken.php(88): Illuminate\\Pipeline\\Pipeline->{closure:{closure:Illuminate\\Pipeline\\Pipeline::carry():184}:185}()
#16 /home/angklung/www.angklung-udjo.co.id/vendor/laravel/framework/src/Illuminate/Pipeline/Pipeline.php(209): Illuminate\\Foundation\\Http\\Middleware\\VerifyCsrfToken->handle()
#17 /home/angklung/www.angklung-udjo.co.id/vendor/laravel/framework/src/Illuminate/View/Middleware/ShareErrorsFromSession.php(49): Illuminate\\Pipeline\\Pipeline->{closure:{closure:Illuminate\\Pipeline\\Pipeline::carry():184}:185}()
#18 /home/angklung/www.angklung-udjo.co.id/vendor/laravel/framework/src/Illuminate/Pipeline/Pipeline.php(209): Illuminate\\View\\Middleware\\ShareErrorsFromSession->handle()
#19 /home/angklung/www.angklung-udjo.co.id/vendor/laravel/framework/src/Illuminate/Session/Middleware/StartSession.php(121): Illuminate\\Pipeline\\Pipeline->{closure:{closure:Illuminate\\Pipeline\\Pipeline::carry():184}:185}()
#20 /home/angklung/www.angklung-udjo.co.id/vendor/laravel/framework/src/Illuminate/Session/Middleware/StartSession.php(64): Illuminate\\Session\\Middleware\\StartSession->handleStatefulRequest()
#21 /home/angklung/www.angklung-udjo.co.id/vendor/laravel/framework/src/Illuminate/Pipeline/Pipeline.php(209): Illuminate\\Session\\Middleware\\StartSession->handle()
#22 /home/angklung/www.angklung-udjo.co.id/vendor/laravel/framework/src/Illuminate/Cookie/Middleware/AddQueuedCookiesToResponse.php(37): Illuminate\\Pipeline\\Pipeline->{closure:{closure:Illuminate\\Pipeline\\Pipeline::carry():184}:185}()
#23 /home/angklung/www.angklung-udjo.co.id/vendor/laravel/framework/src/Illuminate/Pipeline/Pipeline.php(209): Illuminate\\Cookie\\Middleware\\AddQueuedCookiesToResponse->handle()
#24 /home/angklung/www.angklung-udjo.co.id/vendor/laravel/framework/src/Illuminate/Cookie/Middleware/EncryptCookies.php(75): Illuminate\\Pipeline\\Pipeline->{closure:{closure:Illuminate\\Pipeline\\Pipeline::carry():184}:185}()
#25 /home/angklung/www.angklung-udjo.co.id/vendor/laravel/framework/src/Illuminate/Pipeline/Pipeline.php(209): Illuminate\\Cookie\\Middleware\\EncryptCookies->handle()
#26 /home/angklung/www.angklung-udjo.co.id/vendor/laravel/framework/src/Illuminate/Pipeline/Pipeline.php(127): Illuminate\\Pipeline\\Pipeline->{closure:{closure:Illuminate\\Pipeline\\Pipeline::carry():184}:185}()
#27 /home/angklung/www.angklung-udjo.co.id/vendor/laravel/framework/src/Illuminate/Routing/Router.php(807): Illuminate\\Pipeline\\Pipeline->then()
#28 /home/angklung/www.angklung-udjo.co.id/vendor/laravel/framework/src/Illuminate/Routing/Router.php(786): Illuminate\\Routing\\Router->runRouteWithinStack()
#29 /home/angklung/www.angklung-udjo.co.id/vendor/laravel/framework/src/Illuminate/Routing/Router.php(750): Illuminate\\Routing\\Router->runRoute()
#30 /home/angklung/www.angklung-udjo.co.id/vendor/laravel/framework/src/Illuminate/Routing/Router.php(739): Illuminate\\Routing\\Router->dispatchToRoute()
#31 /home/angklung/www.angklung-udjo.co.id/vendor/laravel/framework/src/Illuminate/Foundation/Http/Kernel.php(201): Illuminate\\Routing\\Router->dispatch()
#32 /home/angklung/www.angklung-udjo.co.id/vendor/laravel/framework/src/Illuminate/Pipeline/Pipeline.php(170): Illuminate\\Foundation\\Http\\Kernel->{closure:Illuminate\\Foundation\\Http\\Kernel::dispatchToRouter():198}()
#33 /home/angklung/www.angklung-udjo.co.id/vendor/laravel/framework/src/Illuminate/Foundation/Http/Middleware/TransformsRequest.php(21): Illuminate\\Pipeline\\Pipeline->{closure:Illuminate\\Pipeline\\Pipeline::prepareDestination():168}()
#34 /home/angklung/www.angklung-udjo.co.id/vendor/laravel/framework/src/Illuminate/Foundation/Http/Middleware/ConvertEmptyStringsToNull.php(31): Illuminate\\Foundation\\Http\\Middleware\\TransformsRequest->handle()
#35 /home/angklung/www.angklung-udjo.co.id/vendor/laravel/framework/src/Illuminate/Pipeline/Pipeline.php(209): Illuminate\\Foundation\\Http\\Middleware\\ConvertEmptyStringsToNull->handle()
#36 /home/angklung/www.angklung-udjo.co.id/vendor/laravel/framework/src/Illuminate/Foundation/Http/Middleware/TransformsRequest.php(21): Illuminate\\Pipeline\\Pipeline->{closure:{closure:Illuminate\\Pipeline\\Pipeline::carry():184}:185}()
#37 /home/angklung/www.angklung-udjo.co.id/vendor/laravel/framework/src/Illuminate/Foundation/Http/Middleware/TrimStrings.php(51): Illuminate\\Foundation\\Http\\Middleware\\TransformsRequest->handle()
#38 /home/angklung/www.angklung-udjo.co.id/vendor/laravel/framework/src/Illuminate/Pipeline/Pipeline.php(209): Illuminate\\Foundation\\Http\\Middleware\\TrimStrings->handle()
#39 /home/angklung/www.angklung-udjo.co.id/vendor/laravel/framework/src/Illuminate/Http/Middleware/ValidatePostSize.php(27): Illuminate\\Pipeline\\Pipeline->{closure:{closure:Illuminate\\Pipeline\\Pipeline::carry():184}:185}()
#40 /home/angklung/www.angklung-udjo.co.id/vendor/laravel/framework/src/Illuminate/Pipeline/Pipeline.php(209): Illuminate\\Http\\Middleware\\ValidatePostSize->handle()
#41 /home/angklung/www.angklung-udjo.co.id/vendor/laravel/framework/src/Illuminate/Foundation/Http/Middleware/PreventRequestsDuringMaintenance.php(110): Illuminate\\Pipeline\\Pipeline->{closure:{closure:Illuminate\\Pipeline\\Pipeline::carry():184}:185}()
#42 /home/angklung/www.angklung-udjo.co.id/vendor/laravel/framework/src/Illuminate/Pipeline/Pipeline.php(209): Illuminate\\Foundation\\Http\\Middleware\\PreventRequestsDuringMaintenance->handle()
#43 /home/angklung/www.angklung-udjo.co.id/vendor/laravel/framework/src/Illuminate/Http/Middleware/HandleCors.php(49): Illuminate\\Pipeline\\Pipeline->{closure:{closure:Illuminate\\Pipeline\\Pipeline::carry():184}:185}()
#44 /home/angklung/www.angklung-udjo.co.id/vendor/laravel/framework/src/Illuminate/Pipeline/Pipeline.php(209): Illuminate\\Http\\Middleware\\HandleCors->handle()
#45 /home/angklung/www.angklung-udjo.co.id/vendor/laravel/framework/src/Illuminate/Http/Middleware/TrustProxies.php(58): Illuminate\\Pipeline\\Pipeline->{closure:{closure:Illuminate\\Pipeline\\Pipeline::carry():184}:185}()
#46 /home/angklung/www.angklung-udjo.co.id/vendor/laravel/framework/src/Illuminate/Pipeline/Pipeline.php(209): Illuminate\\Http\\Middleware\\TrustProxies->handle()
#47 /home/angklung/www.angklung-udjo.co.id/vendor/laravel/framework/src/Illuminate/Foundation/Http/Middleware/InvokeDeferredCallbacks.php(22): Illuminate\\Pipeline\\Pipeline->{closure:{closure:Illuminate\\Pipeline\\Pipeline::carry():184}:185}()
#48 /home/angklung/www.angklung-udjo.co.id/vendor/laravel/framework/src/Illuminate/Pipeline/Pipeline.php(209): Illuminate\\Foundation\\Http\\Middleware\\InvokeDeferredCallbacks->handle()
#49 /home/angklung/www.angklung-udjo.co.id/vendor/laravel/framework/src/Illuminate/Pipeline/Pipeline.php(127): Illuminate\\Pipeline\\Pipeline->{closure:{closure:Illuminate\\Pipeline\\Pipeline::carry():184}:185}()
#50 /home/angklung/www.angklung-udjo.co.id/vendor/laravel/framework/src/Illuminate/Foundation/Http/Kernel.php(176): Illuminate\\Pipeline\\Pipeline->then()
#51 /home/angklung/www.angklung-udjo.co.id/vendor/laravel/framework/src/Illuminate/Foundation/Http/Kernel.php(145): Illuminate\\Foundation\\Http\\Kernel->sendRequestThroughRouter()
#52 /home/angklung/www.angklung-udjo.co.id/vendor/laravel/framework/src/Illuminate/Foundation/Application.php(1220): Illuminate\\Foundation\\Http\\Kernel->handle()
#53 /home/angklung/www.angklung-udjo.co.id/public/index.php(20): Illuminate\\Foundation\\Application->handleRequest()
#54 {main}
"} 
[2026-06-07 02:30:55] production.ERROR: View [privacy-policy] not found. {"exception":"[object] (InvalidArgumentException(code: 0): View [privacy-policy] not found. at /home/angklung/www.angklung-udjo.co.id/vendor/laravel/framework/src/Illuminate/View/FileViewFinder.php:139)
[stacktrace]
#0 /home/angklung/www.angklung-udjo.co.id/vendor/laravel/framework/src/Illuminate/View/FileViewFinder.php(79): Illuminate\\View\\FileViewFinder->findInPaths()
#1 /home/angklung/www.angklung-udjo.co.id/vendor/laravel/framework/src/Illuminate/View/Factory.php(151): Illuminate\\View\\FileViewFinder->find()
#2 /home/angklung/www.angklung-udjo.co.id/vendor/laravel/framework/src/Illuminate/Foundation/helpers.php(1062): Illuminate\\View\\Factory->make()
#3 /home/angklung/www.angklung-udjo.co.id/routes/web.php(122): view()
#4 /home/angklung/www.angklung-udjo.co.id/vendor/laravel/framework/src/Illuminate/Routing/CallableDispatcher.php(40): Illuminate\\Routing\\RouteFileRegistrar->{closure:/home/angklung/www.angklung-udjo.co.id/routes/web.php:122}()
#5 /home/angklung/www.angklung-udjo.co.id/vendor/laravel/framework/src/Illuminate/Routing/Route.php(244): Illuminate\\Routing\\CallableDispatcher->dispatch()
#6 /home/angklung/www.angklung-udjo.co.id/vendor/laravel/framework/src/Illuminate/Routing/Route.php(215): Illuminate\\Routing\\Route->runCallable()
#7 /home/angklung/www.angklung-udjo.co.id/vendor/laravel/framework/src/Illuminate/Routing/Router.php(808): Illuminate\\Routing\\Route->run()
#8 /home/angklung/www.angklung-udjo.co.id/vendor/laravel/framework/src/Illuminate/Pipeline/Pipeline.php(170): Illuminate\\Routing\\Router->{closure:Illuminate\\Routing\\Router::runRouteWithinStack():807}()
#9 /home/angklung/www.angklung-udjo.co.id/app/Http/Middleware/SecurityHeaders.php(11): Illuminate\\Pipeline\\Pipeline->{closure:Illuminate\\Pipeline\\Pipeline::prepareDestination():168}()
#10 /home/angklung/www.angklung-udjo.co.id/vendor/laravel/framework/src/Illuminate/Pipeline/Pipeline.php(209): App\\Http\\Middleware\\SecurityHeaders->handle()
#11 /home/angklung/www.angklung-udjo.co.id/app/Http/Middleware/SetLocale.php(26): Illuminate\\Pipeline\\Pipeline->{closure:{closure:Illuminate\\Pipeline\\Pipeline::carry():184}:185}()
#12 /home/angklung/www.angklung-udjo.co.id/vendor/laravel/framework/src/Illuminate/Pipeline/Pipeline.php(209): App\\Http\\Middleware\\SetLocale->handle()
#13 /home/angklung/www.angklung-udjo.co.id/vendor/laravel/framework/src/Illuminate/Routing/Middleware/SubstituteBindings.php(51): Illuminate\\Pipeline\\Pipeline->{closure:{closure:Illuminate\\Pipeline\\Pipeline::carry():184}:185}()
#14 /home/angklung/www.angklung-udjo.co.id/vendor/laravel/framework/src/Illuminate/Pipeline/Pipeline.php(209): Illuminate\\Routing\\Middleware\\SubstituteBindings->handle()
#15 /home/angklung/www.angklung-udjo.co.id/vendor/laravel/framework/src/Illuminate/Foundation/Http/Middleware/VerifyCsrfToken.php(88): Illuminate\\Pipeline\\Pipeline->{closure:{closure:Illuminate\\Pipeline\\Pipeline::carry():184}:185}()
#16 /home/angklung/www.angklung-udjo.co.id/vendor/laravel/framework/src/Illuminate/Pipeline/Pipeline.php(209): Illuminate\\Foundation\\Http\\Middleware\\VerifyCsrfToken->handle()
#17 /home/angklung/www.angklung-udjo.co.id/vendor/laravel/framework/src/Illuminate/View/Middleware/ShareErrorsFromSession.php(49): Illuminate\\Pipeline\\Pipeline->{closure:{closure:Illuminate\\Pipeline\\Pipeline::carry():184}:185}()
#18 /home/angklung/www.angklung-udjo.co.id/vendor/laravel/framework/src/Illuminate/Pipeline/Pipeline.php(209): Illuminate\\View\\Middleware\\ShareErrorsFromSession->handle()
#19 /home/angklung/www.angklung-udjo.co.id/vendor/laravel/framework/src/Illuminate/Session/Middleware/StartSession.php(121): Illuminate\\Pipeline\\Pipeline->{closure:{closure:Illuminate\\Pipeline\\Pipeline::carry():184}:185}()
#20 /home/angklung/www.angklung-udjo.co.id/vendor/laravel/framework/src/Illuminate/Session/Middleware/StartSession.php(64): Illuminate\\Session\\Middleware\\StartSession->handleStatefulRequest()
#21 /home/angklung/www.angklung-udjo.co.id/vendor/laravel/framework/src/Illuminate/Pipeline/Pipeline.php(209): Illuminate\\Session\\Middleware\\StartSession->handle()
#22 /home/angklung/www.angklung-udjo.co.id/vendor/laravel/framework/src/Illuminate/Cookie/Middleware/AddQueuedCookiesToResponse.php(37): Illuminate\\Pipeline\\Pipeline->{closure:{closure:Illuminate\\Pipeline\\Pipeline::carry():184}:185}()
#23 /home/angklung/www.angklung-udjo.co.id/vendor/laravel/framework/src/Illuminate/Pipeline/Pipeline.php(209): Illuminate\\Cookie\\Middleware\\AddQueuedCookiesToResponse->handle()
#24 /home/angklung/www.angklung-udjo.co.id/vendor/laravel/framework/src/Illuminate/Cookie/Middleware/EncryptCookies.php(75): Illuminate\\Pipeline\\Pipeline->{closure:{closure:Illuminate\\Pipeline\\Pipeline::carry():184}:185}()
#25 /home/angklung/www.angklung-udjo.co.id/vendor/laravel/framework/src/Illuminate/Pipeline/Pipeline.php(209): Illuminate\\Cookie\\Middleware\\EncryptCookies->handle()
#26 /home/angklung/www.angklung-udjo.co.id/vendor/laravel/framework/src/Illuminate/Pipeline/Pipeline.php(127): Illuminate\\Pipeline\\Pipeline->{closure:{closure:Illuminate\\Pipeline\\Pipeline::carry():184}:185}()
#27 /home/angklung/www.angklung-udjo.co.id/vendor/laravel/framework/src/Illuminate/Routing/Router.php(807): Illuminate\\Pipeline\\Pipeline->then()
#28 /home/angklung/www.angklung-udjo.co.id/vendor/laravel/framework/src/Illuminate/Routing/Router.php(786): Illuminate\\Routing\\Router->runRouteWithinStack()
#29 /home/angklung/www.angklung-udjo.co.id/vendor/laravel/framework/src/Illuminate/Routing/Router.php(750): Illuminate\\Routing\\Router->runRoute()
#30 /home/angklung/www.angklung-udjo.co.id/vendor/laravel/framework/src/Illuminate/Routing/Router.php(739): Illuminate\\Routing\\Router->dispatchToRoute()
#31 /home/angklung/www.angklung-udjo.co.id/vendor/laravel/framework/src/Illuminate/Foundation/Http/Kernel.php(201): Illuminate\\Routing\\Router->dispatch()
#32 /home/angklung/www.angklung-udjo.co.id/vendor/laravel/framework/src/Illuminate/Pipeline/Pipeline.php(170): Illuminate\\Foundation\\Http\\Kernel->{closure:Illuminate\\Foundation\\Http\\Kernel::dispatchToRouter():198}()
#33 /home/angklung/www.angklung-udjo.co.id/vendor/laravel/framework/src/Illuminate/Foundation/Http/Middleware/TransformsRequest.php(21): Illuminate\\Pipeline\\Pipeline->{closure:Illuminate\\Pipeline\\Pipeline::prepareDestination():168}()
#34 /home/angklung/www.angklung-udjo.co.id/vendor/laravel/framework/src/Illuminate/Foundation/Http/Middleware/ConvertEmptyStringsToNull.php(31): Illuminate\\Foundation\\Http\\Middleware\\TransformsRequest->handle()
#35 /home/angklung/www.angklung-udjo.co.id/vendor/laravel/framework/src/Illuminate/Pipeline/Pipeline.php(209): Illuminate\\Foundation\\Http\\Middleware\\ConvertEmptyStringsToNull->handle()
#36 /home/angklung/www.angklung-udjo.co.id/vendor/laravel/framework/src/Illuminate/Foundation/Http/Middleware/TransformsRequest.php(21): Illuminate\\Pipeline\\Pipeline->{closure:{closure:Illuminate\\Pipeline\\Pipeline::carry():184}:185}()
#37 /home/angklung/www.angklung-udjo.co.id/vendor/laravel/framework/src/Illuminate/Foundation/Http/Middleware/TrimStrings.php(51): Illuminate\\Foundation\\Http\\Middleware\\TransformsRequest->handle()
#38 /home/angklung/www.angklung-udjo.co.id/vendor/laravel/framework/src/Illuminate/Pipeline/Pipeline.php(209): Illuminate\\Foundation\\Http\\Middleware\\TrimStrings->handle()
#39 /home/angklung/www.angklung-udjo.co.id/vendor/laravel/framework/src/Illuminate/Http/Middleware/ValidatePostSize.php(27): Illuminate\\Pipeline\\Pipeline->{closure:{closure:Illuminate\\Pipeline\\Pipeline::carry():184}:185}()
#40 /home/angklung/www.angklung-udjo.co.id/vendor/laravel/framework/src/Illuminate/Pipeline/Pipeline.php(209): Illuminate\\Http\\Middleware\\ValidatePostSize->handle()
#41 /home/angklung/www.angklung-udjo.co.id/vendor/laravel/framework/src/Illuminate/Foundation/Http/Middleware/PreventRequestsDuringMaintenance.php(110): Illuminate\\Pipeline\\Pipeline->{closure:{closure:Illuminate\\Pipeline\\Pipeline::carry():184}:185}()
#42 /home/angklung/www.angklung-udjo.co.id/vendor/laravel/framework/src/Illuminate/Pipeline/Pipeline.php(209): Illuminate\\Foundation\\Http\\Middleware\\PreventRequestsDuringMaintenance->handle()
#43 /home/angklung/www.angklung-udjo.co.id/vendor/laravel/framework/src/Illuminate/Http/Middleware/HandleCors.php(49): Illuminate\\Pipeline\\Pipeline->{closure:{closure:Illuminate\\Pipeline\\Pipeline::carry():184}:185}()
#44 /home/angklung/www.angklung-udjo.co.id/vendor/laravel/framework/src/Illuminate/Pipeline/Pipeline.php(209): Illuminate\\Http\\Middleware\\HandleCors->handle()
#45 /home/angklung/www.angklung-udjo.co.id/vendor/laravel/framework/src/Illuminate/Http/Middleware/TrustProxies.php(58): Illuminate\\Pipeline\\Pipeline->{closure:{closure:Illuminate\\Pipeline\\Pipeline::carry():184}:185}()
#46 /home/angklung/www.angklung-udjo.co.id/vendor/laravel/framework/src/Illuminate/Pipeline/Pipeline.php(209): Illuminate\\Http\\Middleware\\TrustProxies->handle()
#47 /home/angklung/www.angklung-udjo.co.id/vendor/laravel/framework/src/Illuminate/Foundation/Http/Middleware/InvokeDeferredCallbacks.php(22): Illuminate\\Pipeline\\Pipeline->{closure:{closure:Illuminate\\Pipeline\\Pipeline::carry():184}:185}()
#48 /home/angklung/www.angklung-udjo.co.id/vendor/laravel/framework/src/Illuminate/Pipeline/Pipeline.php(209): Illuminate\\Foundation\\Http\\Middleware\\InvokeDeferredCallbacks->handle()
#49 /home/angklung/www.angklung-udjo.co.id/vendor/laravel/framework/src/Illuminate/Pipeline/Pipeline.php(127): Illuminate\\Pipeline\\Pipeline->{closure:{closure:Illuminate\\Pipeline\\Pipeline::carry():184}:185}()
#50 /home/angklung/www.angklung-udjo.co.id/vendor/laravel/framework/src/Illuminate/Foundation/Http/Kernel.php(176): Illuminate\\Pipeline\\Pipeline->then()
#51 /home/angklung/www.angklung-udjo.co.id/vendor/laravel/framework/src/Illuminate/Foundation/Http/Kernel.php(145): Illuminate\\Foundation\\Http\\Kernel->sendRequestThroughRouter()
#52 /home/angklung/www.angklung-udjo.co.id/vendor/laravel/framework/src/Illuminate/Foundation/Application.php(1220): Illuminate\\Foundation\\Http\\Kernel->handle()
#53 /home/angklung/www.angklung-udjo.co.id/public/index.php(20): Illuminate\\Foundation\\Application->handleRequest()
#54 {main}
"} 
[2026-06-07 02:34:49] production.ERROR: View [privacy-policy] not found. {"exception":"[object] (InvalidArgumentException(code: 0): View [privacy-policy] not found. at /home/angklung/www.angklung-udjo.co.id/vendor/laravel/framework/src/Illuminate/View/FileViewFinder.php:139)
[stacktrace]
#0 /home/angklung/www.angklung-udjo.co.id/vendor/laravel/framework/src/Illuminate/View/FileViewFinder.php(79): Illuminate\\View\\FileViewFinder->findInPaths()
#1 /home/angklung/www.angklung-udjo.co.id/vendor/laravel/framework/src/Illuminate/View/Factory.php(151): Illuminate\\View\\FileViewFinder->find()
#2 /home/angklung/www.angklung-udjo.co.id/vendor/laravel/framework/src/Illuminate/Foundation/helpers.php(1062): Illuminate\\View\\Factory->make()
#3 /home/angklung/www.angklung-udjo.co.id/routes/web.php(122): view()
#4 /home/angklung/www.angklung-udjo.co.id/vendor/laravel/framework/src/Illuminate/Routing/CallableDispatcher.php(40): Illuminate\\Routing\\RouteFileRegistrar->{closure:/home/angklung/www.angklung-udjo.co.id/routes/web.php:122}()
#5 /home/angklung/www.angklung-udjo.co.id/vendor/laravel/framework/src/Illuminate/Routing/Route.php(244): Illuminate\\Routing\\CallableDispatcher->dispatch()
#6 /home/angklung/www.angklung-udjo.co.id/vendor/laravel/framework/src/Illuminate/Routing/Route.php(215): Illuminate\\Routing\\Route->runCallable()
#7 /home/angklung/www.angklung-udjo.co.id/vendor/laravel/framework/src/Illuminate/Routing/Router.php(808): Illuminate\\Routing\\Route->run()
#8 /home/angklung/www.angklung-udjo.co.id/vendor/laravel/framework/src/Illuminate/Pipeline/Pipeline.php(170): Illuminate\\Routing\\Router->{closure:Illuminate\\Routing\\Router::runRouteWithinStack():807}()
#9 /home/angklung/www.angklung-udjo.co.id/app/Http/Middleware/SecurityHeaders.php(11): Illuminate\\Pipeline\\Pipeline->{closure:Illuminate\\Pipeline\\Pipeline::prepareDestination():168}()
#10 /home/angklung/www.angklung-udjo.co.id/vendor/laravel/framework/src/Illuminate/Pipeline/Pipeline.php(209): App\\Http\\Middleware\\SecurityHeaders->handle()
#11 /home/angklung/www.angklung-udjo.co.id/app/Http/Middleware/SetLocale.php(26): Illuminate\\Pipeline\\Pipeline->{closure:{closure:Illuminate\\Pipeline\\Pipeline::carry():184}:185}()
#12 /home/angklung/www.angklung-udjo.co.id/vendor/laravel/framework/src/Illuminate/Pipeline/Pipeline.php(209): App\\Http\\Middleware\\SetLocale->handle()
#13 /home/angklung/www.angklung-udjo.co.id/vendor/laravel/framework/src/Illuminate/Routing/Middleware/SubstituteBindings.php(51): Illuminate\\Pipeline\\Pipeline->{closure:{closure:Illuminate\\Pipeline\\Pipeline::carry():184}:185}()
#14 /home/angklung/www.angklung-udjo.co.id/vendor/laravel/framework/src/Illuminate/Pipeline/Pipeline.php(209): Illuminate\\Routing\\Middleware\\SubstituteBindings->handle()
#15 /home/angklung/www.angklung-udjo.co.id/vendor/laravel/framework/src/Illuminate/Foundation/Http/Middleware/VerifyCsrfToken.php(88): Illuminate\\Pipeline\\Pipeline->{closure:{closure:Illuminate\\Pipeline\\Pipeline::carry():184}:185}()
#16 /home/angklung/www.angklung-udjo.co.id/vendor/laravel/framework/src/Illuminate/Pipeline/Pipeline.php(209): Illuminate\\Foundation\\Http\\Middleware\\VerifyCsrfToken->handle()
#17 /home/angklung/www.angklung-udjo.co.id/vendor/laravel/framework/src/Illuminate/View/Middleware/ShareErrorsFromSession.php(49): Illuminate\\Pipeline\\Pipeline->{closure:{closure:Illuminate\\Pipeline\\Pipeline::carry():184}:185}()
#18 /home/angklung/www.angklung-udjo.co.id/vendor/laravel/framework/src/Illuminate/Pipeline/Pipeline.php(209): Illuminate\\View\\Middleware\\ShareErrorsFromSession->handle()
#19 /home/angklung/www.angklung-udjo.co.id/vendor/laravel/framework/src/Illuminate/Session/Middleware/StartSession.php(121): Illuminate\\Pipeline\\Pipeline->{closure:{closure:Illuminate\\Pipeline\\Pipeline::carry():184}:185}()
#20 /home/angklung/www.angklung-udjo.co.id/vendor/laravel/framework/src/Illuminate/Session/Middleware/StartSession.php(64): Illuminate\\Session\\Middleware\\StartSession->handleStatefulRequest()
#21 /home/angklung/www.angklung-udjo.co.id/vendor/laravel/framework/src/Illuminate/Pipeline/Pipeline.php(209): Illuminate\\Session\\Middleware\\StartSession->handle()
#22 /home/angklung/www.angklung-udjo.co.id/vendor/laravel/framework/src/Illuminate/Cookie/Middleware/AddQueuedCookiesToResponse.php(37): Illuminate\\Pipeline\\Pipeline->{closure:{closure:Illuminate\\Pipeline\\Pipeline::carry():184}:185}()
#23 /home/angklung/www.angklung-udjo.co.id/vendor/laravel/framework/src/Illuminate/Pipeline/Pipeline.php(209): Illuminate\\Cookie\\Middleware\\AddQueuedCookiesToResponse->handle()
#24 /home/angklung/www.angklung-udjo.co.id/vendor/laravel/framework/src/Illuminate/Cookie/Middleware/EncryptCookies.php(75): Illuminate\\Pipeline\\Pipeline->{closure:{closure:Illuminate\\Pipeline\\Pipeline::carry():184}:185}()
#25 /home/angklung/www.angklung-udjo.co.id/vendor/laravel/framework/src/Illuminate/Pipeline/Pipeline.php(209): Illuminate\\Cookie\\Middleware\\EncryptCookies->handle()
#26 /home/angklung/www.angklung-udjo.co.id/vendor/laravel/framework/src/Illuminate/Pipeline/Pipeline.php(127): Illuminate\\Pipeline\\Pipeline->{closure:{closure:Illuminate\\Pipeline\\Pipeline::carry():184}:185}()
#27 /home/angklung/www.angklung-udjo.co.id/vendor/laravel/framework/src/Illuminate/Routing/Router.php(807): Illuminate\\Pipeline\\Pipeline->then()
#28 /home/angklung/www.angklung-udjo.co.id/vendor/laravel/framework/src/Illuminate/Routing/Router.php(786): Illuminate\\Routing\\Router->runRouteWithinStack()
#29 /home/angklung/www.angklung-udjo.co.id/vendor/laravel/framework/src/Illuminate/Routing/Router.php(750): Illuminate\\Routing\\Router->runRoute()
#30 /home/angklung/www.angklung-udjo.co.id/vendor/laravel/framework/src/Illuminate/Routing/Router.php(739): Illuminate\\Routing\\Router->dispatchToRoute()
#31 /home/angklung/www.angklung-udjo.co.id/vendor/laravel/framework/src/Illuminate/Foundation/Http/Kernel.php(201): Illuminate\\Routing\\Router->dispatch()
#32 /home/angklung/www.angklung-udjo.co.id/vendor/laravel/framework/src/Illuminate/Pipeline/Pipeline.php(170): Illuminate\\Foundation\\Http\\Kernel->{closure:Illuminate\\Foundation\\Http\\Kernel::dispatchToRouter():198}()
#33 /home/angklung/www.angklung-udjo.co.id/vendor/laravel/framework/src/Illuminate/Foundation/Http/Middleware/TransformsRequest.php(21): Illuminate\\Pipeline\\Pipeline->{closure:Illuminate\\Pipeline\\Pipeline::prepareDestination():168}()
#34 /home/angklung/www.angklung-udjo.co.id/vendor/laravel/framework/src/Illuminate/Foundation/Http/Middleware/ConvertEmptyStringsToNull.php(31): Illuminate\\Foundation\\Http\\Middleware\\TransformsRequest->handle()
#35 /home/angklung/www.angklung-udjo.co.id/vendor/laravel/framework/src/Illuminate/Pipeline/Pipeline.php(209): Illuminate\\Foundation\\Http\\Middleware\\ConvertEmptyStringsToNull->handle()
#36 /home/angklung/www.angklung-udjo.co.id/vendor/laravel/framework/src/Illuminate/Foundation/Http/Middleware/TransformsRequest.php(21): Illuminate\\Pipeline\\Pipeline->{closure:{closure:Illuminate\\Pipeline\\Pipeline::carry():184}:185}()
#37 /home/angklung/www.angklung-udjo.co.id/vendor/laravel/framework/src/Illuminate/Foundation/Http/Middleware/TrimStrings.php(51): Illuminate\\Foundation\\Http\\Middleware\\TransformsRequest->handle()
#38 /home/angklung/www.angklung-udjo.co.id/vendor/laravel/framework/src/Illuminate/Pipeline/Pipeline.php(209): Illuminate\\Foundation\\Http\\Middleware\\TrimStrings->handle()
#39 /home/angklung/www.angklung-udjo.co.id/vendor/laravel/framework/src/Illuminate/Http/Middleware/ValidatePostSize.php(27): Illuminate\\Pipeline\\Pipeline->{closure:{closure:Illuminate\\Pipeline\\Pipeline::carry():184}:185}()
#40 /home/angklung/www.angklung-udjo.co.id/vendor/laravel/framework/src/Illuminate/Pipeline/Pipeline.php(209): Illuminate\\Http\\Middleware\\ValidatePostSize->handle()
#41 /home/angklung/www.angklung-udjo.co.id/vendor/laravel/framework/src/Illuminate/Foundation/Http/Middleware/PreventRequestsDuringMaintenance.php(110): Illuminate\\Pipeline\\Pipeline->{closure:{closure:Illuminate\\Pipeline\\Pipeline::carry():184}:185}()
#42 /home/angklung/www.angklung-udjo.co.id/vendor/laravel/framework/src/Illuminate/Pipeline/Pipeline.php(209): Illuminate\\Foundation\\Http\\Middleware\\PreventRequestsDuringMaintenance->handle()
#43 /home/angklung/www.angklung-udjo.co.id/vendor/laravel/framework/src/Illuminate/Http/Middleware/HandleCors.php(49): Illuminate\\Pipeline\\Pipeline->{closure:{closure:Illuminate\\Pipeline\\Pipeline::carry():184}:185}()
#44 /home/angklung/www.angklung-udjo.co.id/vendor/laravel/framework/src/Illuminate/Pipeline/Pipeline.php(209): Illuminate\\Http\\Middleware\\HandleCors->handle()
#45 /home/angklung/www.angklung-udjo.co.id/vendor/laravel/framework/src/Illuminate/Http/Middleware/TrustProxies.php(58): Illuminate\\Pipeline\\Pipeline->{closure:{closure:Illuminate\\Pipeline\\Pipeline::carry():184}:185}()
#46 /home/angklung/www.angklung-udjo.co.id/vendor/laravel/framework/src/Illuminate/Pipeline/Pipeline.php(209): Illuminate\\Http\\Middleware\\TrustProxies->handle()
#47 /home/angklung/www.angklung-udjo.co.id/vendor/laravel/framework/src/Illuminate/Foundation/Http/Middleware/InvokeDeferredCallbacks.php(22): Illuminate\\Pipeline\\Pipeline->{closure:{closure:Illuminate\\Pipeline\\Pipeline::carry():184}:185}()
#48 /home/angklung/www.angklung-udjo.co.id/vendor/laravel/framework/src/Illuminate/Pipeline/Pipeline.php(209): Illuminate\\Foundation\\Http\\Middleware\\InvokeDeferredCallbacks->handle()
#49 /home/angklung/www.angklung-udjo.co.id/vendor/laravel/framework/src/Illuminate/Pipeline/Pipeline.php(127): Illuminate\\Pipeline\\Pipeline->{closure:{closure:Illuminate\\Pipeline\\Pipeline::carry():184}:185}()
#50 /home/angklung/www.angklung-udjo.co.id/vendor/laravel/framework/src/Illuminate/Foundation/Http/Kernel.php(176): Illuminate\\Pipeline\\Pipeline->then()
#51 /home/angklung/www.angklung-udjo.co.id/vendor/laravel/framework/src/Illuminate/Foundation/Http/Kernel.php(145): Illuminate\\Foundation\\Http\\Kernel->sendRequestThroughRouter()
#52 /home/angklung/www.angklung-udjo.co.id/vendor/laravel/framework/src/Illuminate/Foundation/Application.php(1220): Illuminate\\Foundation\\Http\\Kernel->handle()
#53 /home/angklung/www.angklung-udjo.co.id/public/index.php(20): Illuminate\\Foundation\\Application->handleRequest()
#54 {main}
"} 
[2026-06-07 06:08:49] production.ERROR: View [privacy-policy] not found. {"exception":"[object] (InvalidArgumentException(code: 0): View [privacy-policy] not found. at /home/angklung/www.angklung-udjo.co.id/vendor/laravel/framework/src/Illuminate/View/FileViewFinder.php:139)
[stacktrace]
#0 /home/angklung/www.angklung-udjo.co.id/vendor/laravel/framework/src/Illuminate/View/FileViewFinder.php(79): Illuminate\\View\\FileViewFinder->findInPaths()
#1 /home/angklung/www.angklung-udjo.co.id/vendor/laravel/framework/src/Illuminate/View/Factory.php(151): Illuminate\\View\\FileViewFinder->find()
#2 /home/angklung/www.angklung-udjo.co.id/vendor/laravel/framework/src/Illuminate/Foundation/helpers.php(1062): Illuminate\\View\\Factory->make()
#3 /home/angklung/www.angklung-udjo.co.id/routes/web.php(122): view()
#4 /home/angklung/www.angklung-udjo.co.id/vendor/laravel/framework/src/Illuminate/Routing/CallableDispatcher.php(40): Illuminate\\Routing\\RouteFileRegistrar->{closure:/home/angklung/www.angklung-udjo.co.id/routes/web.php:122}()
#5 /home/angklung/www.angklung-udjo.co.id/vendor/laravel/framework/src/Illuminate/Routing/Route.php(244): Illuminate\\Routing\\CallableDispatcher->dispatch()
#6 /home/angklung/www.angklung-udjo.co.id/vendor/laravel/framework/src/Illuminate/Routing/Route.php(215): Illuminate\\Routing\\Route->runCallable()
#7 /home/angklung/www.angklung-udjo.co.id/vendor/laravel/framework/src/Illuminate/Routing/Router.php(808): Illuminate\\Routing\\Route->run()
#8 /home/angklung/www.angklung-udjo.co.id/vendor/laravel/framework/src/Illuminate/Pipeline/Pipeline.php(170): Illuminate\\Routing\\Router->{closure:Illuminate\\Routing\\Router::runRouteWithinStack():807}()
#9 /home/angklung/www.angklung-udjo.co.id/app/Http/Middleware/SecurityHeaders.php(11): Illuminate\\Pipeline\\Pipeline->{closure:Illuminate\\Pipeline\\Pipeline::prepareDestination():168}()
#10 /home/angklung/www.angklung-udjo.co.id/vendor/laravel/framework/src/Illuminate/Pipeline/Pipeline.php(209): App\\Http\\Middleware\\SecurityHeaders->handle()
#11 /home/angklung/www.angklung-udjo.co.id/app/Http/Middleware/SetLocale.php(26): Illuminate\\Pipeline\\Pipeline->{closure:{closure:Illuminate\\Pipeline\\Pipeline::carry():184}:185}()
#12 /home/angklung/www.angklung-udjo.co.id/vendor/laravel/framework/src/Illuminate/Pipeline/Pipeline.php(209): App\\Http\\Middleware\\SetLocale->handle()
#13 /home/angklung/www.angklung-udjo.co.id/vendor/laravel/framework/src/Illuminate/Routing/Middleware/SubstituteBindings.php(51): Illuminate\\Pipeline\\Pipeline->{closure:{closure:Illuminate\\Pipeline\\Pipeline::carry():184}:185}()
#14 /home/angklung/www.angklung-udjo.co.id/vendor/laravel/framework/src/Illuminate/Pipeline/Pipeline.php(209): Illuminate\\Routing\\Middleware\\SubstituteBindings->handle()
#15 /home/angklung/www.angklung-udjo.co.id/vendor/laravel/framework/src/Illuminate/Foundation/Http/Middleware/VerifyCsrfToken.php(88): Illuminate\\Pipeline\\Pipeline->{closure:{closure:Illuminate\\Pipeline\\Pipeline::carry():184}:185}()
#16 /home/angklung/www.angklung-udjo.co.id/vendor/laravel/framework/src/Illuminate/Pipeline/Pipeline.php(209): Illuminate\\Foundation\\Http\\Middleware\\VerifyCsrfToken->handle()
#17 /home/angklung/www.angklung-udjo.co.id/vendor/laravel/framework/src/Illuminate/View/Middleware/ShareErrorsFromSession.php(49): Illuminate\\Pipeline\\Pipeline->{closure:{closure:Illuminate\\Pipeline\\Pipeline::carry():184}:185}()
#18 /home/angklung/www.angklung-udjo.co.id/vendor/laravel/framework/src/Illuminate/Pipeline/Pipeline.php(209): Illuminate\\View\\Middleware\\ShareErrorsFromSession->handle()
#19 /home/angklung/www.angklung-udjo.co.id/vendor/laravel/framework/src/Illuminate/Session/Middleware/StartSession.php(121): Illuminate\\Pipeline\\Pipeline->{closure:{closure:Illuminate\\Pipeline\\Pipeline::carry():184}:185}()
#20 /home/angklung/www.angklung-udjo.co.id/vendor/laravel/framework/src/Illuminate/Session/Middleware/StartSession.php(64): Illuminate\\Session\\Middleware\\StartSession->handleStatefulRequest()
#21 /home/angklung/www.angklung-udjo.co.id/vendor/laravel/framework/src/Illuminate/Pipeline/Pipeline.php(209): Illuminate\\Session\\Middleware\\StartSession->handle()
#22 /home/angklung/www.angklung-udjo.co.id/vendor/laravel/framework/src/Illuminate/Cookie/Middleware/AddQueuedCookiesToResponse.php(37): Illuminate\\Pipeline\\Pipeline->{closure:{closure:Illuminate\\Pipeline\\Pipeline::carry():184}:185}()
#23 /home/angklung/www.angklung-udjo.co.id/vendor/laravel/framework/src/Illuminate/Pipeline/Pipeline.php(209): Illuminate\\Cookie\\Middleware\\AddQueuedCookiesToResponse->handle()
#24 /home/angklung/www.angklung-udjo.co.id/vendor/laravel/framework/src/Illuminate/Cookie/Middleware/EncryptCookies.php(75): Illuminate\\Pipeline\\Pipeline->{closure:{closure:Illuminate\\Pipeline\\Pipeline::carry():184}:185}()
#25 /home/angklung/www.angklung-udjo.co.id/vendor/laravel/framework/src/Illuminate/Pipeline/Pipeline.php(209): Illuminate\\Cookie\\Middleware\\EncryptCookies->handle()
#26 /home/angklung/www.angklung-udjo.co.id/vendor/laravel/framework/src/Illuminate/Pipeline/Pipeline.php(127): Illuminate\\Pipeline\\Pipeline->{closure:{closure:Illuminate\\Pipeline\\Pipeline::carry():184}:185}()
#27 /home/angklung/www.angklung-udjo.co.id/vendor/laravel/framework/src/Illuminate/Routing/Router.php(807): Illuminate\\Pipeline\\Pipeline->then()
#28 /home/angklung/www.angklung-udjo.co.id/vendor/laravel/framework/src/Illuminate/Routing/Router.php(786): Illuminate\\Routing\\Router->runRouteWithinStack()
#29 /home/angklung/www.angklung-udjo.co.id/vendor/laravel/framework/src/Illuminate/Routing/Router.php(750): Illuminate\\Routing\\Router->runRoute()
#30 /home/angklung/www.angklung-udjo.co.id/vendor/laravel/framework/src/Illuminate/Routing/Router.php(739): Illuminate\\Routing\\Router->dispatchToRoute()
#31 /home/angklung/www.angklung-udjo.co.id/vendor/laravel/framework/src/Illuminate/Foundation/Http/Kernel.php(201): Illuminate\\Routing\\Router->dispatch()
#32 /home/angklung/www.angklung-udjo.co.id/vendor/laravel/framework/src/Illuminate/Pipeline/Pipeline.php(170): Illuminate\\Foundation\\Http\\Kernel->{closure:Illuminate\\Foundation\\Http\\Kernel::dispatchToRouter():198}()
#33 /home/angklung/www.angklung-udjo.co.id/vendor/laravel/framework/src/Illuminate/Foundation/Http/Middleware/TransformsRequest.php(21): Illuminate\\Pipeline\\Pipeline->{closure:Illuminate\\Pipeline\\Pipeline::prepareDestination():168}()
#34 /home/angklung/www.angklung-udjo.co.id/vendor/laravel/framework/src/Illuminate/Foundation/Http/Middleware/ConvertEmptyStringsToNull.php(31): Illuminate\\Foundation\\Http\\Middleware\\TransformsRequest->handle()
#35 /home/angklung/www.angklung-udjo.co.id/vendor/laravel/framework/src/Illuminate/Pipeline/Pipeline.php(209): Illuminate\\Foundation\\Http\\Middleware\\ConvertEmptyStringsToNull->handle()
#36 /home/angklung/www.angklung-udjo.co.id/vendor/laravel/framework/src/Illuminate/Foundation/Http/Middleware/TransformsRequest.php(21): Illuminate\\Pipeline\\Pipeline->{closure:{closure:Illuminate\\Pipeline\\Pipeline::carry():184}:185}()
#37 /home/angklung/www.angklung-udjo.co.id/vendor/laravel/framework/src/Illuminate/Foundation/Http/Middleware/TrimStrings.php(51): Illuminate\\Foundation\\Http\\Middleware\\TransformsRequest->handle()
#38 /home/angklung/www.angklung-udjo.co.id/vendor/laravel/framework/src/Illuminate/Pipeline/Pipeline.php(209): Illuminate\\Foundation\\Http\\Middleware\\TrimStrings->handle()
#39 /home/angklung/www.angklung-udjo.co.id/vendor/laravel/framework/src/Illuminate/Http/Middleware/ValidatePostSize.php(27): Illuminate\\Pipeline\\Pipeline->{closure:{closure:Illuminate\\Pipeline\\Pipeline::carry():184}:185}()
#40 /home/angklung/www.angklung-udjo.co.id/vendor/laravel/framework/src/Illuminate/Pipeline/Pipeline.php(209): Illuminate\\Http\\Middleware\\ValidatePostSize->handle()
#41 /home/angklung/www.angklung-udjo.co.id/vendor/laravel/framework/src/Illuminate/Foundation/Http/Middleware/PreventRequestsDuringMaintenance.php(110): Illuminate\\Pipeline\\Pipeline->{closure:{closure:Illuminate\\Pipeline\\Pipeline::carry():184}:185}()
#42 /home/angklung/www.angklung-udjo.co.id/vendor/laravel/framework/src/Illuminate/Pipeline/Pipeline.php(209): Illuminate\\Foundation\\Http\\Middleware\\PreventRequestsDuringMaintenance->handle()
#43 /home/angklung/www.angklung-udjo.co.id/vendor/laravel/framework/src/Illuminate/Http/Middleware/HandleCors.php(49): Illuminate\\Pipeline\\Pipeline->{closure:{closure:Illuminate\\Pipeline\\Pipeline::carry():184}:185}()
#44 /home/angklung/www.angklung-udjo.co.id/vendor/laravel/framework/src/Illuminate/Pipeline/Pipeline.php(209): Illuminate\\Http\\Middleware\\HandleCors->handle()
#45 /home/angklung/www.angklung-udjo.co.id/vendor/laravel/framework/src/Illuminate/Http/Middleware/TrustProxies.php(58): Illuminate\\Pipeline\\Pipeline->{closure:{closure:Illuminate\\Pipeline\\Pipeline::carry():184}:185}()
#46 /home/angklung/www.angklung-udjo.co.id/vendor/laravel/framework/src/Illuminate/Pipeline/Pipeline.php(209): Illuminate\\Http\\Middleware\\TrustProxies->handle()
#47 /home/angklung/www.angklung-udjo.co.id/vendor/laravel/framework/src/Illuminate/Foundation/Http/Middleware/InvokeDeferredCallbacks.php(22): Illuminate\\Pipeline\\Pipeline->{closure:{closure:Illuminate\\Pipeline\\Pipeline::carry():184}:185}()
#48 /home/angklung/www.angklung-udjo.co.id/vendor/laravel/framework/src/Illuminate/Pipeline/Pipeline.php(209): Illuminate\\Foundation\\Http\\Middleware\\InvokeDeferredCallbacks->handle()
#49 /home/angklung/www.angklung-udjo.co.id/vendor/laravel/framework/src/Illuminate/Pipeline/Pipeline.php(127): Illuminate\\Pipeline\\Pipeline->{closure:{closure:Illuminate\\Pipeline\\Pipeline::carry():184}:185}()
#50 /home/angklung/www.angklung-udjo.co.id/vendor/laravel/framework/src/Illuminate/Foundation/Http/Kernel.php(176): Illuminate\\Pipeline\\Pipeline->then()
#51 /home/angklung/www.angklung-udjo.co.id/vendor/laravel/framework/src/Illuminate/Foundation/Http/Kernel.php(145): Illuminate\\Foundation\\Http\\Kernel->sendRequestThroughRouter()
#52 /home/angklung/www.angklung-udjo.co.id/vendor/laravel/framework/src/Illuminate/Foundation/Application.php(1220): Illuminate\\Foundation\\Http\\Kernel->handle()
#53 /home/angklung/www.angklung-udjo.co.id/public/index.php(20): Illuminate\\Foundation\\Application->handleRequest()
#54 {main}
"} 
[2026-06-07 09:06:19] production.ERROR: View [privacy-policy] not found. {"exception":"[object] (InvalidArgumentException(code: 0): View [privacy-policy] not found. at /home/angklung/www.angklung-udjo.co.id/vendor/laravel/framework/src/Illuminate/View/FileViewFinder.php:139)
[stacktrace]
#0 /home/angklung/www.angklung-udjo.co.id/vendor/laravel/framework/src/Illuminate/View/FileViewFinder.php(79): Illuminate\\View\\FileViewFinder->findInPaths()
#1 /home/angklung/www.angklung-udjo.co.id/vendor/laravel/framework/src/Illuminate/View/Factory.php(151): Illuminate\\View\\FileViewFinder->find()
#2 /home/angklung/www.angklung-udjo.co.id/vendor/laravel/framework/src/Illuminate/Foundation/helpers.php(1062): Illuminate\\View\\Factory->make()
#3 /home/angklung/www.angklung-udjo.co.id/routes/web.php(122): view()
#4 /home/angklung/www.angklung-udjo.co.id/vendor/laravel/framework/src/Illuminate/Routing/CallableDispatcher.php(40): Illuminate\\Routing\\RouteFileRegistrar->{closure:/home/angklung/www.angklung-udjo.co.id/routes/web.php:122}()
#5 /home/angklung/www.angklung-udjo.co.id/vendor/laravel/framework/src/Illuminate/Routing/Route.php(244): Illuminate\\Routing\\CallableDispatcher->dispatch()
#6 /home/angklung/www.angklung-udjo.co.id/vendor/laravel/framework/src/Illuminate/Routing/Route.php(215): Illuminate\\Routing\\Route->runCallable()
#7 /home/angklung/www.angklung-udjo.co.id/vendor/laravel/framework/src/Illuminate/Routing/Router.php(808): Illuminate\\Routing\\Route->run()
#8 /home/angklung/www.angklung-udjo.co.id/vendor/laravel/framework/src/Illuminate/Pipeline/Pipeline.php(170): Illuminate\\Routing\\Router->{closure:Illuminate\\Routing\\Router::runRouteWithinStack():807}()
#9 /home/angklung/www.angklung-udjo.co.id/app/Http/Middleware/SecurityHeaders.php(11): Illuminate\\Pipeline\\Pipeline->{closure:Illuminate\\Pipeline\\Pipeline::prepareDestination():168}()
#10 /home/angklung/www.angklung-udjo.co.id/vendor/laravel/framework/src/Illuminate/Pipeline/Pipeline.php(209): App\\Http\\Middleware\\SecurityHeaders->handle()
#11 /home/angklung/www.angklung-udjo.co.id/app/Http/Middleware/SetLocale.php(26): Illuminate\\Pipeline\\Pipeline->{closure:{closure:Illuminate\\Pipeline\\Pipeline::carry():184}:185}()
#12 /home/angklung/www.angklung-udjo.co.id/vendor/laravel/framework/src/Illuminate/Pipeline/Pipeline.php(209): App\\Http\\Middleware\\SetLocale->handle()
#13 /home/angklung/www.angklung-udjo.co.id/vendor/laravel/framework/src/Illuminate/Routing/Middleware/SubstituteBindings.php(51): Illuminate\\Pipeline\\Pipeline->{closure:{closure:Illuminate\\Pipeline\\Pipeline::carry():184}:185}()
#14 /home/angklung/www.angklung-udjo.co.id/vendor/laravel/framework/src/Illuminate/Pipeline/Pipeline.php(209): Illuminate\\Routing\\Middleware\\SubstituteBindings->handle()
#15 /home/angklung/www.angklung-udjo.co.id/vendor/laravel/framework/src/Illuminate/Foundation/Http/Middleware/VerifyCsrfToken.php(88): Illuminate\\Pipeline\\Pipeline->{closure:{closure:Illuminate\\Pipeline\\Pipeline::carry():184}:185}()
#16 /home/angklung/www.angklung-udjo.co.id/vendor/laravel/framework/src/Illuminate/Pipeline/Pipeline.php(209): Illuminate\\Foundation\\Http\\Middleware\\VerifyCsrfToken->handle()
#17 /home/angklung/www.angklung-udjo.co.id/vendor/laravel/framework/src/Illuminate/View/Middleware/ShareErrorsFromSession.php(49): Illuminate\\Pipeline\\Pipeline->{closure:{closure:Illuminate\\Pipeline\\Pipeline::carry():184}:185}()
#18 /home/angklung/www.angklung-udjo.co.id/vendor/laravel/framework/src/Illuminate/Pipeline/Pipeline.php(209): Illuminate\\View\\Middleware\\ShareErrorsFromSession->handle()
#19 /home/angklung/www.angklung-udjo.co.id/vendor/laravel/framework/src/Illuminate/Session/Middleware/StartSession.php(121): Illuminate\\Pipeline\\Pipeline->{closure:{closure:Illuminate\\Pipeline\\Pipeline::carry():184}:185}()
#20 /home/angklung/www.angklung-udjo.co.id/vendor/laravel/framework/src/Illuminate/Session/Middleware/StartSession.php(64): Illuminate\\Session\\Middleware\\StartSession->handleStatefulRequest()
#21 /home/angklung/www.angklung-udjo.co.id/vendor/laravel/framework/src/Illuminate/Pipeline/Pipeline.php(209): Illuminate\\Session\\Middleware\\StartSession->handle()
#22 /home/angklung/www.angklung-udjo.co.id/vendor/laravel/framework/src/Illuminate/Cookie/Middleware/AddQueuedCookiesToResponse.php(37): Illuminate\\Pipeline\\Pipeline->{closure:{closure:Illuminate\\Pipeline\\Pipeline::carry():184}:185}()
#23 /home/angklung/www.angklung-udjo.co.id/vendor/laravel/framework/src/Illuminate/Pipeline/Pipeline.php(209): Illuminate\\Cookie\\Middleware\\AddQueuedCookiesToResponse->handle()
#24 /home/angklung/www.angklung-udjo.co.id/vendor/laravel/framework/src/Illuminate/Cookie/Middleware/EncryptCookies.php(75): Illuminate\\Pipeline\\Pipeline->{closure:{closure:Illuminate\\Pipeline\\Pipeline::carry():184}:185}()
#25 /home/angklung/www.angklung-udjo.co.id/vendor/laravel/framework/src/Illuminate/Pipeline/Pipeline.php(209): Illuminate\\Cookie\\Middleware\\EncryptCookies->handle()
#26 /home/angklung/www.angklung-udjo.co.id/vendor/laravel/framework/src/Illuminate/Pipeline/Pipeline.php(127): Illuminate\\Pipeline\\Pipeline->{closure:{closure:Illuminate\\Pipeline\\Pipeline::carry():184}:185}()
#27 /home/angklung/www.angklung-udjo.co.id/vendor/laravel/framework/src/Illuminate/Routing/Router.php(807): Illuminate\\Pipeline\\Pipeline->then()
#28 /home/angklung/www.angklung-udjo.co.id/vendor/laravel/framework/src/Illuminate/Routing/Router.php(786): Illuminate\\Routing\\Router->runRouteWithinStack()
#29 /home/angklung/www.angklung-udjo.co.id/vendor/laravel/framework/src/Illuminate/Routing/Router.php(750): Illuminate\\Routing\\Router->runRoute()
#30 /home/angklung/www.angklung-udjo.co.id/vendor/laravel/framework/src/Illuminate/Routing/Router.php(739): Illuminate\\Routing\\Router->dispatchToRoute()
#31 /home/angklung/www.angklung-udjo.co.id/vendor/laravel/framework/src/Illuminate/Foundation/Http/Kernel.php(201): Illuminate\\Routing\\Router->dispatch()
#32 /home/angklung/www.angklung-udjo.co.id/vendor/laravel/framework/src/Illuminate/Pipeline/Pipeline.php(170): Illuminate\\Foundation\\Http\\Kernel->{closure:Illuminate\\Foundation\\Http\\Kernel::dispatchToRouter():198}()
#33 /home/angklung/www.angklung-udjo.co.id/vendor/laravel/framework/src/Illuminate/Foundation/Http/Middleware/TransformsRequest.php(21): Illuminate\\Pipeline\\Pipeline->{closure:Illuminate\\Pipeline\\Pipeline::prepareDestination():168}()
#34 /home/angklung/www.angklung-udjo.co.id/vendor/laravel/framework/src/Illuminate/Foundation/Http/Middleware/ConvertEmptyStringsToNull.php(31): Illuminate\\Foundation\\Http\\Middleware\\TransformsRequest->handle()
#35 /home/angklung/www.angklung-udjo.co.id/vendor/laravel/framework/src/Illuminate/Pipeline/Pipeline.php(209): Illuminate\\Foundation\\Http\\Middleware\\ConvertEmptyStringsToNull->handle()
#36 /home/angklung/www.angklung-udjo.co.id/vendor/laravel/framework/src/Illuminate/Foundation/Http/Middleware/TransformsRequest.php(21): Illuminate\\Pipeline\\Pipeline->{closure:{closure:Illuminate\\Pipeline\\Pipeline::carry():184}:185}()
#37 /home/angklung/www.angklung-udjo.co.id/vendor/laravel/framework/src/Illuminate/Foundation/Http/Middleware/TrimStrings.php(51): Illuminate\\Foundation\\Http\\Middleware\\TransformsRequest->handle()
#38 /home/angklung/www.angklung-udjo.co.id/vendor/laravel/framework/src/Illuminate/Pipeline/Pipeline.php(209): Illuminate\\Foundation\\Http\\Middleware\\TrimStrings->handle()
#39 /home/angklung/www.angklung-udjo.co.id/vendor/laravel/framework/src/Illuminate/Http/Middleware/ValidatePostSize.php(27): Illuminate\\Pipeline\\Pipeline->{closure:{closure:Illuminate\\Pipeline\\Pipeline::carry():184}:185}()
#40 /home/angklung/www.angklung-udjo.co.id/vendor/laravel/framework/src/Illuminate/Pipeline/Pipeline.php(209): Illuminate\\Http\\Middleware\\ValidatePostSize->handle()
#41 /home/angklung/www.angklung-udjo.co.id/vendor/laravel/framework/src/Illuminate/Foundation/Http/Middleware/PreventRequestsDuringMaintenance.php(110): Illuminate\\Pipeline\\Pipeline->{closure:{closure:Illuminate\\Pipeline\\Pipeline::carry():184}:185}()
#42 /home/angklung/www.angklung-udjo.co.id/vendor/laravel/framework/src/Illuminate/Pipeline/Pipeline.php(209): Illuminate\\Foundation\\Http\\Middleware\\PreventRequestsDuringMaintenance->handle()
#43 /home/angklung/www.angklung-udjo.co.id/vendor/laravel/framework/src/Illuminate/Http/Middleware/HandleCors.php(49): Illuminate\\Pipeline\\Pipeline->{closure:{closure:Illuminate\\Pipeline\\Pipeline::carry():184}:185}()
#44 /home/angklung/www.angklung-udjo.co.id/vendor/laravel/framework/src/Illuminate/Pipeline/Pipeline.php(209): Illuminate\\Http\\Middleware\\HandleCors->handle()
#45 /home/angklung/www.angklung-udjo.co.id/vendor/laravel/framework/src/Illuminate/Http/Middleware/TrustProxies.php(58): Illuminate\\Pipeline\\Pipeline->{closure:{closure:Illuminate\\Pipeline\\Pipeline::carry():184}:185}()
#46 /home/angklung/www.angklung-udjo.co.id/vendor/laravel/framework/src/Illuminate/Pipeline/Pipeline.php(209): Illuminate\\Http\\Middleware\\TrustProxies->handle()
#47 /home/angklung/www.angklung-udjo.co.id/vendor/laravel/framework/src/Illuminate/Foundation/Http/Middleware/InvokeDeferredCallbacks.php(22): Illuminate\\Pipeline\\Pipeline->{closure:{closure:Illuminate\\Pipeline\\Pipeline::carry():184}:185}()
#48 /home/angklung/www.angklung-udjo.co.id/vendor/laravel/framework/src/Illuminate/Pipeline/Pipeline.php(209): Illuminate\\Foundation\\Http\\Middleware\\InvokeDeferredCallbacks->handle()
#49 /home/angklung/www.angklung-udjo.co.id/vendor/laravel/framework/src/Illuminate/Pipeline/Pipeline.php(127): Illuminate\\Pipeline\\Pipeline->{closure:{closure:Illuminate\\Pipeline\\Pipeline::carry():184}:185}()
#50 /home/angklung/www.angklung-udjo.co.id/vendor/laravel/framework/src/Illuminate/Foundation/Http/Kernel.php(176): Illuminate\\Pipeline\\Pipeline->then()
#51 /home/angklung/www.angklung-udjo.co.id/vendor/laravel/framework/src/Illuminate/Foundation/Http/Kernel.php(145): Illuminate\\Foundation\\Http\\Kernel->sendRequestThroughRouter()
#52 /home/angklung/www.angklung-udjo.co.id/vendor/laravel/framework/src/Illuminate/Foundation/Application.php(1220): Illuminate\\Foundation\\Http\\Kernel->handle()
#53 /home/angklung/www.angklung-udjo.co.id/public/index.php(20): Illuminate\\Foundation\\Application->handleRequest()
#54 {main}
"} 
[2026-06-07 12:24:01] production.ERROR: View [Ramadhan] not found. {"exception":"[object] (InvalidArgumentException(code: 0): View [Ramadhan] not found. at /home/angklung/www.angklung-udjo.co.id/vendor/laravel/framework/src/Illuminate/View/FileViewFinder.php:139)
[stacktrace]
#0 /home/angklung/www.angklung-udjo.co.id/vendor/laravel/framework/src/Illuminate/View/FileViewFinder.php(79): Illuminate\\View\\FileViewFinder->findInPaths()
#1 /home/angklung/www.angklung-udjo.co.id/vendor/laravel/framework/src/Illuminate/View/Factory.php(151): Illuminate\\View\\FileViewFinder->find()
#2 /home/angklung/www.angklung-udjo.co.id/vendor/laravel/framework/src/Illuminate/Foundation/helpers.php(1062): Illuminate\\View\\Factory->make()
#3 /home/angklung/www.angklung-udjo.co.id/routes/web.php(140): view()
#4 /home/angklung/www.angklung-udjo.co.id/vendor/laravel/framework/src/Illuminate/Routing/CallableDispatcher.php(40): Illuminate\\Routing\\RouteFileRegistrar->{closure:/home/angklung/www.angklung-udjo.co.id/routes/web.php:140}()
#5 /home/angklung/www.angklung-udjo.co.id/vendor/laravel/framework/src/Illuminate/Routing/Route.php(244): Illuminate\\Routing\\CallableDispatcher->dispatch()
#6 /home/angklung/www.angklung-udjo.co.id/vendor/laravel/framework/src/Illuminate/Routing/Route.php(215): Illuminate\\Routing\\Route->runCallable()
#7 /home/angklung/www.angklung-udjo.co.id/vendor/laravel/framework/src/Illuminate/Routing/Router.php(808): Illuminate\\Routing\\Route->run()
#8 /home/angklung/www.angklung-udjo.co.id/vendor/laravel/framework/src/Illuminate/Pipeline/Pipeline.php(170): Illuminate\\Routing\\Router->{closure:Illuminate\\Routing\\Router::runRouteWithinStack():807}()
#9 /home/angklung/www.angklung-udjo.co.id/app/Http/Middleware/SecurityHeaders.php(11): Illuminate\\Pipeline\\Pipeline->{closure:Illuminate\\Pipeline\\Pipeline::prepareDestination():168}()
#10 /home/angklung/www.angklung-udjo.co.id/vendor/laravel/framework/src/Illuminate/Pipeline/Pipeline.php(209): App\\Http\\Middleware\\SecurityHeaders->handle()
#11 /home/angklung/www.angklung-udjo.co.id/app/Http/Middleware/SetLocale.php(26): Illuminate\\Pipeline\\Pipeline->{closure:{closure:Illuminate\\Pipeline\\Pipeline::carry():184}:185}()
#12 /home/angklung/www.angklung-udjo.co.id/vendor/laravel/framework/src/Illuminate/Pipeline/Pipeline.php(209): App\\Http\\Middleware\\SetLocale->handle()
#13 /home/angklung/www.angklung-udjo.co.id/vendor/laravel/framework/src/Illuminate/Routing/Middleware/SubstituteBindings.php(51): Illuminate\\Pipeline\\Pipeline->{closure:{closure:Illuminate\\Pipeline\\Pipeline::carry():184}:185}()
#14 /home/angklung/www.angklung-udjo.co.id/vendor/laravel/framework/src/Illuminate/Pipeline/Pipeline.php(209): Illuminate\\Routing\\Middleware\\SubstituteBindings->handle()
#15 /home/angklung/www.angklung-udjo.co.id/vendor/laravel/framework/src/Illuminate/Foundation/Http/Middleware/VerifyCsrfToken.php(88): Illuminate\\Pipeline\\Pipeline->{closure:{closure:Illuminate\\Pipeline\\Pipeline::carry():184}:185}()
#16 /home/angklung/www.angklung-udjo.co.id/vendor/laravel/framework/src/Illuminate/Pipeline/Pipeline.php(209): Illuminate\\Foundation\\Http\\Middleware\\VerifyCsrfToken->handle()
#17 /home/angklung/www.angklung-udjo.co.id/vendor/laravel/framework/src/Illuminate/View/Middleware/ShareErrorsFromSession.php(49): Illuminate\\Pipeline\\Pipeline->{closure:{closure:Illuminate\\Pipeline\\Pipeline::carry():184}:185}()
#18 /home/angklung/www.angklung-udjo.co.id/vendor/laravel/framework/src/Illuminate/Pipeline/Pipeline.php(209): Illuminate\\View\\Middleware\\ShareErrorsFromSession->handle()
#19 /home/angklung/www.angklung-udjo.co.id/vendor/laravel/framework/src/Illuminate/Session/Middleware/StartSession.php(121): Illuminate\\Pipeline\\Pipeline->{closure:{closure:Illuminate\\Pipeline\\Pipeline::carry():184}:185}()
#20 /home/angklung/www.angklung-udjo.co.id/vendor/laravel/framework/src/Illuminate/Session/Middleware/StartSession.php(64): Illuminate\\Session\\Middleware\\StartSession->handleStatefulRequest()
#21 /home/angklung/www.angklung-udjo.co.id/vendor/laravel/framework/src/Illuminate/Pipeline/Pipeline.php(209): Illuminate\\Session\\Middleware\\StartSession->handle()
#22 /home/angklung/www.angklung-udjo.co.id/vendor/laravel/framework/src/Illuminate/Cookie/Middleware/AddQueuedCookiesToResponse.php(37): Illuminate\\Pipeline\\Pipeline->{closure:{closure:Illuminate\\Pipeline\\Pipeline::carry():184}:185}()
#23 /home/angklung/www.angklung-udjo.co.id/vendor/laravel/framework/src/Illuminate/Pipeline/Pipeline.php(209): Illuminate\\Cookie\\Middleware\\AddQueuedCookiesToResponse->handle()
#24 /home/angklung/www.angklung-udjo.co.id/vendor/laravel/framework/src/Illuminate/Cookie/Middleware/EncryptCookies.php(75): Illuminate\\Pipeline\\Pipeline->{closure:{closure:Illuminate\\Pipeline\\Pipeline::carry():184}:185}()
#25 /home/angklung/www.angklung-udjo.co.id/vendor/laravel/framework/src/Illuminate/Pipeline/Pipeline.php(209): Illuminate\\Cookie\\Middleware\\EncryptCookies->handle()
#26 /home/angklung/www.angklung-udjo.co.id/vendor/laravel/framework/src/Illuminate/Pipeline/Pipeline.php(127): Illuminate\\Pipeline\\Pipeline->{closure:{closure:Illuminate\\Pipeline\\Pipeline::carry():184}:185}()
#27 /home/angklung/www.angklung-udjo.co.id/vendor/laravel/framework/src/Illuminate/Routing/Router.php(807): Illuminate\\Pipeline\\Pipeline->then()
#28 /home/angklung/www.angklung-udjo.co.id/vendor/laravel/framework/src/Illuminate/Routing/Router.php(786): Illuminate\\Routing\\Router->runRouteWithinStack()
#29 /home/angklung/www.angklung-udjo.co.id/vendor/laravel/framework/src/Illuminate/Routing/Router.php(750): Illuminate\\Routing\\Router->runRoute()
#30 /home/angklung/www.angklung-udjo.co.id/vendor/laravel/framework/src/Illuminate/Routing/Router.php(739): Illuminate\\Routing\\Router->dispatchToRoute()
#31 /home/angklung/www.angklung-udjo.co.id/vendor/laravel/framework/src/Illuminate/Foundation/Http/Kernel.php(201): Illuminate\\Routing\\Router->dispatch()
#32 /home/angklung/www.angklung-udjo.co.id/vendor/laravel/framework/src/Illuminate/Pipeline/Pipeline.php(170): Illuminate\\Foundation\\Http\\Kernel->{closure:Illuminate\\Foundation\\Http\\Kernel::dispatchToRouter():198}()
#33 /home/angklung/www.angklung-udjo.co.id/vendor/laravel/framework/src/Illuminate/Foundation/Http/Middleware/TransformsRequest.php(21): Illuminate\\Pipeline\\Pipeline->{closure:Illuminate\\Pipeline\\Pipeline::prepareDestination():168}()
#34 /home/angklung/www.angklung-udjo.co.id/vendor/laravel/framework/src/Illuminate/Foundation/Http/Middleware/ConvertEmptyStringsToNull.php(31): Illuminate\\Foundation\\Http\\Middleware\\TransformsRequest->handle()
#35 /home/angklung/www.angklung-udjo.co.id/vendor/laravel/framework/src/Illuminate/Pipeline/Pipeline.php(209): Illuminate\\Foundation\\Http\\Middleware\\ConvertEmptyStringsToNull->handle()
#36 /home/angklung/www.angklung-udjo.co.id/vendor/laravel/framework/src/Illuminate/Foundation/Http/Middleware/TransformsRequest.php(21): Illuminate\\Pipeline\\Pipeline->{closure:{closure:Illuminate\\Pipeline\\Pipeline::carry():184}:185}()
#37 /home/angklung/www.angklung-udjo.co.id/vendor/laravel/framework/src/Illuminate/Foundation/Http/Middleware/TrimStrings.php(51): Illuminate\\Foundation\\Http\\Middleware\\TransformsRequest->handle()
#38 /home/angklung/www.angklung-udjo.co.id/vendor/laravel/framework/src/Illuminate/Pipeline/Pipeline.php(209): Illuminate\\Foundation\\Http\\Middleware\\TrimStrings->handle()
#39 /home/angklung/www.angklung-udjo.co.id/vendor/laravel/framework/src/Illuminate/Http/Middleware/ValidatePostSize.php(27): Illuminate\\Pipeline\\Pipeline->{closure:{closure:Illuminate\\Pipeline\\Pipeline::carry():184}:185}()
#40 /home/angklung/www.angklung-udjo.co.id/vendor/laravel/framework/src/Illuminate/Pipeline/Pipeline.php(209): Illuminate\\Http\\Middleware\\ValidatePostSize->handle()
#41 /home/angklung/www.angklung-udjo.co.id/vendor/laravel/framework/src/Illuminate/Foundation/Http/Middleware/PreventRequestsDuringMaintenance.php(110): Illuminate\\Pipeline\\Pipeline->{closure:{closure:Illuminate\\Pipeline\\Pipeline::carry():184}:185}()
#42 /home/angklung/www.angklung-udjo.co.id/vendor/laravel/framework/src/Illuminate/Pipeline/Pipeline.php(209): Illuminate\\Foundation\\Http\\Middleware\\PreventRequestsDuringMaintenance->handle()
#43 /home/angklung/www.angklung-udjo.co.id/vendor/laravel/framework/src/Illuminate/Http/Middleware/HandleCors.php(49): Illuminate\\Pipeline\\Pipeline->{closure:{closure:Illuminate\\Pipeline\\Pipeline::carry():184}:185}()
#44 /home/angklung/www.angklung-udjo.co.id/vendor/laravel/framework/src/Illuminate/Pipeline/Pipeline.php(209): Illuminate\\Http\\Middleware\\HandleCors->handle()
#45 /home/angklung/www.angklung-udjo.co.id/vendor/laravel/framework/src/Illuminate/Http/Middleware/TrustProxies.php(58): Illuminate\\Pipeline\\Pipeline->{closure:{closure:Illuminate\\Pipeline\\Pipeline::carry():184}:185}()
#46 /home/angklung/www.angklung-udjo.co.id/vendor/laravel/framework/src/Illuminate/Pipeline/Pipeline.php(209): Illuminate\\Http\\Middleware\\TrustProxies->handle()
#47 /home/angklung/www.angklung-udjo.co.id/vendor/laravel/framework/src/Illuminate/Foundation/Http/Middleware/InvokeDeferredCallbacks.php(22): Illuminate\\Pipeline\\Pipeline->{closure:{closure:Illuminate\\Pipeline\\Pipeline::carry():184}:185}()
#48 /home/angklung/www.angklung-udjo.co.id/vendor/laravel/framework/src/Illuminate/Pipeline/Pipeline.php(209): Illuminate\\Foundation\\Http\\Middleware\\InvokeDeferredCallbacks->handle()
#49 /home/angklung/www.angklung-udjo.co.id/vendor/laravel/framework/src/Illuminate/Pipeline/Pipeline.php(127): Illuminate\\Pipeline\\Pipeline->{closure:{closure:Illuminate\\Pipeline\\Pipeline::carry():184}:185}()
#50 /home/angklung/www.angklung-udjo.co.id/vendor/laravel/framework/src/Illuminate/Foundation/Http/Kernel.php(176): Illuminate\\Pipeline\\Pipeline->then()
#51 /home/angklung/www.angklung-udjo.co.id/vendor/laravel/framework/src/Illuminate/Foundation/Http/Kernel.php(145): Illuminate\\Foundation\\Http\\Kernel->sendRequestThroughRouter()
#52 /home/angklung/www.angklung-udjo.co.id/vendor/laravel/framework/src/Illuminate/Foundation/Application.php(1220): Illuminate\\Foundation\\Http\\Kernel->handle()
#53 /home/angklung/www.angklung-udjo.co.id/public/index.php(20): Illuminate\\Foundation\\Application->handleRequest()
#54 {main}
"} 
[2026-06-07 12:25:36] production.ERROR: View [privacy-policy] not found. {"exception":"[object] (InvalidArgumentException(code: 0): View [privacy-policy] not found. at /home/angklung/www.angklung-udjo.co.id/vendor/laravel/framework/src/Illuminate/View/FileViewFinder.php:139)
[stacktrace]
#0 /home/angklung/www.angklung-udjo.co.id/vendor/laravel/framework/src/Illuminate/View/FileViewFinder.php(79): Illuminate\\View\\FileViewFinder->findInPaths()
#1 /home/angklung/www.angklung-udjo.co.id/vendor/laravel/framework/src/Illuminate/View/Factory.php(151): Illuminate\\View\\FileViewFinder->find()
#2 /home/angklung/www.angklung-udjo.co.id/vendor/laravel/framework/src/Illuminate/Foundation/helpers.php(1062): Illuminate\\View\\Factory->make()
#3 /home/angklung/www.angklung-udjo.co.id/routes/web.php(122): view()
#4 /home/angklung/www.angklung-udjo.co.id/vendor/laravel/framework/src/Illuminate/Routing/CallableDispatcher.php(40): Illuminate\\Routing\\RouteFileRegistrar->{closure:/home/angklung/www.angklung-udjo.co.id/routes/web.php:122}()
#5 /home/angklung/www.angklung-udjo.co.id/vendor/laravel/framework/src/Illuminate/Routing/Route.php(244): Illuminate\\Routing\\CallableDispatcher->dispatch()
#6 /home/angklung/www.angklung-udjo.co.id/vendor/laravel/framework/src/Illuminate/Routing/Route.php(215): Illuminate\\Routing\\Route->runCallable()
#7 /home/angklung/www.angklung-udjo.co.id/vendor/laravel/framework/src/Illuminate/Routing/Router.php(808): Illuminate\\Routing\\Route->run()
#8 /home/angklung/www.angklung-udjo.co.id/vendor/laravel/framework/src/Illuminate/Pipeline/Pipeline.php(170): Illuminate\\Routing\\Router->{closure:Illuminate\\Routing\\Router::runRouteWithinStack():807}()
#9 /home/angklung/www.angklung-udjo.co.id/app/Http/Middleware/SecurityHeaders.php(11): Illuminate\\Pipeline\\Pipeline->{closure:Illuminate\\Pipeline\\Pipeline::prepareDestination():168}()
#10 /home/angklung/www.angklung-udjo.co.id/vendor/laravel/framework/src/Illuminate/Pipeline/Pipeline.php(209): App\\Http\\Middleware\\SecurityHeaders->handle()
#11 /home/angklung/www.angklung-udjo.co.id/app/Http/Middleware/SetLocale.php(26): Illuminate\\Pipeline\\Pipeline->{closure:{closure:Illuminate\\Pipeline\\Pipeline::carry():184}:185}()
#12 /home/angklung/www.angklung-udjo.co.id/vendor/laravel/framework/src/Illuminate/Pipeline/Pipeline.php(209): App\\Http\\Middleware\\SetLocale->handle()
#13 /home/angklung/www.angklung-udjo.co.id/vendor/laravel/framework/src/Illuminate/Routing/Middleware/SubstituteBindings.php(51): Illuminate\\Pipeline\\Pipeline->{closure:{closure:Illuminate\\Pipeline\\Pipeline::carry():184}:185}()
#14 /home/angklung/www.angklung-udjo.co.id/vendor/laravel/framework/src/Illuminate/Pipeline/Pipeline.php(209): Illuminate\\Routing\\Middleware\\SubstituteBindings->handle()
#15 /home/angklung/www.angklung-udjo.co.id/vendor/laravel/framework/src/Illuminate/Foundation/Http/Middleware/VerifyCsrfToken.php(88): Illuminate\\Pipeline\\Pipeline->{closure:{closure:Illuminate\\Pipeline\\Pipeline::carry():184}:185}()
#16 /home/angklung/www.angklung-udjo.co.id/vendor/laravel/framework/src/Illuminate/Pipeline/Pipeline.php(209): Illuminate\\Foundation\\Http\\Middleware\\VerifyCsrfToken->handle()
#17 /home/angklung/www.angklung-udjo.co.id/vendor/laravel/framework/src/Illuminate/View/Middleware/ShareErrorsFromSession.php(49): Illuminate\\Pipeline\\Pipeline->{closure:{closure:Illuminate\\Pipeline\\Pipeline::carry():184}:185}()
#18 /home/angklung/www.angklung-udjo.co.id/vendor/laravel/framework/src/Illuminate/Pipeline/Pipeline.php(209): Illuminate\\View\\Middleware\\ShareErrorsFromSession->handle()
#19 /home/angklung/www.angklung-udjo.co.id/vendor/laravel/framework/src/Illuminate/Session/Middleware/StartSession.php(121): Illuminate\\Pipeline\\Pipeline->{closure:{closure:Illuminate\\Pipeline\\Pipeline::carry():184}:185}()
#20 /home/angklung/www.angklung-udjo.co.id/vendor/laravel/framework/src/Illuminate/Session/Middleware/StartSession.php(64): Illuminate\\Session\\Middleware\\StartSession->handleStatefulRequest()
#21 /home/angklung/www.angklung-udjo.co.id/vendor/laravel/framework/src/Illuminate/Pipeline/Pipeline.php(209): Illuminate\\Session\\Middleware\\StartSession->handle()
#22 /home/angklung/www.angklung-udjo.co.id/vendor/laravel/framework/src/Illuminate/Cookie/Middleware/AddQueuedCookiesToResponse.php(37): Illuminate\\Pipeline\\Pipeline->{closure:{closure:Illuminate\\Pipeline\\Pipeline::carry():184}:185}()
#23 /home/angklung/www.angklung-udjo.co.id/vendor/laravel/framework/src/Illuminate/Pipeline/Pipeline.php(209): Illuminate\\Cookie\\Middleware\\AddQueuedCookiesToResponse->handle()
#24 /home/angklung/www.angklung-udjo.co.id/vendor/laravel/framework/src/Illuminate/Cookie/Middleware/EncryptCookies.php(75): Illuminate\\Pipeline\\Pipeline->{closure:{closure:Illuminate\\Pipeline\\Pipeline::carry():184}:185}()
#25 /home/angklung/www.angklung-udjo.co.id/vendor/laravel/framework/src/Illuminate/Pipeline/Pipeline.php(209): Illuminate\\Cookie\\Middleware\\EncryptCookies->handle()
#26 /home/angklung/www.angklung-udjo.co.id/vendor/laravel/framework/src/Illuminate/Pipeline/Pipeline.php(127): Illuminate\\Pipeline\\Pipeline->{closure:{closure:Illuminate\\Pipeline\\Pipeline::carry():184}:185}()
#27 /home/angklung/www.angklung-udjo.co.id/vendor/laravel/framework/src/Illuminate/Routing/Router.php(807): Illuminate\\Pipeline\\Pipeline->then()
#28 /home/angklung/www.angklung-udjo.co.id/vendor/laravel/framework/src/Illuminate/Routing/Router.php(786): Illuminate\\Routing\\Router->runRouteWithinStack()
#29 /home/angklung/www.angklung-udjo.co.id/vendor/laravel/framework/src/Illuminate/Routing/Router.php(750): Illuminate\\Routing\\Router->runRoute()
#30 /home/angklung/www.angklung-udjo.co.id/vendor/laravel/framework/src/Illuminate/Routing/Router.php(739): Illuminate\\Routing\\Router->dispatchToRoute()
#31 /home/angklung/www.angklung-udjo.co.id/vendor/laravel/framework/src/Illuminate/Foundation/Http/Kernel.php(201): Illuminate\\Routing\\Router->dispatch()
#32 /home/angklung/www.angklung-udjo.co.id/vendor/laravel/framework/src/Illuminate/Pipeline/Pipeline.php(170): Illuminate\\Foundation\\Http\\Kernel->{closure:Illuminate\\Foundation\\Http\\Kernel::dispatchToRouter():198}()
#33 /home/angklung/www.angklung-udjo.co.id/vendor/laravel/framework/src/Illuminate/Foundation/Http/Middleware/TransformsRequest.php(21): Illuminate\\Pipeline\\Pipeline->{closure:Illuminate\\Pipeline\\Pipeline::prepareDestination():168}()
#34 /home/angklung/www.angklung-udjo.co.id/vendor/laravel/framework/src/Illuminate/Foundation/Http/Middleware/ConvertEmptyStringsToNull.php(31): Illuminate\\Foundation\\Http\\Middleware\\TransformsRequest->handle()
#35 /home/angklung/www.angklung-udjo.co.id/vendor/laravel/framework/src/Illuminate/Pipeline/Pipeline.php(209): Illuminate\\Foundation\\Http\\Middleware\\ConvertEmptyStringsToNull->handle()
#36 /home/angklung/www.angklung-udjo.co.id/vendor/laravel/framework/src/Illuminate/Foundation/Http/Middleware/TransformsRequest.php(21): Illuminate\\Pipeline\\Pipeline->{closure:{closure:Illuminate\\Pipeline\\Pipeline::carry():184}:185}()
#37 /home/angklung/www.angklung-udjo.co.id/vendor/laravel/framework/src/Illuminate/Foundation/Http/Middleware/TrimStrings.php(51): Illuminate\\Foundation\\Http\\Middleware\\TransformsRequest->handle()
#38 /home/angklung/www.angklung-udjo.co.id/vendor/laravel/framework/src/Illuminate/Pipeline/Pipeline.php(209): Illuminate\\Foundation\\Http\\Middleware\\TrimStrings->handle()
#39 /home/angklung/www.angklung-udjo.co.id/vendor/laravel/framework/src/Illuminate/Http/Middleware/ValidatePostSize.php(27): Illuminate\\Pipeline\\Pipeline->{closure:{closure:Illuminate\\Pipeline\\Pipeline::carry():184}:185}()
#40 /home/angklung/www.angklung-udjo.co.id/vendor/laravel/framework/src/Illuminate/Pipeline/Pipeline.php(209): Illuminate\\Http\\Middleware\\ValidatePostSize->handle()
#41 /home/angklung/www.angklung-udjo.co.id/vendor/laravel/framework/src/Illuminate/Foundation/Http/Middleware/PreventRequestsDuringMaintenance.php(110): Illuminate\\Pipeline\\Pipeline->{closure:{closure:Illuminate\\Pipeline\\Pipeline::carry():184}:185}()
#42 /home/angklung/www.angklung-udjo.co.id/vendor/laravel/framework/src/Illuminate/Pipeline/Pipeline.php(209): Illuminate\\Foundation\\Http\\Middleware\\PreventRequestsDuringMaintenance->handle()
#43 /home/angklung/www.angklung-udjo.co.id/vendor/laravel/framework/src/Illuminate/Http/Middleware/HandleCors.php(49): Illuminate\\Pipeline\\Pipeline->{closure:{closure:Illuminate\\Pipeline\\Pipeline::carry():184}:185}()
#44 /home/angklung/www.angklung-udjo.co.id/vendor/laravel/framework/src/Illuminate/Pipeline/Pipeline.php(209): Illuminate\\Http\\Middleware\\HandleCors->handle()
#45 /home/angklung/www.angklung-udjo.co.id/vendor/laravel/framework/src/Illuminate/Http/Middleware/TrustProxies.php(58): Illuminate\\Pipeline\\Pipeline->{closure:{closure:Illuminate\\Pipeline\\Pipeline::carry():184}:185}()
#46 /home/angklung/www.angklung-udjo.co.id/vendor/laravel/framework/src/Illuminate/Pipeline/Pipeline.php(209): Illuminate\\Http\\Middleware\\TrustProxies->handle()
#47 /home/angklung/www.angklung-udjo.co.id/vendor/laravel/framework/src/Illuminate/Foundation/Http/Middleware/InvokeDeferredCallbacks.php(22): Illuminate\\Pipeline\\Pipeline->{closure:{closure:Illuminate\\Pipeline\\Pipeline::carry():184}:185}()
#48 /home/angklung/www.angklung-udjo.co.id/vendor/laravel/framework/src/Illuminate/Pipeline/Pipeline.php(209): Illuminate\\Foundation\\Http\\Middleware\\InvokeDeferredCallbacks->handle()
#49 /home/angklung/www.angklung-udjo.co.id/vendor/laravel/framework/src/Illuminate/Pipeline/Pipeline.php(127): Illuminate\\Pipeline\\Pipeline->{closure:{closure:Illuminate\\Pipeline\\Pipeline::carry():184}:185}()
#50 /home/angklung/www.angklung-udjo.co.id/vendor/laravel/framework/src/Illuminate/Foundation/Http/Kernel.php(176): Illuminate\\Pipeline\\Pipeline->then()
#51 /home/angklung/www.angklung-udjo.co.id/vendor/laravel/framework/src/Illuminate/Foundation/Http/Kernel.php(145): Illuminate\\Foundation\\Http\\Kernel->sendRequestThroughRouter()
#52 /home/angklung/www.angklung-udjo.co.id/vendor/laravel/framework/src/Illuminate/Foundation/Application.php(1220): Illuminate\\Foundation\\Http\\Kernel->handle()
#53 /home/angklung/www.angklung-udjo.co.id/public/index.php(20): Illuminate\\Foundation\\Application->handleRequest()
#54 {main}
"} 
[2026-06-07 12:29:05] production.ERROR: View [Ramadhan] not found. {"exception":"[object] (InvalidArgumentException(code: 0): View [Ramadhan] not found. at /home/angklung/www.angklung-udjo.co.id/vendor/laravel/framework/src/Illuminate/View/FileViewFinder.php:139)
[stacktrace]
#0 /home/angklung/www.angklung-udjo.co.id/vendor/laravel/framework/src/Illuminate/View/FileViewFinder.php(79): Illuminate\\View\\FileViewFinder->findInPaths()
#1 /home/angklung/www.angklung-udjo.co.id/vendor/laravel/framework/src/Illuminate/View/Factory.php(151): Illuminate\\View\\FileViewFinder->find()
#2 /home/angklung/www.angklung-udjo.co.id/vendor/laravel/framework/src/Illuminate/Foundation/helpers.php(1062): Illuminate\\View\\Factory->make()
#3 /home/angklung/www.angklung-udjo.co.id/routes/web.php(140): view()
#4 /home/angklung/www.angklung-udjo.co.id/vendor/laravel/framework/src/Illuminate/Routing/CallableDispatcher.php(40): Illuminate\\Routing\\RouteFileRegistrar->{closure:/home/angklung/www.angklung-udjo.co.id/routes/web.php:140}()
#5 /home/angklung/www.angklung-udjo.co.id/vendor/laravel/framework/src/Illuminate/Routing/Route.php(244): Illuminate\\Routing\\CallableDispatcher->dispatch()
#6 /home/angklung/www.angklung-udjo.co.id/vendor/laravel/framework/src/Illuminate/Routing/Route.php(215): Illuminate\\Routing\\Route->runCallable()
#7 /home/angklung/www.angklung-udjo.co.id/vendor/laravel/framework/src/Illuminate/Routing/Router.php(808): Illuminate\\Routing\\Route->run()
#8 /home/angklung/www.angklung-udjo.co.id/vendor/laravel/framework/src/Illuminate/Pipeline/Pipeline.php(170): Illuminate\\Routing\\Router->{closure:Illuminate\\Routing\\Router::runRouteWithinStack():807}()
#9 /home/angklung/www.angklung-udjo.co.id/app/Http/Middleware/SecurityHeaders.php(11): Illuminate\\Pipeline\\Pipeline->{closure:Illuminate\\Pipeline\\Pipeline::prepareDestination():168}()
#10 /home/angklung/www.angklung-udjo.co.id/vendor/laravel/framework/src/Illuminate/Pipeline/Pipeline.php(209): App\\Http\\Middleware\\SecurityHeaders->handle()
#11 /home/angklung/www.angklung-udjo.co.id/app/Http/Middleware/SetLocale.php(26): Illuminate\\Pipeline\\Pipeline->{closure:{closure:Illuminate\\Pipeline\\Pipeline::carry():184}:185}()
#12 /home/angklung/www.angklung-udjo.co.id/vendor/laravel/framework/src/Illuminate/Pipeline/Pipeline.php(209): App\\Http\\Middleware\\SetLocale->handle()
#13 /home/angklung/www.angklung-udjo.co.id/vendor/laravel/framework/src/Illuminate/Routing/Middleware/SubstituteBindings.php(51): Illuminate\\Pipeline\\Pipeline->{closure:{closure:Illuminate\\Pipeline\\Pipeline::carry():184}:185}()
#14 /home/angklung/www.angklung-udjo.co.id/vendor/laravel/framework/src/Illuminate/Pipeline/Pipeline.php(209): Illuminate\\Routing\\Middleware\\SubstituteBindings->handle()
#15 /home/angklung/www.angklung-udjo.co.id/vendor/laravel/framework/src/Illuminate/Foundation/Http/Middleware/VerifyCsrfToken.php(88): Illuminate\\Pipeline\\Pipeline->{closure:{closure:Illuminate\\Pipeline\\Pipeline::carry():184}:185}()
#16 /home/angklung/www.angklung-udjo.co.id/vendor/laravel/framework/src/Illuminate/Pipeline/Pipeline.php(209): Illuminate\\Foundation\\Http\\Middleware\\VerifyCsrfToken->handle()
#17 /home/angklung/www.angklung-udjo.co.id/vendor/laravel/framework/src/Illuminate/View/Middleware/ShareErrorsFromSession.php(49): Illuminate\\Pipeline\\Pipeline->{closure:{closure:Illuminate\\Pipeline\\Pipeline::carry():184}:185}()
#18 /home/angklung/www.angklung-udjo.co.id/vendor/laravel/framework/src/Illuminate/Pipeline/Pipeline.php(209): Illuminate\\View\\Middleware\\ShareErrorsFromSession->handle()
#19 /home/angklung/www.angklung-udjo.co.id/vendor/laravel/framework/src/Illuminate/Session/Middleware/StartSession.php(121): Illuminate\\Pipeline\\Pipeline->{closure:{closure:Illuminate\\Pipeline\\Pipeline::carry():184}:185}()
#20 /home/angklung/www.angklung-udjo.co.id/vendor/laravel/framework/src/Illuminate/Session/Middleware/StartSession.php(64): Illuminate\\Session\\Middleware\\StartSession->handleStatefulRequest()
#21 /home/angklung/www.angklung-udjo.co.id/vendor/laravel/framework/src/Illuminate/Pipeline/Pipeline.php(209): Illuminate\\Session\\Middleware\\StartSession->handle()
#22 /home/angklung/www.angklung-udjo.co.id/vendor/laravel/framework/src/Illuminate/Cookie/Middleware/AddQueuedCookiesToResponse.php(37): Illuminate\\Pipeline\\Pipeline->{closure:{closure:Illuminate\\Pipeline\\Pipeline::carry():184}:185}()
#23 /home/angklung/www.angklung-udjo.co.id/vendor/laravel/framework/src/Illuminate/Pipeline/Pipeline.php(209): Illuminate\\Cookie\\Middleware\\AddQueuedCookiesToResponse->handle()
#24 /home/angklung/www.angklung-udjo.co.id/vendor/laravel/framework/src/Illuminate/Cookie/Middleware/EncryptCookies.php(75): Illuminate\\Pipeline\\Pipeline->{closure:{closure:Illuminate\\Pipeline\\Pipeline::carry():184}:185}()
#25 /home/angklung/www.angklung-udjo.co.id/vendor/laravel/framework/src/Illuminate/Pipeline/Pipeline.php(209): Illuminate\\Cookie\\Middleware\\EncryptCookies->handle()
#26 /home/angklung/www.angklung-udjo.co.id/vendor/laravel/framework/src/Illuminate/Pipeline/Pipeline.php(127): Illuminate\\Pipeline\\Pipeline->{closure:{closure:Illuminate\\Pipeline\\Pipeline::carry():184}:185}()
#27 /home/angklung/www.angklung-udjo.co.id/vendor/laravel/framework/src/Illuminate/Routing/Router.php(807): Illuminate\\Pipeline\\Pipeline->then()
#28 /home/angklung/www.angklung-udjo.co.id/vendor/laravel/framework/src/Illuminate/Routing/Router.php(786): Illuminate\\Routing\\Router->runRouteWithinStack()
#29 /home/angklung/www.angklung-udjo.co.id/vendor/laravel/framework/src/Illuminate/Routing/Router.php(750): Illuminate\\Routing\\Router->runRoute()
#30 /home/angklung/www.angklung-udjo.co.id/vendor/laravel/framework/src/Illuminate/Routing/Router.php(739): Illuminate\\Routing\\Router->dispatchToRoute()
#31 /home/angklung/www.angklung-udjo.co.id/vendor/laravel/framework/src/Illuminate/Foundation/Http/Kernel.php(201): Illuminate\\Routing\\Router->dispatch()
#32 /home/angklung/www.angklung-udjo.co.id/vendor/laravel/framework/src/Illuminate/Pipeline/Pipeline.php(170): Illuminate\\Foundation\\Http\\Kernel->{closure:Illuminate\\Foundation\\Http\\Kernel::dispatchToRouter():198}()
#33 /home/angklung/www.angklung-udjo.co.id/vendor/laravel/framework/src/Illuminate/Foundation/Http/Middleware/TransformsRequest.php(21): Illuminate\\Pipeline\\Pipeline->{closure:Illuminate\\Pipeline\\Pipeline::prepareDestination():168}()
#34 /home/angklung/www.angklung-udjo.co.id/vendor/laravel/framework/src/Illuminate/Foundation/Http/Middleware/ConvertEmptyStringsToNull.php(31): Illuminate\\Foundation\\Http\\Middleware\\TransformsRequest->handle()
#35 /home/angklung/www.angklung-udjo.co.id/vendor/laravel/framework/src/Illuminate/Pipeline/Pipeline.php(209): Illuminate\\Foundation\\Http\\Middleware\\ConvertEmptyStringsToNull->handle()
#36 /home/angklung/www.angklung-udjo.co.id/vendor/laravel/framework/src/Illuminate/Foundation/Http/Middleware/TransformsRequest.php(21): Illuminate\\Pipeline\\Pipeline->{closure:{closure:Illuminate\\Pipeline\\Pipeline::carry():184}:185}()
#37 /home/angklung/www.angklung-udjo.co.id/vendor/laravel/framework/src/Illuminate/Foundation/Http/Middleware/TrimStrings.php(51): Illuminate\\Foundation\\Http\\Middleware\\TransformsRequest->handle()
#38 /home/angklung/www.angklung-udjo.co.id/vendor/laravel/framework/src/Illuminate/Pipeline/Pipeline.php(209): Illuminate\\Foundation\\Http\\Middleware\\TrimStrings->handle()
#39 /home/angklung/www.angklung-udjo.co.id/vendor/laravel/framework/src/Illuminate/Http/Middleware/ValidatePostSize.php(27): Illuminate\\Pipeline\\Pipeline->{closure:{closure:Illuminate\\Pipeline\\Pipeline::carry():184}:185}()
#40 /home/angklung/www.angklung-udjo.co.id/vendor/laravel/framework/src/Illuminate/Pipeline/Pipeline.php(209): Illuminate\\Http\\Middleware\\ValidatePostSize->handle()
#41 /home/angklung/www.angklung-udjo.co.id/vendor/laravel/framework/src/Illuminate/Foundation/Http/Middleware/PreventRequestsDuringMaintenance.php(110): Illuminate\\Pipeline\\Pipeline->{closure:{closure:Illuminate\\Pipeline\\Pipeline::carry():184}:185}()
#42 /home/angklung/www.angklung-udjo.co.id/vendor/laravel/framework/src/Illuminate/Pipeline/Pipeline.php(209): Illuminate\\Foundation\\Http\\Middleware\\PreventRequestsDuringMaintenance->handle()
#43 /home/angklung/www.angklung-udjo.co.id/vendor/laravel/framework/src/Illuminate/Http/Middleware/HandleCors.php(49): Illuminate\\Pipeline\\Pipeline->{closure:{closure:Illuminate\\Pipeline\\Pipeline::carry():184}:185}()
#44 /home/angklung/www.angklung-udjo.co.id/vendor/laravel/framework/src/Illuminate/Pipeline/Pipeline.php(209): Illuminate\\Http\\Middleware\\HandleCors->handle()
#45 /home/angklung/www.angklung-udjo.co.id/vendor/laravel/framework/src/Illuminate/Http/Middleware/TrustProxies.php(58): Illuminate\\Pipeline\\Pipeline->{closure:{closure:Illuminate\\Pipeline\\Pipeline::carry():184}:185}()
#46 /home/angklung/www.angklung-udjo.co.id/vendor/laravel/framework/src/Illuminate/Pipeline/Pipeline.php(209): Illuminate\\Http\\Middleware\\TrustProxies->handle()
#47 /home/angklung/www.angklung-udjo.co.id/vendor/laravel/framework/src/Illuminate/Foundation/Http/Middleware/InvokeDeferredCallbacks.php(22): Illuminate\\Pipeline\\Pipeline->{closure:{closure:Illuminate\\Pipeline\\Pipeline::carry():184}:185}()
#48 /home/angklung/www.angklung-udjo.co.id/vendor/laravel/framework/src/Illuminate/Pipeline/Pipeline.php(209): Illuminate\\Foundation\\Http\\Middleware\\InvokeDeferredCallbacks->handle()
#49 /home/angklung/www.angklung-udjo.co.id/vendor/laravel/framework/src/Illuminate/Pipeline/Pipeline.php(127): Illuminate\\Pipeline\\Pipeline->{closure:{closure:Illuminate\\Pipeline\\Pipeline::carry():184}:185}()
#50 /home/angklung/www.angklung-udjo.co.id/vendor/laravel/framework/src/Illuminate/Foundation/Http/Kernel.php(176): Illuminate\\Pipeline\\Pipeline->then()
#51 /home/angklung/www.angklung-udjo.co.id/vendor/laravel/framework/src/Illuminate/Foundation/Http/Kernel.php(145): Illuminate\\Foundation\\Http\\Kernel->sendRequestThroughRouter()
#52 /home/angklung/www.angklung-udjo.co.id/vendor/laravel/framework/src/Illuminate/Foundation/Application.php(1220): Illuminate\\Foundation\\Http\\Kernel->handle()
#53 /home/angklung/www.angklung-udjo.co.id/public/index.php(20): Illuminate\\Foundation\\Application->handleRequest()
#54 {main}
"} 
[2026-06-07 15:58:37] production.ERROR: View [privacy-policy] not found. {"exception":"[object] (InvalidArgumentException(code: 0): View [privacy-policy] not found. at /home/angklung/www.angklung-udjo.co.id/vendor/laravel/framework/src/Illuminate/View/FileViewFinder.php:139)
[stacktrace]
#0 /home/angklung/www.angklung-udjo.co.id/vendor/laravel/framework/src/Illuminate/View/FileViewFinder.php(79): Illuminate\\View\\FileViewFinder->findInPaths()
#1 /home/angklung/www.angklung-udjo.co.id/vendor/laravel/framework/src/Illuminate/View/Factory.php(151): Illuminate\\View\\FileViewFinder->find()
#2 /home/angklung/www.angklung-udjo.co.id/vendor/laravel/framework/src/Illuminate/Foundation/helpers.php(1062): Illuminate\\View\\Factory->make()
#3 /home/angklung/www.angklung-udjo.co.id/routes/web.php(122): view()
#4 /home/angklung/www.angklung-udjo.co.id/vendor/laravel/framework/src/Illuminate/Routing/CallableDispatcher.php(40): Illuminate\\Routing\\RouteFileRegistrar->{closure:/home/angklung/www.angklung-udjo.co.id/routes/web.php:122}()
#5 /home/angklung/www.angklung-udjo.co.id/vendor/laravel/framework/src/Illuminate/Routing/Route.php(244): Illuminate\\Routing\\CallableDispatcher->dispatch()
#6 /home/angklung/www.angklung-udjo.co.id/vendor/laravel/framework/src/Illuminate/Routing/Route.php(215): Illuminate\\Routing\\Route->runCallable()
#7 /home/angklung/www.angklung-udjo.co.id/vendor/laravel/framework/src/Illuminate/Routing/Router.php(808): Illuminate\\Routing\\Route->run()
#8 /home/angklung/www.angklung-udjo.co.id/vendor/laravel/framework/src/Illuminate/Pipeline/Pipeline.php(170): Illuminate\\Routing\\Router->{closure:Illuminate\\Routing\\Router::runRouteWithinStack():807}()
#9 /home/angklung/www.angklung-udjo.co.id/app/Http/Middleware/SecurityHeaders.php(11): Illuminate\\Pipeline\\Pipeline->{closure:Illuminate\\Pipeline\\Pipeline::prepareDestination():168}()
#10 /home/angklung/www.angklung-udjo.co.id/vendor/laravel/framework/src/Illuminate/Pipeline/Pipeline.php(209): App\\Http\\Middleware\\SecurityHeaders->handle()
#11 /home/angklung/www.angklung-udjo.co.id/app/Http/Middleware/SetLocale.php(26): Illuminate\\Pipeline\\Pipeline->{closure:{closure:Illuminate\\Pipeline\\Pipeline::carry():184}:185}()
#12 /home/angklung/www.angklung-udjo.co.id/vendor/laravel/framework/src/Illuminate/Pipeline/Pipeline.php(209): App\\Http\\Middleware\\SetLocale->handle()
#13 /home/angklung/www.angklung-udjo.co.id/vendor/laravel/framework/src/Illuminate/Routing/Middleware/SubstituteBindings.php(51): Illuminate\\Pipeline\\Pipeline->{closure:{closure:Illuminate\\Pipeline\\Pipeline::carry():184}:185}()
#14 /home/angklung/www.angklung-udjo.co.id/vendor/laravel/framework/src/Illuminate/Pipeline/Pipeline.php(209): Illuminate\\Routing\\Middleware\\SubstituteBindings->handle()
#15 /home/angklung/www.angklung-udjo.co.id/vendor/laravel/framework/src/Illuminate/Foundation/Http/Middleware/VerifyCsrfToken.php(88): Illuminate\\Pipeline\\Pipeline->{closure:{closure:Illuminate\\Pipeline\\Pipeline::carry():184}:185}()
#16 /home/angklung/www.angklung-udjo.co.id/vendor/laravel/framework/src/Illuminate/Pipeline/Pipeline.php(209): Illuminate\\Foundation\\Http\\Middleware\\VerifyCsrfToken->handle()
#17 /home/angklung/www.angklung-udjo.co.id/vendor/laravel/framework/src/Illuminate/View/Middleware/ShareErrorsFromSession.php(49): Illuminate\\Pipeline\\Pipeline->{closure:{closure:Illuminate\\Pipeline\\Pipeline::carry():184}:185}()
#18 /home/angklung/www.angklung-udjo.co.id/vendor/laravel/framework/src/Illuminate/Pipeline/Pipeline.php(209): Illuminate\\View\\Middleware\\ShareErrorsFromSession->handle()
#19 /home/angklung/www.angklung-udjo.co.id/vendor/laravel/framework/src/Illuminate/Session/Middleware/StartSession.php(121): Illuminate\\Pipeline\\Pipeline->{closure:{closure:Illuminate\\Pipeline\\Pipeline::carry():184}:185}()
#20 /home/angklung/www.angklung-udjo.co.id/vendor/laravel/framework/src/Illuminate/Session/Middleware/StartSession.php(64): Illuminate\\Session\\Middleware\\StartSession->handleStatefulRequest()
#21 /home/angklung/www.angklung-udjo.co.id/vendor/laravel/framework/src/Illuminate/Pipeline/Pipeline.php(209): Illuminate\\Session\\Middleware\\StartSession->handle()
#22 /home/angklung/www.angklung-udjo.co.id/vendor/laravel/framework/src/Illuminate/Cookie/Middleware/AddQueuedCookiesToResponse.php(37): Illuminate\\Pipeline\\Pipeline->{closure:{closure:Illuminate\\Pipeline\\Pipeline::carry():184}:185}()
#23 /home/angklung/www.angklung-udjo.co.id/vendor/laravel/framework/src/Illuminate/Pipeline/Pipeline.php(209): Illuminate\\Cookie\\Middleware\\AddQueuedCookiesToResponse->handle()
#24 /home/angklung/www.angklung-udjo.co.id/vendor/laravel/framework/src/Illuminate/Cookie/Middleware/EncryptCookies.php(75): Illuminate\\Pipeline\\Pipeline->{closure:{closure:Illuminate\\Pipeline\\Pipeline::carry():184}:185}()
#25 /home/angklung/www.angklung-udjo.co.id/vendor/laravel/framework/src/Illuminate/Pipeline/Pipeline.php(209): Illuminate\\Cookie\\Middleware\\EncryptCookies->handle()
#26 /home/angklung/www.angklung-udjo.co.id/vendor/laravel/framework/src/Illuminate/Pipeline/Pipeline.php(127): Illuminate\\Pipeline\\Pipeline->{closure:{closure:Illuminate\\Pipeline\\Pipeline::carry():184}:185}()
#27 /home/angklung/www.angklung-udjo.co.id/vendor/laravel/framework/src/Illuminate/Routing/Router.php(807): Illuminate\\Pipeline\\Pipeline->then()
#28 /home/angklung/www.angklung-udjo.co.id/vendor/laravel/framework/src/Illuminate/Routing/Router.php(786): Illuminate\\Routing\\Router->runRouteWithinStack()
#29 /home/angklung/www.angklung-udjo.co.id/vendor/laravel/framework/src/Illuminate/Routing/Router.php(750): Illuminate\\Routing\\Router->runRoute()
#30 /home/angklung/www.angklung-udjo.co.id/vendor/laravel/framework/src/Illuminate/Routing/Router.php(739): Illuminate\\Routing\\Router->dispatchToRoute()
#31 /home/angklung/www.angklung-udjo.co.id/vendor/laravel/framework/src/Illuminate/Foundation/Http/Kernel.php(201): Illuminate\\Routing\\Router->dispatch()
#32 /home/angklung/www.angklung-udjo.co.id/vendor/laravel/framework/src/Illuminate/Pipeline/Pipeline.php(170): Illuminate\\Foundation\\Http\\Kernel->{closure:Illuminate\\Foundation\\Http\\Kernel::dispatchToRouter():198}()
#33 /home/angklung/www.angklung-udjo.co.id/vendor/laravel/framework/src/Illuminate/Foundation/Http/Middleware/TransformsRequest.php(21): Illuminate\\Pipeline\\Pipeline->{closure:Illuminate\\Pipeline\\Pipeline::prepareDestination():168}()
#34 /home/angklung/www.angklung-udjo.co.id/vendor/laravel/framework/src/Illuminate/Foundation/Http/Middleware/ConvertEmptyStringsToNull.php(31): Illuminate\\Foundation\\Http\\Middleware\\TransformsRequest->handle()
#35 /home/angklung/www.angklung-udjo.co.id/vendor/laravel/framework/src/Illuminate/Pipeline/Pipeline.php(209): Illuminate\\Foundation\\Http\\Middleware\\ConvertEmptyStringsToNull->handle()
#36 /home/angklung/www.angklung-udjo.co.id/vendor/laravel/framework/src/Illuminate/Foundation/Http/Middleware/TransformsRequest.php(21): Illuminate\\Pipeline\\Pipeline->{closure:{closure:Illuminate\\Pipeline\\Pipeline::carry():184}:185}()
#37 /home/angklung/www.angklung-udjo.co.id/vendor/laravel/framework/src/Illuminate/Foundation/Http/Middleware/TrimStrings.php(51): Illuminate\\Foundation\\Http\\Middleware\\TransformsRequest->handle()
#38 /home/angklung/www.angklung-udjo.co.id/vendor/laravel/framework/src/Illuminate/Pipeline/Pipeline.php(209): Illuminate\\Foundation\\Http\\Middleware\\TrimStrings->handle()
#39 /home/angklung/www.angklung-udjo.co.id/vendor/laravel/framework/src/Illuminate/Http/Middleware/ValidatePostSize.php(27): Illuminate\\Pipeline\\Pipeline->{closure:{closure:Illuminate\\Pipeline\\Pipeline::carry():184}:185}()
#40 /home/angklung/www.angklung-udjo.co.id/vendor/laravel/framework/src/Illuminate/Pipeline/Pipeline.php(209): Illuminate\\Http\\Middleware\\ValidatePostSize->handle()
#41 /home/angklung/www.angklung-udjo.co.id/vendor/laravel/framework/src/Illuminate/Foundation/Http/Middleware/PreventRequestsDuringMaintenance.php(110): Illuminate\\Pipeline\\Pipeline->{closure:{closure:Illuminate\\Pipeline\\Pipeline::carry():184}:185}()
#42 /home/angklung/www.angklung-udjo.co.id/vendor/laravel/framework/src/Illuminate/Pipeline/Pipeline.php(209): Illuminate\\Foundation\\Http\\Middleware\\PreventRequestsDuringMaintenance->handle()
#43 /home/angklung/www.angklung-udjo.co.id/vendor/laravel/framework/src/Illuminate/Http/Middleware/HandleCors.php(49): Illuminate\\Pipeline\\Pipeline->{closure:{closure:Illuminate\\Pipeline\\Pipeline::carry():184}:185}()
#44 /home/angklung/www.angklung-udjo.co.id/vendor/laravel/framework/src/Illuminate/Pipeline/Pipeline.php(209): Illuminate\\Http\\Middleware\\HandleCors->handle()
#45 /home/angklung/www.angklung-udjo.co.id/vendor/laravel/framework/src/Illuminate/Http/Middleware/TrustProxies.php(58): Illuminate\\Pipeline\\Pipeline->{closure:{closure:Illuminate\\Pipeline\\Pipeline::carry():184}:185}()
#46 /home/angklung/www.angklung-udjo.co.id/vendor/laravel/framework/src/Illuminate/Pipeline/Pipeline.php(209): Illuminate\\Http\\Middleware\\TrustProxies->handle()
#47 /home/angklung/www.angklung-udjo.co.id/vendor/laravel/framework/src/Illuminate/Foundation/Http/Middleware/InvokeDeferredCallbacks.php(22): Illuminate\\Pipeline\\Pipeline->{closure:{closure:Illuminate\\Pipeline\\Pipeline::carry():184}:185}()
#48 /home/angklung/www.angklung-udjo.co.id/vendor/laravel/framework/src/Illuminate/Pipeline/Pipeline.php(209): Illuminate\\Foundation\\Http\\Middleware\\InvokeDeferredCallbacks->handle()
#49 /home/angklung/www.angklung-udjo.co.id/vendor/laravel/framework/src/Illuminate/Pipeline/Pipeline.php(127): Illuminate\\Pipeline\\Pipeline->{closure:{closure:Illuminate\\Pipeline\\Pipeline::carry():184}:185}()
#50 /home/angklung/www.angklung-udjo.co.id/vendor/laravel/framework/src/Illuminate/Foundation/Http/Kernel.php(176): Illuminate\\Pipeline\\Pipeline->then()
#51 /home/angklung/www.angklung-udjo.co.id/vendor/laravel/framework/src/Illuminate/Foundation/Http/Kernel.php(145): Illuminate\\Foundation\\Http\\Kernel->sendRequestThroughRouter()
#52 /home/angklung/www.angklung-udjo.co.id/vendor/laravel/framework/src/Illuminate/Foundation/Application.php(1220): Illuminate\\Foundation\\Http\\Kernel->handle()
#53 /home/angklung/www.angklung-udjo.co.id/public/index.php(20): Illuminate\\Foundation\\Application->handleRequest()
#54 {main}
"} 
[2026-06-07 18:04:23] production.ERROR: View [shows.show] not found. {"exception":"[object] (InvalidArgumentException(code: 0): View [shows.show] not found. at /home/angklung/www.angklung-udjo.co.id/vendor/laravel/framework/src/Illuminate/View/FileViewFinder.php:139)
[stacktrace]
#0 /home/angklung/www.angklung-udjo.co.id/vendor/laravel/framework/src/Illuminate/View/FileViewFinder.php(79): Illuminate\\View\\FileViewFinder->findInPaths()
#1 /home/angklung/www.angklung-udjo.co.id/vendor/laravel/framework/src/Illuminate/View/Factory.php(151): Illuminate\\View\\FileViewFinder->find()
#2 /home/angklung/www.angklung-udjo.co.id/vendor/laravel/framework/src/Illuminate/Foundation/helpers.php(1062): Illuminate\\View\\Factory->make()
#3 /home/angklung/www.angklung-udjo.co.id/app/Http/Controllers/ShowController.php(22): view()
#4 /home/angklung/www.angklung-udjo.co.id/vendor/laravel/framework/src/Illuminate/Routing/ControllerDispatcher.php(47): App\\Http\\Controllers\\ShowController->show()
#5 /home/angklung/www.angklung-udjo.co.id/vendor/laravel/framework/src/Illuminate/Routing/Route.php(266): Illuminate\\Routing\\ControllerDispatcher->dispatch()
#6 /home/angklung/www.angklung-udjo.co.id/vendor/laravel/framework/src/Illuminate/Routing/Route.php(212): Illuminate\\Routing\\Route->runController()
#7 /home/angklung/www.angklung-udjo.co.id/vendor/laravel/framework/src/Illuminate/Routing/Router.php(808): Illuminate\\Routing\\Route->run()
#8 /home/angklung/www.angklung-udjo.co.id/vendor/laravel/framework/src/Illuminate/Pipeline/Pipeline.php(170): Illuminate\\Routing\\Router->{closure:Illuminate\\Routing\\Router::runRouteWithinStack():807}()
#9 /home/angklung/www.angklung-udjo.co.id/app/Http/Middleware/SecurityHeaders.php(11): Illuminate\\Pipeline\\Pipeline->{closure:Illuminate\\Pipeline\\Pipeline::prepareDestination():168}()
#10 /home/angklung/www.angklung-udjo.co.id/vendor/laravel/framework/src/Illuminate/Pipeline/Pipeline.php(209): App\\Http\\Middleware\\SecurityHeaders->handle()
#11 /home/angklung/www.angklung-udjo.co.id/app/Http/Middleware/SetLocale.php(26): Illuminate\\Pipeline\\Pipeline->{closure:{closure:Illuminate\\Pipeline\\Pipeline::carry():184}:185}()
#12 /home/angklung/www.angklung-udjo.co.id/vendor/laravel/framework/src/Illuminate/Pipeline/Pipeline.php(209): App\\Http\\Middleware\\SetLocale->handle()
#13 /home/angklung/www.angklung-udjo.co.id/vendor/laravel/framework/src/Illuminate/Routing/Middleware/SubstituteBindings.php(51): Illuminate\\Pipeline\\Pipeline->{closure:{closure:Illuminate\\Pipeline\\Pipeline::carry():184}:185}()
#14 /home/angklung/www.angklung-udjo.co.id/vendor/laravel/framework/src/Illuminate/Pipeline/Pipeline.php(209): Illuminate\\Routing\\Middleware\\SubstituteBindings->handle()
#15 /home/angklung/www.angklung-udjo.co.id/vendor/laravel/framework/src/Illuminate/Foundation/Http/Middleware/VerifyCsrfToken.php(88): Illuminate\\Pipeline\\Pipeline->{closure:{closure:Illuminate\\Pipeline\\Pipeline::carry():184}:185}()
#16 /home/angklung/www.angklung-udjo.co.id/vendor/laravel/framework/src/Illuminate/Pipeline/Pipeline.php(209): Illuminate\\Foundation\\Http\\Middleware\\VerifyCsrfToken->handle()
#17 /home/angklung/www.angklung-udjo.co.id/vendor/laravel/framework/src/Illuminate/View/Middleware/ShareErrorsFromSession.php(49): Illuminate\\Pipeline\\Pipeline->{closure:{closure:Illuminate\\Pipeline\\Pipeline::carry():184}:185}()
#18 /home/angklung/www.angklung-udjo.co.id/vendor/laravel/framework/src/Illuminate/Pipeline/Pipeline.php(209): Illuminate\\View\\Middleware\\ShareErrorsFromSession->handle()
#19 /home/angklung/www.angklung-udjo.co.id/vendor/laravel/framework/src/Illuminate/Session/Middleware/StartSession.php(121): Illuminate\\Pipeline\\Pipeline->{closure:{closure:Illuminate\\Pipeline\\Pipeline::carry():184}:185}()
#20 /home/angklung/www.angklung-udjo.co.id/vendor/laravel/framework/src/Illuminate/Session/Middleware/StartSession.php(64): Illuminate\\Session\\Middleware\\StartSession->handleStatefulRequest()
#21 /home/angklung/www.angklung-udjo.co.id/vendor/laravel/framework/src/Illuminate/Pipeline/Pipeline.php(209): Illuminate\\Session\\Middleware\\StartSession->handle()
#22 /home/angklung/www.angklung-udjo.co.id/vendor/laravel/framework/src/Illuminate/Cookie/Middleware/AddQueuedCookiesToResponse.php(37): Illuminate\\Pipeline\\Pipeline->{closure:{closure:Illuminate\\Pipeline\\Pipeline::carry():184}:185}()
#23 /home/angklung/www.angklung-udjo.co.id/vendor/laravel/framework/src/Illuminate/Pipeline/Pipeline.php(209): Illuminate\\Cookie\\Middleware\\AddQueuedCookiesToResponse->handle()
#24 /home/angklung/www.angklung-udjo.co.id/vendor/laravel/framework/src/Illuminate/Cookie/Middleware/EncryptCookies.php(75): Illuminate\\Pipeline\\Pipeline->{closure:{closure:Illuminate\\Pipeline\\Pipeline::carry():184}:185}()
#25 /home/angklung/www.angklung-udjo.co.id/vendor/laravel/framework/src/Illuminate/Pipeline/Pipeline.php(209): Illuminate\\Cookie\\Middleware\\EncryptCookies->handle()
#26 /home/angklung/www.angklung-udjo.co.id/vendor/laravel/framework/src/Illuminate/Pipeline/Pipeline.php(127): Illuminate\\Pipeline\\Pipeline->{closure:{closure:Illuminate\\Pipeline\\Pipeline::carry():184}:185}()
#27 /home/angklung/www.angklung-udjo.co.id/vendor/laravel/framework/src/Illuminate/Routing/Router.php(807): Illuminate\\Pipeline\\Pipeline->then()
#28 /home/angklung/www.angklung-udjo.co.id/vendor/laravel/framework/src/Illuminate/Routing/Router.php(786): Illuminate\\Routing\\Router->runRouteWithinStack()
#29 /home/angklung/www.angklung-udjo.co.id/vendor/laravel/framework/src/Illuminate/Routing/Router.php(750): Illuminate\\Routing\\Router->runRoute()
#30 /home/angklung/www.angklung-udjo.co.id/vendor/laravel/framework/src/Illuminate/Routing/Router.php(739): Illuminate\\Routing\\Router->dispatchToRoute()
#31 /home/angklung/www.angklung-udjo.co.id/vendor/laravel/framework/src/Illuminate/Foundation/Http/Kernel.php(201): Illuminate\\Routing\\Router->dispatch()
#32 /home/angklung/www.angklung-udjo.co.id/vendor/laravel/framework/src/Illuminate/Pipeline/Pipeline.php(170): Illuminate\\Foundation\\Http\\Kernel->{closure:Illuminate\\Foundation\\Http\\Kernel::dispatchToRouter():198}()
#33 /home/angklung/www.angklung-udjo.co.id/vendor/laravel/framework/src/Illuminate/Foundation/Http/Middleware/TransformsRequest.php(21): Illuminate\\Pipeline\\Pipeline->{closure:Illuminate\\Pipeline\\Pipeline::prepareDestination():168}()
#34 /home/angklung/www.angklung-udjo.co.id/vendor/laravel/framework/src/Illuminate/Foundation/Http/Middleware/ConvertEmptyStringsToNull.php(31): Illuminate\\Foundation\\Http\\Middleware\\TransformsRequest->handle()
#35 /home/angklung/www.angklung-udjo.co.id/vendor/laravel/framework/src/Illuminate/Pipeline/Pipeline.php(209): Illuminate\\Foundation\\Http\\Middleware\\ConvertEmptyStringsToNull->handle()
#36 /home/angklung/www.angklung-udjo.co.id/vendor/laravel/framework/src/Illuminate/Foundation/Http/Middleware/TransformsRequest.php(21): Illuminate\\Pipeline\\Pipeline->{closure:{closure:Illuminate\\Pipeline\\Pipeline::carry():184}:185}()
#37 /home/angklung/www.angklung-udjo.co.id/vendor/laravel/framework/src/Illuminate/Foundation/Http/Middleware/TrimStrings.php(51): Illuminate\\Foundation\\Http\\Middleware\\TransformsRequest->handle()
#38 /home/angklung/www.angklung-udjo.co.id/vendor/laravel/framework/src/Illuminate/Pipeline/Pipeline.php(209): Illuminate\\Foundation\\Http\\Middleware\\TrimStrings->handle()
#39 /home/angklung/www.angklung-udjo.co.id/vendor/laravel/framework/src/Illuminate/Http/Middleware/ValidatePostSize.php(27): Illuminate\\Pipeline\\Pipeline->{closure:{closure:Illuminate\\Pipeline\\Pipeline::carry():184}:185}()
#40 /home/angklung/www.angklung-udjo.co.id/vendor/laravel/framework/src/Illuminate/Pipeline/Pipeline.php(209): Illuminate\\Http\\Middleware\\ValidatePostSize->handle()
#41 /home/angklung/www.angklung-udjo.co.id/vendor/laravel/framework/src/Illuminate/Foundation/Http/Middleware/PreventRequestsDuringMaintenance.php(110): Illuminate\\Pipeline\\Pipeline->{closure:{closure:Illuminate\\Pipeline\\Pipeline::carry():184}:185}()
#42 /home/angklung/www.angklung-udjo.co.id/vendor/laravel/framework/src/Illuminate/Pipeline/Pipeline.php(209): Illuminate\\Foundation\\Http\\Middleware\\PreventRequestsDuringMaintenance->handle()
#43 /home/angklung/www.angklung-udjo.co.id/vendor/laravel/framework/src/Illuminate/Http/Middleware/HandleCors.php(49): Illuminate\\Pipeline\\Pipeline->{closure:{closure:Illuminate\\Pipeline\\Pipeline::carry():184}:185}()
#44 /home/angklung/www.angklung-udjo.co.id/vendor/laravel/framework/src/Illuminate/Pipeline/Pipeline.php(209): Illuminate\\Http\\Middleware\\HandleCors->handle()
#45 /home/angklung/www.angklung-udjo.co.id/vendor/laravel/framework/src/Illuminate/Http/Middleware/TrustProxies.php(58): Illuminate\\Pipeline\\Pipeline->{closure:{closure:Illuminate\\Pipeline\\Pipeline::carry():184}:185}()
#46 /home/angklung/www.angklung-udjo.co.id/vendor/laravel/framework/src/Illuminate/Pipeline/Pipeline.php(209): Illuminate\\Http\\Middleware\\TrustProxies->handle()
#47 /home/angklung/www.angklung-udjo.co.id/vendor/laravel/framework/src/Illuminate/Foundation/Http/Middleware/InvokeDeferredCallbacks.php(22): Illuminate\\Pipeline\\Pipeline->{closure:{closure:Illuminate\\Pipeline\\Pipeline::carry():184}:185}()
#48 /home/angklung/www.angklung-udjo.co.id/vendor/laravel/framework/src/Illuminate/Pipeline/Pipeline.php(209): Illuminate\\Foundation\\Http\\Middleware\\InvokeDeferredCallbacks->handle()
#49 /home/angklung/www.angklung-udjo.co.id/vendor/laravel/framework/src/Illuminate/Pipeline/Pipeline.php(127): Illuminate\\Pipeline\\Pipeline->{closure:{closure:Illuminate\\Pipeline\\Pipeline::carry():184}:185}()
#50 /home/angklung/www.angklung-udjo.co.id/vendor/laravel/framework/src/Illuminate/Foundation/Http/Kernel.php(176): Illuminate\\Pipeline\\Pipeline->then()
#51 /home/angklung/www.angklung-udjo.co.id/vendor/laravel/framework/src/Illuminate/Foundation/Http/Kernel.php(145): Illuminate\\Foundation\\Http\\Kernel->sendRequestThroughRouter()
#52 /home/angklung/www.angklung-udjo.co.id/vendor/laravel/framework/src/Illuminate/Foundation/Application.php(1220): Illuminate\\Foundation\\Http\\Kernel->handle()
#53 /home/angklung/www.angklung-udjo.co.id/public/index.php(20): Illuminate\\Foundation\\Application->handleRequest()
#54 {main}
"} 
[2026-06-07 21:33:20] production.ERROR: View [privacy-policy] not found. {"exception":"[object] (InvalidArgumentException(code: 0): View [privacy-policy] not found. at /home/angklung/www.angklung-udjo.co.id/vendor/laravel/framework/src/Illuminate/View/FileViewFinder.php:139)
[stacktrace]
#0 /home/angklung/www.angklung-udjo.co.id/vendor/laravel/framework/src/Illuminate/View/FileViewFinder.php(79): Illuminate\\View\\FileViewFinder->findInPaths()
#1 /home/angklung/www.angklung-udjo.co.id/vendor/laravel/framework/src/Illuminate/View/Factory.php(151): Illuminate\\View\\FileViewFinder->find()
#2 /home/angklung/www.angklung-udjo.co.id/vendor/laravel/framework/src/Illuminate/Foundation/helpers.php(1062): Illuminate\\View\\Factory->make()
#3 /home/angklung/www.angklung-udjo.co.id/routes/web.php(122): view()
#4 /home/angklung/www.angklung-udjo.co.id/vendor/laravel/framework/src/Illuminate/Routing/CallableDispatcher.php(40): Illuminate\\Routing\\RouteFileRegistrar->{closure:/home/angklung/www.angklung-udjo.co.id/routes/web.php:122}()
#5 /home/angklung/www.angklung-udjo.co.id/vendor/laravel/framework/src/Illuminate/Routing/Route.php(244): Illuminate\\Routing\\CallableDispatcher->dispatch()
#6 /home/angklung/www.angklung-udjo.co.id/vendor/laravel/framework/src/Illuminate/Routing/Route.php(215): Illuminate\\Routing\\Route->runCallable()
#7 /home/angklung/www.angklung-udjo.co.id/vendor/laravel/framework/src/Illuminate/Routing/Router.php(808): Illuminate\\Routing\\Route->run()
#8 /home/angklung/www.angklung-udjo.co.id/vendor/laravel/framework/src/Illuminate/Pipeline/Pipeline.php(170): Illuminate\\Routing\\Router->{closure:Illuminate\\Routing\\Router::runRouteWithinStack():807}()
#9 /home/angklung/www.angklung-udjo.co.id/app/Http/Middleware/SecurityHeaders.php(11): Illuminate\\Pipeline\\Pipeline->{closure:Illuminate\\Pipeline\\Pipeline::prepareDestination():168}()
#10 /home/angklung/www.angklung-udjo.co.id/vendor/laravel/framework/src/Illuminate/Pipeline/Pipeline.php(209): App\\Http\\Middleware\\SecurityHeaders->handle()
#11 /home/angklung/www.angklung-udjo.co.id/app/Http/Middleware/SetLocale.php(26): Illuminate\\Pipeline\\Pipeline->{closure:{closure:Illuminate\\Pipeline\\Pipeline::carry():184}:185}()
#12 /home/angklung/www.angklung-udjo.co.id/vendor/laravel/framework/src/Illuminate/Pipeline/Pipeline.php(209): App\\Http\\Middleware\\SetLocale->handle()
#13 /home/angklung/www.angklung-udjo.co.id/vendor/laravel/framework/src/Illuminate/Routing/Middleware/SubstituteBindings.php(51): Illuminate\\Pipeline\\Pipeline->{closure:{closure:Illuminate\\Pipeline\\Pipeline::carry():184}:185}()
#14 /home/angklung/www.angklung-udjo.co.id/vendor/laravel/framework/src/Illuminate/Pipeline/Pipeline.php(209): Illuminate\\Routing\\Middleware\\SubstituteBindings->handle()
#15 /home/angklung/www.angklung-udjo.co.id/vendor/laravel/framework/src/Illuminate/Foundation/Http/Middleware/VerifyCsrfToken.php(88): Illuminate\\Pipeline\\Pipeline->{closure:{closure:Illuminate\\Pipeline\\Pipeline::carry():184}:185}()
#16 /home/angklung/www.angklung-udjo.co.id/vendor/laravel/framework/src/Illuminate/Pipeline/Pipeline.php(209): Illuminate\\Foundation\\Http\\Middleware\\VerifyCsrfToken->handle()
#17 /home/angklung/www.angklung-udjo.co.id/vendor/laravel/framework/src/Illuminate/View/Middleware/ShareErrorsFromSession.php(49): Illuminate\\Pipeline\\Pipeline->{closure:{closure:Illuminate\\Pipeline\\Pipeline::carry():184}:185}()
#18 /home/angklung/www.angklung-udjo.co.id/vendor/laravel/framework/src/Illuminate/Pipeline/Pipeline.php(209): Illuminate\\View\\Middleware\\ShareErrorsFromSession->handle()
#19 /home/angklung/www.angklung-udjo.co.id/vendor/laravel/framework/src/Illuminate/Session/Middleware/StartSession.php(121): Illuminate\\Pipeline\\Pipeline->{closure:{closure:Illuminate\\Pipeline\\Pipeline::carry():184}:185}()
#20 /home/angklung/www.angklung-udjo.co.id/vendor/laravel/framework/src/Illuminate/Session/Middleware/StartSession.php(64): Illuminate\\Session\\Middleware\\StartSession->handleStatefulRequest()
#21 /home/angklung/www.angklung-udjo.co.id/vendor/laravel/framework/src/Illuminate/Pipeline/Pipeline.php(209): Illuminate\\Session\\Middleware\\StartSession->handle()
#22 /home/angklung/www.angklung-udjo.co.id/vendor/laravel/framework/src/Illuminate/Cookie/Middleware/AddQueuedCookiesToResponse.php(37): Illuminate\\Pipeline\\Pipeline->{closure:{closure:Illuminate\\Pipeline\\Pipeline::carry():184}:185}()
#23 /home/angklung/www.angklung-udjo.co.id/vendor/laravel/framework/src/Illuminate/Pipeline/Pipeline.php(209): Illuminate\\Cookie\\Middleware\\AddQueuedCookiesToResponse->handle()
#24 /home/angklung/www.angklung-udjo.co.id/vendor/laravel/framework/src/Illuminate/Cookie/Middleware/EncryptCookies.php(75): Illuminate\\Pipeline\\Pipeline->{closure:{closure:Illuminate\\Pipeline\\Pipeline::carry():184}:185}()
#25 /home/angklung/www.angklung-udjo.co.id/vendor/laravel/framework/src/Illuminate/Pipeline/Pipeline.php(209): Illuminate\\Cookie\\Middleware\\EncryptCookies->handle()
#26 /home/angklung/www.angklung-udjo.co.id/vendor/laravel/framework/src/Illuminate/Pipeline/Pipeline.php(127): Illuminate\\Pipeline\\Pipeline->{closure:{closure:Illuminate\\Pipeline\\Pipeline::carry():184}:185}()
#27 /home/angklung/www.angklung-udjo.co.id/vendor/laravel/framework/src/Illuminate/Routing/Router.php(807): Illuminate\\Pipeline\\Pipeline->then()
#28 /home/angklung/www.angklung-udjo.co.id/vendor/laravel/framework/src/Illuminate/Routing/Router.php(786): Illuminate\\Routing\\Router->runRouteWithinStack()
#29 /home/angklung/www.angklung-udjo.co.id/vendor/laravel/framework/src/Illuminate/Routing/Router.php(750): Illuminate\\Routing\\Router->runRoute()
#30 /home/angklung/www.angklung-udjo.co.id/vendor/laravel/framework/src/Illuminate/Routing/Router.php(739): Illuminate\\Routing\\Router->dispatchToRoute()
#31 /home/angklung/www.angklung-udjo.co.id/vendor/laravel/framework/src/Illuminate/Foundation/Http/Kernel.php(201): Illuminate\\Routing\\Router->dispatch()
#32 /home/angklung/www.angklung-udjo.co.id/vendor/laravel/framework/src/Illuminate/Pipeline/Pipeline.php(170): Illuminate\\Foundation\\Http\\Kernel->{closure:Illuminate\\Foundation\\Http\\Kernel::dispatchToRouter():198}()
#33 /home/angklung/www.angklung-udjo.co.id/vendor/laravel/framework/src/Illuminate/Foundation/Http/Middleware/TransformsRequest.php(21): Illuminate\\Pipeline\\Pipeline->{closure:Illuminate\\Pipeline\\Pipeline::prepareDestination():168}()
#34 /home/angklung/www.angklung-udjo.co.id/vendor/laravel/framework/src/Illuminate/Foundation/Http/Middleware/ConvertEmptyStringsToNull.php(31): Illuminate\\Foundation\\Http\\Middleware\\TransformsRequest->handle()
#35 /home/angklung/www.angklung-udjo.co.id/vendor/laravel/framework/src/Illuminate/Pipeline/Pipeline.php(209): Illuminate\\Foundation\\Http\\Middleware\\ConvertEmptyStringsToNull->handle()
#36 /home/angklung/www.angklung-udjo.co.id/vendor/laravel/framework/src/Illuminate/Foundation/Http/Middleware/TransformsRequest.php(21): Illuminate\\Pipeline\\Pipeline->{closure:{closure:Illuminate\\Pipeline\\Pipeline::carry():184}:185}()
#37 /home/angklung/www.angklung-udjo.co.id/vendor/laravel/framework/src/Illuminate/Foundation/Http/Middleware/TrimStrings.php(51): Illuminate\\Foundation\\Http\\Middleware\\TransformsRequest->handle()
#38 /home/angklung/www.angklung-udjo.co.id/vendor/laravel/framework/src/Illuminate/Pipeline/Pipeline.php(209): Illuminate\\Foundation\\Http\\Middleware\\TrimStrings->handle()
#39 /home/angklung/www.angklung-udjo.co.id/vendor/laravel/framework/src/Illuminate/Http/Middleware/ValidatePostSize.php(27): Illuminate\\Pipeline\\Pipeline->{closure:{closure:Illuminate\\Pipeline\\Pipeline::carry():184}:185}()
#40 /home/angklung/www.angklung-udjo.co.id/vendor/laravel/framework/src/Illuminate/Pipeline/Pipeline.php(209): Illuminate\\Http\\Middleware\\ValidatePostSize->handle()
#41 /home/angklung/www.angklung-udjo.co.id/vendor/laravel/framework/src/Illuminate/Foundation/Http/Middleware/PreventRequestsDuringMaintenance.php(110): Illuminate\\Pipeline\\Pipeline->{closure:{closure:Illuminate\\Pipeline\\Pipeline::carry():184}:185}()
#42 /home/angklung/www.angklung-udjo.co.id/vendor/laravel/framework/src/Illuminate/Pipeline/Pipeline.php(209): Illuminate\\Foundation\\Http\\Middleware\\PreventRequestsDuringMaintenance->handle()
#43 /home/angklung/www.angklung-udjo.co.id/vendor/laravel/framework/src/Illuminate/Http/Middleware/HandleCors.php(49): Illuminate\\Pipeline\\Pipeline->{closure:{closure:Illuminate\\Pipeline\\Pipeline::carry():184}:185}()
#44 /home/angklung/www.angklung-udjo.co.id/vendor/laravel/framework/src/Illuminate/Pipeline/Pipeline.php(209): Illuminate\\Http\\Middleware\\HandleCors->handle()
#45 /home/angklung/www.angklung-udjo.co.id/vendor/laravel/framework/src/Illuminate/Http/Middleware/TrustProxies.php(58): Illuminate\\Pipeline\\Pipeline->{closure:{closure:Illuminate\\Pipeline\\Pipeline::carry():184}:185}()
#46 /home/angklung/www.angklung-udjo.co.id/vendor/laravel/framework/src/Illuminate/Pipeline/Pipeline.php(209): Illuminate\\Http\\Middleware\\TrustProxies->handle()
#47 /home/angklung/www.angklung-udjo.co.id/vendor/laravel/framework/src/Illuminate/Foundation/Http/Middleware/InvokeDeferredCallbacks.php(22): Illuminate\\Pipeline\\Pipeline->{closure:{closure:Illuminate\\Pipeline\\Pipeline::carry():184}:185}()
#48 /home/angklung/www.angklung-udjo.co.id/vendor/laravel/framework/src/Illuminate/Pipeline/Pipeline.php(209): Illuminate\\Foundation\\Http\\Middleware\\InvokeDeferredCallbacks->handle()
#49 /home/angklung/www.angklung-udjo.co.id/vendor/laravel/framework/src/Illuminate/Pipeline/Pipeline.php(127): Illuminate\\Pipeline\\Pipeline->{closure:{closure:Illuminate\\Pipeline\\Pipeline::carry():184}:185}()
#50 /home/angklung/www.angklung-udjo.co.id/vendor/laravel/framework/src/Illuminate/Foundation/Http/Kernel.php(176): Illuminate\\Pipeline\\Pipeline->then()
#51 /home/angklung/www.angklung-udjo.co.id/vendor/laravel/framework/src/Illuminate/Foundation/Http/Kernel.php(145): Illuminate\\Foundation\\Http\\Kernel->sendRequestThroughRouter()
#52 /home/angklung/www.angklung-udjo.co.id/vendor/laravel/framework/src/Illuminate/Foundation/Application.php(1220): Illuminate\\Foundation\\Http\\Kernel->handle()
#53 /home/angklung/www.angklung-udjo.co.id/public/index.php(20): Illuminate\\Foundation\\Application->handleRequest()
#54 {main}
"} 
[2026-06-08 00:59:48] production.ERROR: View [privacy-policy] not found. {"exception":"[object] (InvalidArgumentException(code: 0): View [privacy-policy] not found. at /home/angklung/www.angklung-udjo.co.id/vendor/laravel/framework/src/Illuminate/View/FileViewFinder.php:139)
[stacktrace]
#0 /home/angklung/www.angklung-udjo.co.id/vendor/laravel/framework/src/Illuminate/View/FileViewFinder.php(79): Illuminate\\View\\FileViewFinder->findInPaths()
#1 /home/angklung/www.angklung-udjo.co.id/vendor/laravel/framework/src/Illuminate/View/Factory.php(151): Illuminate\\View\\FileViewFinder->find()
#2 /home/angklung/www.angklung-udjo.co.id/vendor/laravel/framework/src/Illuminate/Foundation/helpers.php(1062): Illuminate\\View\\Factory->make()
#3 /home/angklung/www.angklung-udjo.co.id/routes/web.php(122): view()
#4 /home/angklung/www.angklung-udjo.co.id/vendor/laravel/framework/src/Illuminate/Routing/CallableDispatcher.php(40): Illuminate\\Routing\\RouteFileRegistrar->{closure:/home/angklung/www.angklung-udjo.co.id/routes/web.php:122}()
#5 /home/angklung/www.angklung-udjo.co.id/vendor/laravel/framework/src/Illuminate/Routing/Route.php(244): Illuminate\\Routing\\CallableDispatcher->dispatch()
#6 /home/angklung/www.angklung-udjo.co.id/vendor/laravel/framework/src/Illuminate/Routing/Route.php(215): Illuminate\\Routing\\Route->runCallable()
#7 /home/angklung/www.angklung-udjo.co.id/vendor/laravel/framework/src/Illuminate/Routing/Router.php(808): Illuminate\\Routing\\Route->run()
#8 /home/angklung/www.angklung-udjo.co.id/vendor/laravel/framework/src/Illuminate/Pipeline/Pipeline.php(170): Illuminate\\Routing\\Router->{closure:Illuminate\\Routing\\Router::runRouteWithinStack():807}()
#9 /home/angklung/www.angklung-udjo.co.id/app/Http/Middleware/SecurityHeaders.php(11): Illuminate\\Pipeline\\Pipeline->{closure:Illuminate\\Pipeline\\Pipeline::prepareDestination():168}()
#10 /home/angklung/www.angklung-udjo.co.id/vendor/laravel/framework/src/Illuminate/Pipeline/Pipeline.php(209): App\\Http\\Middleware\\SecurityHeaders->handle()
#11 /home/angklung/www.angklung-udjo.co.id/app/Http/Middleware/SetLocale.php(26): Illuminate\\Pipeline\\Pipeline->{closure:{closure:Illuminate\\Pipeline\\Pipeline::carry():184}:185}()
#12 /home/angklung/www.angklung-udjo.co.id/vendor/laravel/framework/src/Illuminate/Pipeline/Pipeline.php(209): App\\Http\\Middleware\\SetLocale->handle()
#13 /home/angklung/www.angklung-udjo.co.id/vendor/laravel/framework/src/Illuminate/Routing/Middleware/SubstituteBindings.php(51): Illuminate\\Pipeline\\Pipeline->{closure:{closure:Illuminate\\Pipeline\\Pipeline::carry():184}:185}()
#14 /home/angklung/www.angklung-udjo.co.id/vendor/laravel/framework/src/Illuminate/Pipeline/Pipeline.php(209): Illuminate\\Routing\\Middleware\\SubstituteBindings->handle()
#15 /home/angklung/www.angklung-udjo.co.id/vendor/laravel/framework/src/Illuminate/Foundation/Http/Middleware/VerifyCsrfToken.php(88): Illuminate\\Pipeline\\Pipeline->{closure:{closure:Illuminate\\Pipeline\\Pipeline::carry():184}:185}()
#16 /home/angklung/www.angklung-udjo.co.id/vendor/laravel/framework/src/Illuminate/Pipeline/Pipeline.php(209): Illuminate\\Foundation\\Http\\Middleware\\VerifyCsrfToken->handle()
#17 /home/angklung/www.angklung-udjo.co.id/vendor/laravel/framework/src/Illuminate/View/Middleware/ShareErrorsFromSession.php(49): Illuminate\\Pipeline\\Pipeline->{closure:{closure:Illuminate\\Pipeline\\Pipeline::carry():184}:185}()
#18 /home/angklung/www.angklung-udjo.co.id/vendor/laravel/framework/src/Illuminate/Pipeline/Pipeline.php(209): Illuminate\\View\\Middleware\\ShareErrorsFromSession->handle()
#19 /home/angklung/www.angklung-udjo.co.id/vendor/laravel/framework/src/Illuminate/Session/Middleware/StartSession.php(121): Illuminate\\Pipeline\\Pipeline->{closure:{closure:Illuminate\\Pipeline\\Pipeline::carry():184}:185}()
#20 /home/angklung/www.angklung-udjo.co.id/vendor/laravel/framework/src/Illuminate/Session/Middleware/StartSession.php(64): Illuminate\\Session\\Middleware\\StartSession->handleStatefulRequest()
#21 /home/angklung/www.angklung-udjo.co.id/vendor/laravel/framework/src/Illuminate/Pipeline/Pipeline.php(209): Illuminate\\Session\\Middleware\\StartSession->handle()
#22 /home/angklung/www.angklung-udjo.co.id/vendor/laravel/framework/src/Illuminate/Cookie/Middleware/AddQueuedCookiesToResponse.php(37): Illuminate\\Pipeline\\Pipeline->{closure:{closure:Illuminate\\Pipeline\\Pipeline::carry():184}:185}()
#23 /home/angklung/www.angklung-udjo.co.id/vendor/laravel/framework/src/Illuminate/Pipeline/Pipeline.php(209): Illuminate\\Cookie\\Middleware\\AddQueuedCookiesToResponse->handle()
#24 /home/angklung/www.angklung-udjo.co.id/vendor/laravel/framework/src/Illuminate/Cookie/Middleware/EncryptCookies.php(75): Illuminate\\Pipeline\\Pipeline->{closure:{closure:Illuminate\\Pipeline\\Pipeline::carry():184}:185}()
#25 /home/angklung/www.angklung-udjo.co.id/vendor/laravel/framework/src/Illuminate/Pipeline/Pipeline.php(209): Illuminate\\Cookie\\Middleware\\EncryptCookies->handle()
#26 /home/angklung/www.angklung-udjo.co.id/vendor/laravel/framework/src/Illuminate/Pipeline/Pipeline.php(127): Illuminate\\Pipeline\\Pipeline->{closure:{closure:Illuminate\\Pipeline\\Pipeline::carry():184}:185}()
#27 /home/angklung/www.angklung-udjo.co.id/vendor/laravel/framework/src/Illuminate/Routing/Router.php(807): Illuminate\\Pipeline\\Pipeline->then()
#28 /home/angklung/www.angklung-udjo.co.id/vendor/laravel/framework/src/Illuminate/Routing/Router.php(786): Illuminate\\Routing\\Router->runRouteWithinStack()
#29 /home/angklung/www.angklung-udjo.co.id/vendor/laravel/framework/src/Illuminate/Routing/Router.php(750): Illuminate\\Routing\\Router->runRoute()
#30 /home/angklung/www.angklung-udjo.co.id/vendor/laravel/framework/src/Illuminate/Routing/Router.php(739): Illuminate\\Routing\\Router->dispatchToRoute()
#31 /home/angklung/www.angklung-udjo.co.id/vendor/laravel/framework/src/Illuminate/Foundation/Http/Kernel.php(201): Illuminate\\Routing\\Router->dispatch()
#32 /home/angklung/www.angklung-udjo.co.id/vendor/laravel/framework/src/Illuminate/Pipeline/Pipeline.php(170): Illuminate\\Foundation\\Http\\Kernel->{closure:Illuminate\\Foundation\\Http\\Kernel::dispatchToRouter():198}()
#33 /home/angklung/www.angklung-udjo.co.id/vendor/laravel/framework/src/Illuminate/Foundation/Http/Middleware/TransformsRequest.php(21): Illuminate\\Pipeline\\Pipeline->{closure:Illuminate\\Pipeline\\Pipeline::prepareDestination():168}()
#34 /home/angklung/www.angklung-udjo.co.id/vendor/laravel/framework/src/Illuminate/Foundation/Http/Middleware/ConvertEmptyStringsToNull.php(31): Illuminate\\Foundation\\Http\\Middleware\\TransformsRequest->handle()
#35 /home/angklung/www.angklung-udjo.co.id/vendor/laravel/framework/src/Illuminate/Pipeline/Pipeline.php(209): Illuminate\\Foundation\\Http\\Middleware\\ConvertEmptyStringsToNull->handle()
#36 /home/angklung/www.angklung-udjo.co.id/vendor/laravel/framework/src/Illuminate/Foundation/Http/Middleware/TransformsRequest.php(21): Illuminate\\Pipeline\\Pipeline->{closure:{closure:Illuminate\\Pipeline\\Pipeline::carry():184}:185}()
#37 /home/angklung/www.angklung-udjo.co.id/vendor/laravel/framework/src/Illuminate/Foundation/Http/Middleware/TrimStrings.php(51): Illuminate\\Foundation\\Http\\Middleware\\TransformsRequest->handle()
#38 /home/angklung/www.angklung-udjo.co.id/vendor/laravel/framework/src/Illuminate/Pipeline/Pipeline.php(209): Illuminate\\Foundation\\Http\\Middleware\\TrimStrings->handle()
#39 /home/angklung/www.angklung-udjo.co.id/vendor/laravel/framework/src/Illuminate/Http/Middleware/ValidatePostSize.php(27): Illuminate\\Pipeline\\Pipeline->{closure:{closure:Illuminate\\Pipeline\\Pipeline::carry():184}:185}()
#40 /home/angklung/www.angklung-udjo.co.id/vendor/laravel/framework/src/Illuminate/Pipeline/Pipeline.php(209): Illuminate\\Http\\Middleware\\ValidatePostSize->handle()
#41 /home/angklung/www.angklung-udjo.co.id/vendor/laravel/framework/src/Illuminate/Foundation/Http/Middleware/PreventRequestsDuringMaintenance.php(110): Illuminate\\Pipeline\\Pipeline->{closure:{closure:Illuminate\\Pipeline\\Pipeline::carry():184}:185}()
#42 /home/angklung/www.angklung-udjo.co.id/vendor/laravel/framework/src/Illuminate/Pipeline/Pipeline.php(209): Illuminate\\Foundation\\Http\\Middleware\\PreventRequestsDuringMaintenance->handle()
#43 /home/angklung/www.angklung-udjo.co.id/vendor/laravel/framework/src/Illuminate/Http/Middleware/HandleCors.php(49): Illuminate\\Pipeline\\Pipeline->{closure:{closure:Illuminate\\Pipeline\\Pipeline::carry():184}:185}()
#44 /home/angklung/www.angklung-udjo.co.id/vendor/laravel/framework/src/Illuminate/Pipeline/Pipeline.php(209): Illuminate\\Http\\Middleware\\HandleCors->handle()
#45 /home/angklung/www.angklung-udjo.co.id/vendor/laravel/framework/src/Illuminate/Http/Middleware/TrustProxies.php(58): Illuminate\\Pipeline\\Pipeline->{closure:{closure:Illuminate\\Pipeline\\Pipeline::carry():184}:185}()
#46 /home/angklung/www.angklung-udjo.co.id/vendor/laravel/framework/src/Illuminate/Pipeline/Pipeline.php(209): Illuminate\\Http\\Middleware\\TrustProxies->handle()
#47 /home/angklung/www.angklung-udjo.co.id/vendor/laravel/framework/src/Illuminate/Foundation/Http/Middleware/InvokeDeferredCallbacks.php(22): Illuminate\\Pipeline\\Pipeline->{closure:{closure:Illuminate\\Pipeline\\Pipeline::carry():184}:185}()
#48 /home/angklung/www.angklung-udjo.co.id/vendor/laravel/framework/src/Illuminate/Pipeline/Pipeline.php(209): Illuminate\\Foundation\\Http\\Middleware\\InvokeDeferredCallbacks->handle()
#49 /home/angklung/www.angklung-udjo.co.id/vendor/laravel/framework/src/Illuminate/Pipeline/Pipeline.php(127): Illuminate\\Pipeline\\Pipeline->{closure:{closure:Illuminate\\Pipeline\\Pipeline::carry():184}:185}()
#50 /home/angklung/www.angklung-udjo.co.id/vendor/laravel/framework/src/Illuminate/Foundation/Http/Kernel.php(176): Illuminate\\Pipeline\\Pipeline->then()
#51 /home/angklung/www.angklung-udjo.co.id/vendor/laravel/framework/src/Illuminate/Foundation/Http/Kernel.php(145): Illuminate\\Foundation\\Http\\Kernel->sendRequestThroughRouter()
#52 /home/angklung/www.angklung-udjo.co.id/vendor/laravel/framework/src/Illuminate/Foundation/Application.php(1220): Illuminate\\Foundation\\Http\\Kernel->handle()
#53 /home/angklung/www.angklung-udjo.co.id/public/index.php(20): Illuminate\\Foundation\\Application->handleRequest()
#54 {main}
"} 
[2026-06-08 05:34:12] production.ERROR: View [privacy-policy] not found. {"exception":"[object] (InvalidArgumentException(code: 0): View [privacy-policy] not found. at /home/angklung/www.angklung-udjo.co.id/vendor/laravel/framework/src/Illuminate/View/FileViewFinder.php:139)
[stacktrace]
#0 /home/angklung/www.angklung-udjo.co.id/vendor/laravel/framework/src/Illuminate/View/FileViewFinder.php(79): Illuminate\\View\\FileViewFinder->findInPaths()
#1 /home/angklung/www.angklung-udjo.co.id/vendor/laravel/framework/src/Illuminate/View/Factory.php(151): Illuminate\\View\\FileViewFinder->find()
#2 /home/angklung/www.angklung-udjo.co.id/vendor/laravel/framework/src/Illuminate/Foundation/helpers.php(1062): Illuminate\\View\\Factory->make()
#3 /home/angklung/www.angklung-udjo.co.id/routes/web.php(122): view()
#4 /home/angklung/www.angklung-udjo.co.id/vendor/laravel/framework/src/Illuminate/Routing/CallableDispatcher.php(40): Illuminate\\Routing\\RouteFileRegistrar->{closure:/home/angklung/www.angklung-udjo.co.id/routes/web.php:122}()
#5 /home/angklung/www.angklung-udjo.co.id/vendor/laravel/framework/src/Illuminate/Routing/Route.php(244): Illuminate\\Routing\\CallableDispatcher->dispatch()
#6 /home/angklung/www.angklung-udjo.co.id/vendor/laravel/framework/src/Illuminate/Routing/Route.php(215): Illuminate\\Routing\\Route->runCallable()
#7 /home/angklung/www.angklung-udjo.co.id/vendor/laravel/framework/src/Illuminate/Routing/Router.php(808): Illuminate\\Routing\\Route->run()
#8 /home/angklung/www.angklung-udjo.co.id/vendor/laravel/framework/src/Illuminate/Pipeline/Pipeline.php(170): Illuminate\\Routing\\Router->{closure:Illuminate\\Routing\\Router::runRouteWithinStack():807}()
#9 /home/angklung/www.angklung-udjo.co.id/app/Http/Middleware/SecurityHeaders.php(11): Illuminate\\Pipeline\\Pipeline->{closure:Illuminate\\Pipeline\\Pipeline::prepareDestination():168}()
#10 /home/angklung/www.angklung-udjo.co.id/vendor/laravel/framework/src/Illuminate/Pipeline/Pipeline.php(209): App\\Http\\Middleware\\SecurityHeaders->handle()
#11 /home/angklung/www.angklung-udjo.co.id/app/Http/Middleware/SetLocale.php(26): Illuminate\\Pipeline\\Pipeline->{closure:{closure:Illuminate\\Pipeline\\Pipeline::carry():184}:185}()
#12 /home/angklung/www.angklung-udjo.co.id/vendor/laravel/framework/src/Illuminate/Pipeline/Pipeline.php(209): App\\Http\\Middleware\\SetLocale->handle()
#13 /home/angklung/www.angklung-udjo.co.id/vendor/laravel/framework/src/Illuminate/Routing/Middleware/SubstituteBindings.php(51): Illuminate\\Pipeline\\Pipeline->{closure:{closure:Illuminate\\Pipeline\\Pipeline::carry():184}:185}()
#14 /home/angklung/www.angklung-udjo.co.id/vendor/laravel/framework/src/Illuminate/Pipeline/Pipeline.php(209): Illuminate\\Routing\\Middleware\\SubstituteBindings->handle()
#15 /home/angklung/www.angklung-udjo.co.id/vendor/laravel/framework/src/Illuminate/Foundation/Http/Middleware/VerifyCsrfToken.php(88): Illuminate\\Pipeline\\Pipeline->{closure:{closure:Illuminate\\Pipeline\\Pipeline::carry():184}:185}()
#16 /home/angklung/www.angklung-udjo.co.id/vendor/laravel/framework/src/Illuminate/Pipeline/Pipeline.php(209): Illuminate\\Foundation\\Http\\Middleware\\VerifyCsrfToken->handle()
#17 /home/angklung/www.angklung-udjo.co.id/vendor/laravel/framework/src/Illuminate/View/Middleware/ShareErrorsFromSession.php(49): Illuminate\\Pipeline\\Pipeline->{closure:{closure:Illuminate\\Pipeline\\Pipeline::carry():184}:185}()
#18 /home/angklung/www.angklung-udjo.co.id/vendor/laravel/framework/src/Illuminate/Pipeline/Pipeline.php(209): Illuminate\\View\\Middleware\\ShareErrorsFromSession->handle()
#19 /home/angklung/www.angklung-udjo.co.id/vendor/laravel/framework/src/Illuminate/Session/Middleware/StartSession.php(121): Illuminate\\Pipeline\\Pipeline->{closure:{closure:Illuminate\\Pipeline\\Pipeline::carry():184}:185}()
#20 /home/angklung/www.angklung-udjo.co.id/vendor/laravel/framework/src/Illuminate/Session/Middleware/StartSession.php(64): Illuminate\\Session\\Middleware\\StartSession->handleStatefulRequest()
#21 /home/angklung/www.angklung-udjo.co.id/vendor/laravel/framework/src/Illuminate/Pipeline/Pipeline.php(209): Illuminate\\Session\\Middleware\\StartSession->handle()
#22 /home/angklung/www.angklung-udjo.co.id/vendor/laravel/framework/src/Illuminate/Cookie/Middleware/AddQueuedCookiesToResponse.php(37): Illuminate\\Pipeline\\Pipeline->{closure:{closure:Illuminate\\Pipeline\\Pipeline::carry():184}:185}()
#23 /home/angklung/www.angklung-udjo.co.id/vendor/laravel/framework/src/Illuminate/Pipeline/Pipeline.php(209): Illuminate\\Cookie\\Middleware\\AddQueuedCookiesToResponse->handle()
#24 /home/angklung/www.angklung-udjo.co.id/vendor/laravel/framework/src/Illuminate/Cookie/Middleware/EncryptCookies.php(75): Illuminate\\Pipeline\\Pipeline->{closure:{closure:Illuminate\\Pipeline\\Pipeline::carry():184}:185}()
#25 /home/angklung/www.angklung-udjo.co.id/vendor/laravel/framework/src/Illuminate/Pipeline/Pipeline.php(209): Illuminate\\Cookie\\Middleware\\EncryptCookies->handle()
#26 /home/angklung/www.angklung-udjo.co.id/vendor/laravel/framework/src/Illuminate/Pipeline/Pipeline.php(127): Illuminate\\Pipeline\\Pipeline->{closure:{closure:Illuminate\\Pipeline\\Pipeline::carry():184}:185}()
#27 /home/angklung/www.angklung-udjo.co.id/vendor/laravel/framework/src/Illuminate/Routing/Router.php(807): Illuminate\\Pipeline\\Pipeline->then()
#28 /home/angklung/www.angklung-udjo.co.id/vendor/laravel/framework/src/Illuminate/Routing/Router.php(786): Illuminate\\Routing\\Router->runRouteWithinStack()
#29 /home/angklung/www.angklung-udjo.co.id/vendor/laravel/framework/src/Illuminate/Routing/Router.php(750): Illuminate\\Routing\\Router->runRoute()
#30 /home/angklung/www.angklung-udjo.co.id/vendor/laravel/framework/src/Illuminate/Routing/Router.php(739): Illuminate\\Routing\\Router->dispatchToRoute()
#31 /home/angklung/www.angklung-udjo.co.id/vendor/laravel/framework/src/Illuminate/Foundation/Http/Kernel.php(201): Illuminate\\Routing\\Router->dispatch()
#32 /home/angklung/www.angklung-udjo.co.id/vendor/laravel/framework/src/Illuminate/Pipeline/Pipeline.php(170): Illuminate\\Foundation\\Http\\Kernel->{closure:Illuminate\\Foundation\\Http\\Kernel::dispatchToRouter():198}()
#33 /home/angklung/www.angklung-udjo.co.id/vendor/laravel/framework/src/Illuminate/Foundation/Http/Middleware/TransformsRequest.php(21): Illuminate\\Pipeline\\Pipeline->{closure:Illuminate\\Pipeline\\Pipeline::prepareDestination():168}()
#34 /home/angklung/www.angklung-udjo.co.id/vendor/laravel/framework/src/Illuminate/Foundation/Http/Middleware/ConvertEmptyStringsToNull.php(31): Illuminate\\Foundation\\Http\\Middleware\\TransformsRequest->handle()
#35 /home/angklung/www.angklung-udjo.co.id/vendor/laravel/framework/src/Illuminate/Pipeline/Pipeline.php(209): Illuminate\\Foundation\\Http\\Middleware\\ConvertEmptyStringsToNull->handle()
#36 /home/angklung/www.angklung-udjo.co.id/vendor/laravel/framework/src/Illuminate/Foundation/Http/Middleware/TransformsRequest.php(21): Illuminate\\Pipeline\\Pipeline->{closure:{closure:Illuminate\\Pipeline\\Pipeline::carry():184}:185}()
#37 /home/angklung/www.angklung-udjo.co.id/vendor/laravel/framework/src/Illuminate/Foundation/Http/Middleware/TrimStrings.php(51): Illuminate\\Foundation\\Http\\Middleware\\TransformsRequest->handle()
#38 /home/angklung/www.angklung-udjo.co.id/vendor/laravel/framework/src/Illuminate/Pipeline/Pipeline.php(209): Illuminate\\Foundation\\Http\\Middleware\\TrimStrings->handle()
#39 /home/angklung/www.angklung-udjo.co.id/vendor/laravel/framework/src/Illuminate/Http/Middleware/ValidatePostSize.php(27): Illuminate\\Pipeline\\Pipeline->{closure:{closure:Illuminate\\Pipeline\\Pipeline::carry():184}:185}()
#40 /home/angklung/www.angklung-udjo.co.id/vendor/laravel/framework/src/Illuminate/Pipeline/Pipeline.php(209): Illuminate\\Http\\Middleware\\ValidatePostSize->handle()
#41 /home/angklung/www.angklung-udjo.co.id/vendor/laravel/framework/src/Illuminate/Foundation/Http/Middleware/PreventRequestsDuringMaintenance.php(110): Illuminate\\Pipeline\\Pipeline->{closure:{closure:Illuminate\\Pipeline\\Pipeline::carry():184}:185}()
#42 /home/angklung/www.angklung-udjo.co.id/vendor/laravel/framework/src/Illuminate/Pipeline/Pipeline.php(209): Illuminate\\Foundation\\Http\\Middleware\\PreventRequestsDuringMaintenance->handle()
#43 /home/angklung/www.angklung-udjo.co.id/vendor/laravel/framework/src/Illuminate/Http/Middleware/HandleCors.php(49): Illuminate\\Pipeline\\Pipeline->{closure:{closure:Illuminate\\Pipeline\\Pipeline::carry():184}:185}()
#44 /home/angklung/www.angklung-udjo.co.id/vendor/laravel/framework/src/Illuminate/Pipeline/Pipeline.php(209): Illuminate\\Http\\Middleware\\HandleCors->handle()
#45 /home/angklung/www.angklung-udjo.co.id/vendor/laravel/framework/src/Illuminate/Http/Middleware/TrustProxies.php(58): Illuminate\\Pipeline\\Pipeline->{closure:{closure:Illuminate\\Pipeline\\Pipeline::carry():184}:185}()
#46 /home/angklung/www.angklung-udjo.co.id/vendor/laravel/framework/src/Illuminate/Pipeline/Pipeline.php(209): Illuminate\\Http\\Middleware\\TrustProxies->handle()
#47 /home/angklung/www.angklung-udjo.co.id/vendor/laravel/framework/src/Illuminate/Foundation/Http/Middleware/InvokeDeferredCallbacks.php(22): Illuminate\\Pipeline\\Pipeline->{closure:{closure:Illuminate\\Pipeline\\Pipeline::carry():184}:185}()
#48 /home/angklung/www.angklung-udjo.co.id/vendor/laravel/framework/src/Illuminate/Pipeline/Pipeline.php(209): Illuminate\\Foundation\\Http\\Middleware\\InvokeDeferredCallbacks->handle()
#49 /home/angklung/www.angklung-udjo.co.id/vendor/laravel/framework/src/Illuminate/Pipeline/Pipeline.php(127): Illuminate\\Pipeline\\Pipeline->{closure:{closure:Illuminate\\Pipeline\\Pipeline::carry():184}:185}()
#50 /home/angklung/www.angklung-udjo.co.id/vendor/laravel/framework/src/Illuminate/Foundation/Http/Kernel.php(176): Illuminate\\Pipeline\\Pipeline->then()
#51 /home/angklung/www.angklung-udjo.co.id/vendor/laravel/framework/src/Illuminate/Foundation/Http/Kernel.php(145): Illuminate\\Foundation\\Http\\Kernel->sendRequestThroughRouter()
#52 /home/angklung/www.angklung-udjo.co.id/vendor/laravel/framework/src/Illuminate/Foundation/Application.php(1220): Illuminate\\Foundation\\Http\\Kernel->handle()
#53 /home/angklung/www.angklung-udjo.co.id/public/index.php(20): Illuminate\\Foundation\\Application->handleRequest()
#54 {main}
"} 
[2026-06-08 05:37:23] production.ERROR: View [shows.show] not found. {"exception":"[object] (InvalidArgumentException(code: 0): View [shows.show] not found. at /home/angklung/www.angklung-udjo.co.id/vendor/laravel/framework/src/Illuminate/View/FileViewFinder.php:139)
[stacktrace]
#0 /home/angklung/www.angklung-udjo.co.id/vendor/laravel/framework/src/Illuminate/View/FileViewFinder.php(79): Illuminate\\View\\FileViewFinder->findInPaths()
#1 /home/angklung/www.angklung-udjo.co.id/vendor/laravel/framework/src/Illuminate/View/Factory.php(151): Illuminate\\View\\FileViewFinder->find()
#2 /home/angklung/www.angklung-udjo.co.id/vendor/laravel/framework/src/Illuminate/Foundation/helpers.php(1062): Illuminate\\View\\Factory->make()
#3 /home/angklung/www.angklung-udjo.co.id/app/Http/Controllers/ShowController.php(22): view()
#4 /home/angklung/www.angklung-udjo.co.id/vendor/laravel/framework/src/Illuminate/Routing/ControllerDispatcher.php(47): App\\Http\\Controllers\\ShowController->show()
#5 /home/angklung/www.angklung-udjo.co.id/vendor/laravel/framework/src/Illuminate/Routing/Route.php(266): Illuminate\\Routing\\ControllerDispatcher->dispatch()
#6 /home/angklung/www.angklung-udjo.co.id/vendor/laravel/framework/src/Illuminate/Routing/Route.php(212): Illuminate\\Routing\\Route->runController()
#7 /home/angklung/www.angklung-udjo.co.id/vendor/laravel/framework/src/Illuminate/Routing/Router.php(808): Illuminate\\Routing\\Route->run()
#8 /home/angklung/www.angklung-udjo.co.id/vendor/laravel/framework/src/Illuminate/Pipeline/Pipeline.php(170): Illuminate\\Routing\\Router->{closure:Illuminate\\Routing\\Router::runRouteWithinStack():807}()
#9 /home/angklung/www.angklung-udjo.co.id/app/Http/Middleware/SecurityHeaders.php(11): Illuminate\\Pipeline\\Pipeline->{closure:Illuminate\\Pipeline\\Pipeline::prepareDestination():168}()
#10 /home/angklung/www.angklung-udjo.co.id/vendor/laravel/framework/src/Illuminate/Pipeline/Pipeline.php(209): App\\Http\\Middleware\\SecurityHeaders->handle()
#11 /home/angklung/www.angklung-udjo.co.id/app/Http/Middleware/SetLocale.php(26): Illuminate\\Pipeline\\Pipeline->{closure:{closure:Illuminate\\Pipeline\\Pipeline::carry():184}:185}()
#12 /home/angklung/www.angklung-udjo.co.id/vendor/laravel/framework/src/Illuminate/Pipeline/Pipeline.php(209): App\\Http\\Middleware\\SetLocale->handle()
#13 /home/angklung/www.angklung-udjo.co.id/vendor/laravel/framework/src/Illuminate/Routing/Middleware/SubstituteBindings.php(51): Illuminate\\Pipeline\\Pipeline->{closure:{closure:Illuminate\\Pipeline\\Pipeline::carry():184}:185}()
#14 /home/angklung/www.angklung-udjo.co.id/vendor/laravel/framework/src/Illuminate/Pipeline/Pipeline.php(209): Illuminate\\Routing\\Middleware\\SubstituteBindings->handle()
#15 /home/angklung/www.angklung-udjo.co.id/vendor/laravel/framework/src/Illuminate/Foundation/Http/Middleware/VerifyCsrfToken.php(88): Illuminate\\Pipeline\\Pipeline->{closure:{closure:Illuminate\\Pipeline\\Pipeline::carry():184}:185}()
#16 /home/angklung/www.angklung-udjo.co.id/vendor/laravel/framework/src/Illuminate/Pipeline/Pipeline.php(209): Illuminate\\Foundation\\Http\\Middleware\\VerifyCsrfToken->handle()
#17 /home/angklung/www.angklung-udjo.co.id/vendor/laravel/framework/src/Illuminate/View/Middleware/ShareErrorsFromSession.php(49): Illuminate\\Pipeline\\Pipeline->{closure:{closure:Illuminate\\Pipeline\\Pipeline::carry():184}:185}()
#18 /home/angklung/www.angklung-udjo.co.id/vendor/laravel/framework/src/Illuminate/Pipeline/Pipeline.php(209): Illuminate\\View\\Middleware\\ShareErrorsFromSession->handle()
#19 /home/angklung/www.angklung-udjo.co.id/vendor/laravel/framework/src/Illuminate/Session/Middleware/StartSession.php(121): Illuminate\\Pipeline\\Pipeline->{closure:{closure:Illuminate\\Pipeline\\Pipeline::carry():184}:185}()
#20 /home/angklung/www.angklung-udjo.co.id/vendor/laravel/framework/src/Illuminate/Session/Middleware/StartSession.php(64): Illuminate\\Session\\Middleware\\StartSession->handleStatefulRequest()
#21 /home/angklung/www.angklung-udjo.co.id/vendor/laravel/framework/src/Illuminate/Pipeline/Pipeline.php(209): Illuminate\\Session\\Middleware\\StartSession->handle()
#22 /home/angklung/www.angklung-udjo.co.id/vendor/laravel/framework/src/Illuminate/Cookie/Middleware/AddQueuedCookiesToResponse.php(37): Illuminate\\Pipeline\\Pipeline->{closure:{closure:Illuminate\\Pipeline\\Pipeline::carry():184}:185}()
#23 /home/angklung/www.angklung-udjo.co.id/vendor/laravel/framework/src/Illuminate/Pipeline/Pipeline.php(209): Illuminate\\Cookie\\Middleware\\AddQueuedCookiesToResponse->handle()
#24 /home/angklung/www.angklung-udjo.co.id/vendor/laravel/framework/src/Illuminate/Cookie/Middleware/EncryptCookies.php(75): Illuminate\\Pipeline\\Pipeline->{closure:{closure:Illuminate\\Pipeline\\Pipeline::carry():184}:185}()
#25 /home/angklung/www.angklung-udjo.co.id/vendor/laravel/framework/src/Illuminate/Pipeline/Pipeline.php(209): Illuminate\\Cookie\\Middleware\\EncryptCookies->handle()
#26 /home/angklung/www.angklung-udjo.co.id/vendor/laravel/framework/src/Illuminate/Pipeline/Pipeline.php(127): Illuminate\\Pipeline\\Pipeline->{closure:{closure:Illuminate\\Pipeline\\Pipeline::carry():184}:185}()
#27 /home/angklung/www.angklung-udjo.co.id/vendor/laravel/framework/src/Illuminate/Routing/Router.php(807): Illuminate\\Pipeline\\Pipeline->then()
#28 /home/angklung/www.angklung-udjo.co.id/vendor/laravel/framework/src/Illuminate/Routing/Router.php(786): Illuminate\\Routing\\Router->runRouteWithinStack()
#29 /home/angklung/www.angklung-udjo.co.id/vendor/laravel/framework/src/Illuminate/Routing/Router.php(750): Illuminate\\Routing\\Router->runRoute()
#30 /home/angklung/www.angklung-udjo.co.id/vendor/laravel/framework/src/Illuminate/Routing/Router.php(739): Illuminate\\Routing\\Router->dispatchToRoute()
#31 /home/angklung/www.angklung-udjo.co.id/vendor/laravel/framework/src/Illuminate/Foundation/Http/Kernel.php(201): Illuminate\\Routing\\Router->dispatch()
#32 /home/angklung/www.angklung-udjo.co.id/vendor/laravel/framework/src/Illuminate/Pipeline/Pipeline.php(170): Illuminate\\Foundation\\Http\\Kernel->{closure:Illuminate\\Foundation\\Http\\Kernel::dispatchToRouter():198}()
#33 /home/angklung/www.angklung-udjo.co.id/vendor/laravel/framework/src/Illuminate/Foundation/Http/Middleware/TransformsRequest.php(21): Illuminate\\Pipeline\\Pipeline->{closure:Illuminate\\Pipeline\\Pipeline::prepareDestination():168}()
#34 /home/angklung/www.angklung-udjo.co.id/vendor/laravel/framework/src/Illuminate/Foundation/Http/Middleware/ConvertEmptyStringsToNull.php(31): Illuminate\\Foundation\\Http\\Middleware\\TransformsRequest->handle()
#35 /home/angklung/www.angklung-udjo.co.id/vendor/laravel/framework/src/Illuminate/Pipeline/Pipeline.php(209): Illuminate\\Foundation\\Http\\Middleware\\ConvertEmptyStringsToNull->handle()
#36 /home/angklung/www.angklung-udjo.co.id/vendor/laravel/framework/src/Illuminate/Foundation/Http/Middleware/TransformsRequest.php(21): Illuminate\\Pipeline\\Pipeline->{closure:{closure:Illuminate\\Pipeline\\Pipeline::carry():184}:185}()
#37 /home/angklung/www.angklung-udjo.co.id/vendor/laravel/framework/src/Illuminate/Foundation/Http/Middleware/TrimStrings.php(51): Illuminate\\Foundation\\Http\\Middleware\\TransformsRequest->handle()
#38 /home/angklung/www.angklung-udjo.co.id/vendor/laravel/framework/src/Illuminate/Pipeline/Pipeline.php(209): Illuminate\\Foundation\\Http\\Middleware\\TrimStrings->handle()
#39 /home/angklung/www.angklung-udjo.co.id/vendor/laravel/framework/src/Illuminate/Http/Middleware/ValidatePostSize.php(27): Illuminate\\Pipeline\\Pipeline->{closure:{closure:Illuminate\\Pipeline\\Pipeline::carry():184}:185}()
#40 /home/angklung/www.angklung-udjo.co.id/vendor/laravel/framework/src/Illuminate/Pipeline/Pipeline.php(209): Illuminate\\Http\\Middleware\\ValidatePostSize->handle()
#41 /home/angklung/www.angklung-udjo.co.id/vendor/laravel/framework/src/Illuminate/Foundation/Http/Middleware/PreventRequestsDuringMaintenance.php(110): Illuminate\\Pipeline\\Pipeline->{closure:{closure:Illuminate\\Pipeline\\Pipeline::carry():184}:185}()
#42 /home/angklung/www.angklung-udjo.co.id/vendor/laravel/framework/src/Illuminate/Pipeline/Pipeline.php(209): Illuminate\\Foundation\\Http\\Middleware\\PreventRequestsDuringMaintenance->handle()
#43 /home/angklung/www.angklung-udjo.co.id/vendor/laravel/framework/src/Illuminate/Http/Middleware/HandleCors.php(49): Illuminate\\Pipeline\\Pipeline->{closure:{closure:Illuminate\\Pipeline\\Pipeline::carry():184}:185}()
#44 /home/angklung/www.angklung-udjo.co.id/vendor/laravel/framework/src/Illuminate/Pipeline/Pipeline.php(209): Illuminate\\Http\\Middleware\\HandleCors->handle()
#45 /home/angklung/www.angklung-udjo.co.id/vendor/laravel/framework/src/Illuminate/Http/Middleware/TrustProxies.php(58): Illuminate\\Pipeline\\Pipeline->{closure:{closure:Illuminate\\Pipeline\\Pipeline::carry():184}:185}()
#46 /home/angklung/www.angklung-udjo.co.id/vendor/laravel/framework/src/Illuminate/Pipeline/Pipeline.php(209): Illuminate\\Http\\Middleware\\TrustProxies->handle()
#47 /home/angklung/www.angklung-udjo.co.id/vendor/laravel/framework/src/Illuminate/Foundation/Http/Middleware/InvokeDeferredCallbacks.php(22): Illuminate\\Pipeline\\Pipeline->{closure:{closure:Illuminate\\Pipeline\\Pipeline::carry():184}:185}()
#48 /home/angklung/www.angklung-udjo.co.id/vendor/laravel/framework/src/Illuminate/Pipeline/Pipeline.php(209): Illuminate\\Foundation\\Http\\Middleware\\InvokeDeferredCallbacks->handle()
#49 /home/angklung/www.angklung-udjo.co.id/vendor/laravel/framework/src/Illuminate/Pipeline/Pipeline.php(127): Illuminate\\Pipeline\\Pipeline->{closure:{closure:Illuminate\\Pipeline\\Pipeline::carry():184}:185}()
#50 /home/angklung/www.angklung-udjo.co.id/vendor/laravel/framework/src/Illuminate/Foundation/Http/Kernel.php(176): Illuminate\\Pipeline\\Pipeline->then()
#51 /home/angklung/www.angklung-udjo.co.id/vendor/laravel/framework/src/Illuminate/Foundation/Http/Kernel.php(145): Illuminate\\Foundation\\Http\\Kernel->sendRequestThroughRouter()
#52 /home/angklung/www.angklung-udjo.co.id/vendor/laravel/framework/src/Illuminate/Foundation/Application.php(1220): Illuminate\\Foundation\\Http\\Kernel->handle()
#53 /home/angklung/www.angklung-udjo.co.id/public/index.php(20): Illuminate\\Foundation\\Application->handleRequest()
#54 {main}
"} 
[2026-06-08 05:37:49] production.ERROR: View [shows.show] not found. {"exception":"[object] (InvalidArgumentException(code: 0): View [shows.show] not found. at /home/angklung/www.angklung-udjo.co.id/vendor/laravel/framework/src/Illuminate/View/FileViewFinder.php:139)
[stacktrace]
#0 /home/angklung/www.angklung-udjo.co.id/vendor/laravel/framework/src/Illuminate/View/FileViewFinder.php(79): Illuminate\\View\\FileViewFinder->findInPaths()
#1 /home/angklung/www.angklung-udjo.co.id/vendor/laravel/framework/src/Illuminate/View/Factory.php(151): Illuminate\\View\\FileViewFinder->find()
#2 /home/angklung/www.angklung-udjo.co.id/vendor/laravel/framework/src/Illuminate/Foundation/helpers.php(1062): Illuminate\\View\\Factory->make()
#3 /home/angklung/www.angklung-udjo.co.id/app/Http/Controllers/ShowController.php(22): view()
#4 /home/angklung/www.angklung-udjo.co.id/vendor/laravel/framework/src/Illuminate/Routing/ControllerDispatcher.php(47): App\\Http\\Controllers\\ShowController->show()
#5 /home/angklung/www.angklung-udjo.co.id/vendor/laravel/framework/src/Illuminate/Routing/Route.php(266): Illuminate\\Routing\\ControllerDispatcher->dispatch()
#6 /home/angklung/www.angklung-udjo.co.id/vendor/laravel/framework/src/Illuminate/Routing/Route.php(212): Illuminate\\Routing\\Route->runController()
#7 /home/angklung/www.angklung-udjo.co.id/vendor/laravel/framework/src/Illuminate/Routing/Router.php(808): Illuminate\\Routing\\Route->run()
#8 /home/angklung/www.angklung-udjo.co.id/vendor/laravel/framework/src/Illuminate/Pipeline/Pipeline.php(170): Illuminate\\Routing\\Router->{closure:Illuminate\\Routing\\Router::runRouteWithinStack():807}()
#9 /home/angklung/www.angklung-udjo.co.id/app/Http/Middleware/SecurityHeaders.php(11): Illuminate\\Pipeline\\Pipeline->{closure:Illuminate\\Pipeline\\Pipeline::prepareDestination():168}()
#10 /home/angklung/www.angklung-udjo.co.id/vendor/laravel/framework/src/Illuminate/Pipeline/Pipeline.php(209): App\\Http\\Middleware\\SecurityHeaders->handle()
#11 /home/angklung/www.angklung-udjo.co.id/app/Http/Middleware/SetLocale.php(26): Illuminate\\Pipeline\\Pipeline->{closure:{closure:Illuminate\\Pipeline\\Pipeline::carry():184}:185}()
#12 /home/angklung/www.angklung-udjo.co.id/vendor/laravel/framework/src/Illuminate/Pipeline/Pipeline.php(209): App\\Http\\Middleware\\SetLocale->handle()
#13 /home/angklung/www.angklung-udjo.co.id/vendor/laravel/framework/src/Illuminate/Routing/Middleware/SubstituteBindings.php(51): Illuminate\\Pipeline\\Pipeline->{closure:{closure:Illuminate\\Pipeline\\Pipeline::carry():184}:185}()
#14 /home/angklung/www.angklung-udjo.co.id/vendor/laravel/framework/src/Illuminate/Pipeline/Pipeline.php(209): Illuminate\\Routing\\Middleware\\SubstituteBindings->handle()
#15 /home/angklung/www.angklung-udjo.co.id/vendor/laravel/framework/src/Illuminate/Foundation/Http/Middleware/VerifyCsrfToken.php(88): Illuminate\\Pipeline\\Pipeline->{closure:{closure:Illuminate\\Pipeline\\Pipeline::carry():184}:185}()
#16 /home/angklung/www.angklung-udjo.co.id/vendor/laravel/framework/src/Illuminate/Pipeline/Pipeline.php(209): Illuminate\\Foundation\\Http\\Middleware\\VerifyCsrfToken->handle()
#17 /home/angklung/www.angklung-udjo.co.id/vendor/laravel/framework/src/Illuminate/View/Middleware/ShareErrorsFromSession.php(49): Illuminate\\Pipeline\\Pipeline->{closure:{closure:Illuminate\\Pipeline\\Pipeline::carry():184}:185}()
#18 /home/angklung/www.angklung-udjo.co.id/vendor/laravel/framework/src/Illuminate/Pipeline/Pipeline.php(209): Illuminate\\View\\Middleware\\ShareErrorsFromSession->handle()
#19 /home/angklung/www.angklung-udjo.co.id/vendor/laravel/framework/src/Illuminate/Session/Middleware/StartSession.php(121): Illuminate\\Pipeline\\Pipeline->{closure:{closure:Illuminate\\Pipeline\\Pipeline::carry():184}:185}()
#20 /home/angklung/www.angklung-udjo.co.id/vendor/laravel/framework/src/Illuminate/Session/Middleware/StartSession.php(64): Illuminate\\Session\\Middleware\\StartSession->handleStatefulRequest()
#21 /home/angklung/www.angklung-udjo.co.id/vendor/laravel/framework/src/Illuminate/Pipeline/Pipeline.php(209): Illuminate\\Session\\Middleware\\StartSession->handle()
#22 /home/angklung/www.angklung-udjo.co.id/vendor/laravel/framework/src/Illuminate/Cookie/Middleware/AddQueuedCookiesToResponse.php(37): Illuminate\\Pipeline\\Pipeline->{closure:{closure:Illuminate\\Pipeline\\Pipeline::carry():184}:185}()
#23 /home/angklung/www.angklung-udjo.co.id/vendor/laravel/framework/src/Illuminate/Pipeline/Pipeline.php(209): Illuminate\\Cookie\\Middleware\\AddQueuedCookiesToResponse->handle()
#24 /home/angklung/www.angklung-udjo.co.id/vendor/laravel/framework/src/Illuminate/Cookie/Middleware/EncryptCookies.php(75): Illuminate\\Pipeline\\Pipeline->{closure:{closure:Illuminate\\Pipeline\\Pipeline::carry():184}:185}()
#25 /home/angklung/www.angklung-udjo.co.id/vendor/laravel/framework/src/Illuminate/Pipeline/Pipeline.php(209): Illuminate\\Cookie\\Middleware\\EncryptCookies->handle()
#26 /home/angklung/www.angklung-udjo.co.id/vendor/laravel/framework/src/Illuminate/Pipeline/Pipeline.php(127): Illuminate\\Pipeline\\Pipeline->{closure:{closure:Illuminate\\Pipeline\\Pipeline::carry():184}:185}()
#27 /home/angklung/www.angklung-udjo.co.id/vendor/laravel/framework/src/Illuminate/Routing/Router.php(807): Illuminate\\Pipeline\\Pipeline->then()
#28 /home/angklung/www.angklung-udjo.co.id/vendor/laravel/framework/src/Illuminate/Routing/Router.php(786): Illuminate\\Routing\\Router->runRouteWithinStack()
#29 /home/angklung/www.angklung-udjo.co.id/vendor/laravel/framework/src/Illuminate/Routing/Router.php(750): Illuminate\\Routing\\Router->runRoute()
#30 /home/angklung/www.angklung-udjo.co.id/vendor/laravel/framework/src/Illuminate/Routing/Router.php(739): Illuminate\\Routing\\Router->dispatchToRoute()
#31 /home/angklung/www.angklung-udjo.co.id/vendor/laravel/framework/src/Illuminate/Foundation/Http/Kernel.php(201): Illuminate\\Routing\\Router->dispatch()
#32 /home/angklung/www.angklung-udjo.co.id/vendor/laravel/framework/src/Illuminate/Pipeline/Pipeline.php(170): Illuminate\\Foundation\\Http\\Kernel->{closure:Illuminate\\Foundation\\Http\\Kernel::dispatchToRouter():198}()
#33 /home/angklung/www.angklung-udjo.co.id/vendor/laravel/framework/src/Illuminate/Foundation/Http/Middleware/TransformsRequest.php(21): Illuminate\\Pipeline\\Pipeline->{closure:Illuminate\\Pipeline\\Pipeline::prepareDestination():168}()
#34 /home/angklung/www.angklung-udjo.co.id/vendor/laravel/framework/src/Illuminate/Foundation/Http/Middleware/ConvertEmptyStringsToNull.php(31): Illuminate\\Foundation\\Http\\Middleware\\TransformsRequest->handle()
#35 /home/angklung/www.angklung-udjo.co.id/vendor/laravel/framework/src/Illuminate/Pipeline/Pipeline.php(209): Illuminate\\Foundation\\Http\\Middleware\\ConvertEmptyStringsToNull->handle()
#36 /home/angklung/www.angklung-udjo.co.id/vendor/laravel/framework/src/Illuminate/Foundation/Http/Middleware/TransformsRequest.php(21): Illuminate\\Pipeline\\Pipeline->{closure:{closure:Illuminate\\Pipeline\\Pipeline::carry():184}:185}()
#37 /home/angklung/www.angklung-udjo.co.id/vendor/laravel/framework/src/Illuminate/Foundation/Http/Middleware/TrimStrings.php(51): Illuminate\\Foundation\\Http\\Middleware\\TransformsRequest->handle()
#38 /home/angklung/www.angklung-udjo.co.id/vendor/laravel/framework/src/Illuminate/Pipeline/Pipeline.php(209): Illuminate\\Foundation\\Http\\Middleware\\TrimStrings->handle()
#39 /home/angklung/www.angklung-udjo.co.id/vendor/laravel/framework/src/Illuminate/Http/Middleware/ValidatePostSize.php(27): Illuminate\\Pipeline\\Pipeline->{closure:{closure:Illuminate\\Pipeline\\Pipeline::carry():184}:185}()
#40 /home/angklung/www.angklung-udjo.co.id/vendor/laravel/framework/src/Illuminate/Pipeline/Pipeline.php(209): Illuminate\\Http\\Middleware\\ValidatePostSize->handle()
#41 /home/angklung/www.angklung-udjo.co.id/vendor/laravel/framework/src/Illuminate/Foundation/Http/Middleware/PreventRequestsDuringMaintenance.php(110): Illuminate\\Pipeline\\Pipeline->{closure:{closure:Illuminate\\Pipeline\\Pipeline::carry():184}:185}()
#42 /home/angklung/www.angklung-udjo.co.id/vendor/laravel/framework/src/Illuminate/Pipeline/Pipeline.php(209): Illuminate\\Foundation\\Http\\Middleware\\PreventRequestsDuringMaintenance->handle()
#43 /home/angklung/www.angklung-udjo.co.id/vendor/laravel/framework/src/Illuminate/Http/Middleware/HandleCors.php(49): Illuminate\\Pipeline\\Pipeline->{closure:{closure:Illuminate\\Pipeline\\Pipeline::carry():184}:185}()
#44 /home/angklung/www.angklung-udjo.co.id/vendor/laravel/framework/src/Illuminate/Pipeline/Pipeline.php(209): Illuminate\\Http\\Middleware\\HandleCors->handle()
#45 /home/angklung/www.angklung-udjo.co.id/vendor/laravel/framework/src/Illuminate/Http/Middleware/TrustProxies.php(58): Illuminate\\Pipeline\\Pipeline->{closure:{closure:Illuminate\\Pipeline\\Pipeline::carry():184}:185}()
#46 /home/angklung/www.angklung-udjo.co.id/vendor/laravel/framework/src/Illuminate/Pipeline/Pipeline.php(209): Illuminate\\Http\\Middleware\\TrustProxies->handle()
#47 /home/angklung/www.angklung-udjo.co.id/vendor/laravel/framework/src/Illuminate/Foundation/Http/Middleware/InvokeDeferredCallbacks.php(22): Illuminate\\Pipeline\\Pipeline->{closure:{closure:Illuminate\\Pipeline\\Pipeline::carry():184}:185}()
#48 /home/angklung/www.angklung-udjo.co.id/vendor/laravel/framework/src/Illuminate/Pipeline/Pipeline.php(209): Illuminate\\Foundation\\Http\\Middleware\\InvokeDeferredCallbacks->handle()
#49 /home/angklung/www.angklung-udjo.co.id/vendor/laravel/framework/src/Illuminate/Pipeline/Pipeline.php(127): Illuminate\\Pipeline\\Pipeline->{closure:{closure:Illuminate\\Pipeline\\Pipeline::carry():184}:185}()
#50 /home/angklung/www.angklung-udjo.co.id/vendor/laravel/framework/src/Illuminate/Foundation/Http/Kernel.php(176): Illuminate\\Pipeline\\Pipeline->then()
#51 /home/angklung/www.angklung-udjo.co.id/vendor/laravel/framework/src/Illuminate/Foundation/Http/Kernel.php(145): Illuminate\\Foundation\\Http\\Kernel->sendRequestThroughRouter()
#52 /home/angklung/www.angklung-udjo.co.id/vendor/laravel/framework/src/Illuminate/Foundation/Application.php(1220): Illuminate\\Foundation\\Http\\Kernel->handle()
#53 /home/angklung/www.angklung-udjo.co.id/public/index.php(20): Illuminate\\Foundation\\Application->handleRequest()
#54 {main}
"} 
[2026-06-08 05:40:47] production.ERROR: View [shows.show] not found. {"exception":"[object] (InvalidArgumentException(code: 0): View [shows.show] not found. at /home/angklung/www.angklung-udjo.co.id/vendor/laravel/framework/src/Illuminate/View/FileViewFinder.php:139)
[stacktrace]
#0 /home/angklung/www.angklung-udjo.co.id/vendor/laravel/framework/src/Illuminate/View/FileViewFinder.php(79): Illuminate\\View\\FileViewFinder->findInPaths()
#1 /home/angklung/www.angklung-udjo.co.id/vendor/laravel/framework/src/Illuminate/View/Factory.php(151): Illuminate\\View\\FileViewFinder->find()
#2 /home/angklung/www.angklung-udjo.co.id/vendor/laravel/framework/src/Illuminate/Foundation/helpers.php(1062): Illuminate\\View\\Factory->make()
#3 /home/angklung/www.angklung-udjo.co.id/app/Http/Controllers/ShowController.php(22): view()
#4 /home/angklung/www.angklung-udjo.co.id/vendor/laravel/framework/src/Illuminate/Routing/ControllerDispatcher.php(47): App\\Http\\Controllers\\ShowController->show()
#5 /home/angklung/www.angklung-udjo.co.id/vendor/laravel/framework/src/Illuminate/Routing/Route.php(266): Illuminate\\Routing\\ControllerDispatcher->dispatch()
#6 /home/angklung/www.angklung-udjo.co.id/vendor/laravel/framework/src/Illuminate/Routing/Route.php(212): Illuminate\\Routing\\Route->runController()
#7 /home/angklung/www.angklung-udjo.co.id/vendor/laravel/framework/src/Illuminate/Routing/Router.php(808): Illuminate\\Routing\\Route->run()
#8 /home/angklung/www.angklung-udjo.co.id/vendor/laravel/framework/src/Illuminate/Pipeline/Pipeline.php(170): Illuminate\\Routing\\Router->{closure:Illuminate\\Routing\\Router::runRouteWithinStack():807}()
#9 /home/angklung/www.angklung-udjo.co.id/app/Http/Middleware/SecurityHeaders.php(11): Illuminate\\Pipeline\\Pipeline->{closure:Illuminate\\Pipeline\\Pipeline::prepareDestination():168}()
#10 /home/angklung/www.angklung-udjo.co.id/vendor/laravel/framework/src/Illuminate/Pipeline/Pipeline.php(209): App\\Http\\Middleware\\SecurityHeaders->handle()
#11 /home/angklung/www.angklung-udjo.co.id/app/Http/Middleware/SetLocale.php(26): Illuminate\\Pipeline\\Pipeline->{closure:{closure:Illuminate\\Pipeline\\Pipeline::carry():184}:185}()
#12 /home/angklung/www.angklung-udjo.co.id/vendor/laravel/framework/src/Illuminate/Pipeline/Pipeline.php(209): App\\Http\\Middleware\\SetLocale->handle()
#13 /home/angklung/www.angklung-udjo.co.id/vendor/laravel/framework/src/Illuminate/Routing/Middleware/SubstituteBindings.php(51): Illuminate\\Pipeline\\Pipeline->{closure:{closure:Illuminate\\Pipeline\\Pipeline::carry():184}:185}()
#14 /home/angklung/www.angklung-udjo.co.id/vendor/laravel/framework/src/Illuminate/Pipeline/Pipeline.php(209): Illuminate\\Routing\\Middleware\\SubstituteBindings->handle()
#15 /home/angklung/www.angklung-udjo.co.id/vendor/laravel/framework/src/Illuminate/Foundation/Http/Middleware/VerifyCsrfToken.php(88): Illuminate\\Pipeline\\Pipeline->{closure:{closure:Illuminate\\Pipeline\\Pipeline::carry():184}:185}()
#16 /home/angklung/www.angklung-udjo.co.id/vendor/laravel/framework/src/Illuminate/Pipeline/Pipeline.php(209): Illuminate\\Foundation\\Http\\Middleware\\VerifyCsrfToken->handle()
#17 /home/angklung/www.angklung-udjo.co.id/vendor/laravel/framework/src/Illuminate/View/Middleware/ShareErrorsFromSession.php(49): Illuminate\\Pipeline\\Pipeline->{closure:{closure:Illuminate\\Pipeline\\Pipeline::carry():184}:185}()
#18 /home/angklung/www.angklung-udjo.co.id/vendor/laravel/framework/src/Illuminate/Pipeline/Pipeline.php(209): Illuminate\\View\\Middleware\\ShareErrorsFromSession->handle()
#19 /home/angklung/www.angklung-udjo.co.id/vendor/laravel/framework/src/Illuminate/Session/Middleware/StartSession.php(121): Illuminate\\Pipeline\\Pipeline->{closure:{closure:Illuminate\\Pipeline\\Pipeline::carry():184}:185}()
#20 /home/angklung/www.angklung-udjo.co.id/vendor/laravel/framework/src/Illuminate/Session/Middleware/StartSession.php(64): Illuminate\\Session\\Middleware\\StartSession->handleStatefulRequest()
#21 /home/angklung/www.angklung-udjo.co.id/vendor/laravel/framework/src/Illuminate/Pipeline/Pipeline.php(209): Illuminate\\Session\\Middleware\\StartSession->handle()
#22 /home/angklung/www.angklung-udjo.co.id/vendor/laravel/framework/src/Illuminate/Cookie/Middleware/AddQueuedCookiesToResponse.php(37): Illuminate\\Pipeline\\Pipeline->{closure:{closure:Illuminate\\Pipeline\\Pipeline::carry():184}:185}()
#23 /home/angklung/www.angklung-udjo.co.id/vendor/laravel/framework/src/Illuminate/Pipeline/Pipeline.php(209): Illuminate\\Cookie\\Middleware\\AddQueuedCookiesToResponse->handle()
#24 /home/angklung/www.angklung-udjo.co.id/vendor/laravel/framework/src/Illuminate/Cookie/Middleware/EncryptCookies.php(75): Illuminate\\Pipeline\\Pipeline->{closure:{closure:Illuminate\\Pipeline\\Pipeline::carry():184}:185}()
#25 /home/angklung/www.angklung-udjo.co.id/vendor/laravel/framework/src/Illuminate/Pipeline/Pipeline.php(209): Illuminate\\Cookie\\Middleware\\EncryptCookies->handle()
#26 /home/angklung/www.angklung-udjo.co.id/vendor/laravel/framework/src/Illuminate/Pipeline/Pipeline.php(127): Illuminate\\Pipeline\\Pipeline->{closure:{closure:Illuminate\\Pipeline\\Pipeline::carry():184}:185}()
#27 /home/angklung/www.angklung-udjo.co.id/vendor/laravel/framework/src/Illuminate/Routing/Router.php(807): Illuminate\\Pipeline\\Pipeline->then()
#28 /home/angklung/www.angklung-udjo.co.id/vendor/laravel/framework/src/Illuminate/Routing/Router.php(786): Illuminate\\Routing\\Router->runRouteWithinStack()
#29 /home/angklung/www.angklung-udjo.co.id/vendor/laravel/framework/src/Illuminate/Routing/Router.php(750): Illuminate\\Routing\\Router->runRoute()
#30 /home/angklung/www.angklung-udjo.co.id/vendor/laravel/framework/src/Illuminate/Routing/Router.php(739): Illuminate\\Routing\\Router->dispatchToRoute()
#31 /home/angklung/www.angklung-udjo.co.id/vendor/laravel/framework/src/Illuminate/Foundation/Http/Kernel.php(201): Illuminate\\Routing\\Router->dispatch()
#32 /home/angklung/www.angklung-udjo.co.id/vendor/laravel/framework/src/Illuminate/Pipeline/Pipeline.php(170): Illuminate\\Foundation\\Http\\Kernel->{closure:Illuminate\\Foundation\\Http\\Kernel::dispatchToRouter():198}()
#33 /home/angklung/www.angklung-udjo.co.id/vendor/laravel/framework/src/Illuminate/Foundation/Http/Middleware/TransformsRequest.php(21): Illuminate\\Pipeline\\Pipeline->{closure:Illuminate\\Pipeline\\Pipeline::prepareDestination():168}()
#34 /home/angklung/www.angklung-udjo.co.id/vendor/laravel/framework/src/Illuminate/Foundation/Http/Middleware/ConvertEmptyStringsToNull.php(31): Illuminate\\Foundation\\Http\\Middleware\\TransformsRequest->handle()
#35 /home/angklung/www.angklung-udjo.co.id/vendor/laravel/framework/src/Illuminate/Pipeline/Pipeline.php(209): Illuminate\\Foundation\\Http\\Middleware\\ConvertEmptyStringsToNull->handle()
#36 /home/angklung/www.angklung-udjo.co.id/vendor/laravel/framework/src/Illuminate/Foundation/Http/Middleware/TransformsRequest.php(21): Illuminate\\Pipeline\\Pipeline->{closure:{closure:Illuminate\\Pipeline\\Pipeline::carry():184}:185}()
#37 /home/angklung/www.angklung-udjo.co.id/vendor/laravel/framework/src/Illuminate/Foundation/Http/Middleware/TrimStrings.php(51): Illuminate\\Foundation\\Http\\Middleware\\TransformsRequest->handle()
#38 /home/angklung/www.angklung-udjo.co.id/vendor/laravel/framework/src/Illuminate/Pipeline/Pipeline.php(209): Illuminate\\Foundation\\Http\\Middleware\\TrimStrings->handle()
#39 /home/angklung/www.angklung-udjo.co.id/vendor/laravel/framework/src/Illuminate/Http/Middleware/ValidatePostSize.php(27): Illuminate\\Pipeline\\Pipeline->{closure:{closure:Illuminate\\Pipeline\\Pipeline::carry():184}:185}()
#40 /home/angklung/www.angklung-udjo.co.id/vendor/laravel/framework/src/Illuminate/Pipeline/Pipeline.php(209): Illuminate\\Http\\Middleware\\ValidatePostSize->handle()
#41 /home/angklung/www.angklung-udjo.co.id/vendor/laravel/framework/src/Illuminate/Foundation/Http/Middleware/PreventRequestsDuringMaintenance.php(110): Illuminate\\Pipeline\\Pipeline->{closure:{closure:Illuminate\\Pipeline\\Pipeline::carry():184}:185}()
#42 /home/angklung/www.angklung-udjo.co.id/vendor/laravel/framework/src/Illuminate/Pipeline/Pipeline.php(209): Illuminate\\Foundation\\Http\\Middleware\\PreventRequestsDuringMaintenance->handle()
#43 /home/angklung/www.angklung-udjo.co.id/vendor/laravel/framework/src/Illuminate/Http/Middleware/HandleCors.php(49): Illuminate\\Pipeline\\Pipeline->{closure:{closure:Illuminate\\Pipeline\\Pipeline::carry():184}:185}()
#44 /home/angklung/www.angklung-udjo.co.id/vendor/laravel/framework/src/Illuminate/Pipeline/Pipeline.php(209): Illuminate\\Http\\Middleware\\HandleCors->handle()
#45 /home/angklung/www.angklung-udjo.co.id/vendor/laravel/framework/src/Illuminate/Http/Middleware/TrustProxies.php(58): Illuminate\\Pipeline\\Pipeline->{closure:{closure:Illuminate\\Pipeline\\Pipeline::carry():184}:185}()
#46 /home/angklung/www.angklung-udjo.co.id/vendor/laravel/framework/src/Illuminate/Pipeline/Pipeline.php(209): Illuminate\\Http\\Middleware\\TrustProxies->handle()
#47 /home/angklung/www.angklung-udjo.co.id/vendor/laravel/framework/src/Illuminate/Foundation/Http/Middleware/InvokeDeferredCallbacks.php(22): Illuminate\\Pipeline\\Pipeline->{closure:{closure:Illuminate\\Pipeline\\Pipeline::carry():184}:185}()
#48 /home/angklung/www.angklung-udjo.co.id/vendor/laravel/framework/src/Illuminate/Pipeline/Pipeline.php(209): Illuminate\\Foundation\\Http\\Middleware\\InvokeDeferredCallbacks->handle()
#49 /home/angklung/www.angklung-udjo.co.id/vendor/laravel/framework/src/Illuminate/Pipeline/Pipeline.php(127): Illuminate\\Pipeline\\Pipeline->{closure:{closure:Illuminate\\Pipeline\\Pipeline::carry():184}:185}()
#50 /home/angklung/www.angklung-udjo.co.id/vendor/laravel/framework/src/Illuminate/Foundation/Http/Kernel.php(176): Illuminate\\Pipeline\\Pipeline->then()
#51 /home/angklung/www.angklung-udjo.co.id/vendor/laravel/framework/src/Illuminate/Foundation/Http/Kernel.php(145): Illuminate\\Foundation\\Http\\Kernel->sendRequestThroughRouter()
#52 /home/angklung/www.angklung-udjo.co.id/vendor/laravel/framework/src/Illuminate/Foundation/Application.php(1220): Illuminate\\Foundation\\Http\\Kernel->handle()
#53 /home/angklung/www.angklung-udjo.co.id/public/index.php(20): Illuminate\\Foundation\\Application->handleRequest()
#54 {main}
"} 
[2026-06-08 05:41:15] production.ERROR: View [shows.show] not found. {"exception":"[object] (InvalidArgumentException(code: 0): View [shows.show] not found. at /home/angklung/www.angklung-udjo.co.id/vendor/laravel/framework/src/Illuminate/View/FileViewFinder.php:139)
[stacktrace]
#0 /home/angklung/www.angklung-udjo.co.id/vendor/laravel/framework/src/Illuminate/View/FileViewFinder.php(79): Illuminate\\View\\FileViewFinder->findInPaths()
#1 /home/angklung/www.angklung-udjo.co.id/vendor/laravel/framework/src/Illuminate/View/Factory.php(151): Illuminate\\View\\FileViewFinder->find()
#2 /home/angklung/www.angklung-udjo.co.id/vendor/laravel/framework/src/Illuminate/Foundation/helpers.php(1062): Illuminate\\View\\Factory->make()
#3 /home/angklung/www.angklung-udjo.co.id/app/Http/Controllers/ShowController.php(22): view()
#4 /home/angklung/www.angklung-udjo.co.id/vendor/laravel/framework/src/Illuminate/Routing/ControllerDispatcher.php(47): App\\Http\\Controllers\\ShowController->show()
#5 /home/angklung/www.angklung-udjo.co.id/vendor/laravel/framework/src/Illuminate/Routing/Route.php(266): Illuminate\\Routing\\ControllerDispatcher->dispatch()
#6 /home/angklung/www.angklung-udjo.co.id/vendor/laravel/framework/src/Illuminate/Routing/Route.php(212): Illuminate\\Routing\\Route->runController()
#7 /home/angklung/www.angklung-udjo.co.id/vendor/laravel/framework/src/Illuminate/Routing/Router.php(808): Illuminate\\Routing\\Route->run()
#8 /home/angklung/www.angklung-udjo.co.id/vendor/laravel/framework/src/Illuminate/Pipeline/Pipeline.php(170): Illuminate\\Routing\\Router->{closure:Illuminate\\Routing\\Router::runRouteWithinStack():807}()
#9 /home/angklung/www.angklung-udjo.co.id/app/Http/Middleware/SecurityHeaders.php(11): Illuminate\\Pipeline\\Pipeline->{closure:Illuminate\\Pipeline\\Pipeline::prepareDestination():168}()
#10 /home/angklung/www.angklung-udjo.co.id/vendor/laravel/framework/src/Illuminate/Pipeline/Pipeline.php(209): App\\Http\\Middleware\\SecurityHeaders->handle()
#11 /home/angklung/www.angklung-udjo.co.id/app/Http/Middleware/SetLocale.php(26): Illuminate\\Pipeline\\Pipeline->{closure:{closure:Illuminate\\Pipeline\\Pipeline::carry():184}:185}()
#12 /home/angklung/www.angklung-udjo.co.id/vendor/laravel/framework/src/Illuminate/Pipeline/Pipeline.php(209): App\\Http\\Middleware\\SetLocale->handle()
#13 /home/angklung/www.angklung-udjo.co.id/vendor/laravel/framework/src/Illuminate/Routing/Middleware/SubstituteBindings.php(51): Illuminate\\Pipeline\\Pipeline->{closure:{closure:Illuminate\\Pipeline\\Pipeline::carry():184}:185}()
#14 /home/angklung/www.angklung-udjo.co.id/vendor/laravel/framework/src/Illuminate/Pipeline/Pipeline.php(209): Illuminate\\Routing\\Middleware\\SubstituteBindings->handle()
#15 /home/angklung/www.angklung-udjo.co.id/vendor/laravel/framework/src/Illuminate/Foundation/Http/Middleware/VerifyCsrfToken.php(88): Illuminate\\Pipeline\\Pipeline->{closure:{closure:Illuminate\\Pipeline\\Pipeline::carry():184}:185}()
#16 /home/angklung/www.angklung-udjo.co.id/vendor/laravel/framework/src/Illuminate/Pipeline/Pipeline.php(209): Illuminate\\Foundation\\Http\\Middleware\\VerifyCsrfToken->handle()
#17 /home/angklung/www.angklung-udjo.co.id/vendor/laravel/framework/src/Illuminate/View/Middleware/ShareErrorsFromSession.php(49): Illuminate\\Pipeline\\Pipeline->{closure:{closure:Illuminate\\Pipeline\\Pipeline::carry():184}:185}()
#18 /home/angklung/www.angklung-udjo.co.id/vendor/laravel/framework/src/Illuminate/Pipeline/Pipeline.php(209): Illuminate\\View\\Middleware\\ShareErrorsFromSession->handle()
#19 /home/angklung/www.angklung-udjo.co.id/vendor/laravel/framework/src/Illuminate/Session/Middleware/StartSession.php(121): Illuminate\\Pipeline\\Pipeline->{closure:{closure:Illuminate\\Pipeline\\Pipeline::carry():184}:185}()
#20 /home/angklung/www.angklung-udjo.co.id/vendor/laravel/framework/src/Illuminate/Session/Middleware/StartSession.php(64): Illuminate\\Session\\Middleware\\StartSession->handleStatefulRequest()
#21 /home/angklung/www.angklung-udjo.co.id/vendor/laravel/framework/src/Illuminate/Pipeline/Pipeline.php(209): Illuminate\\Session\\Middleware\\StartSession->handle()
#22 /home/angklung/www.angklung-udjo.co.id/vendor/laravel/framework/src/Illuminate/Cookie/Middleware/AddQueuedCookiesToResponse.php(37): Illuminate\\Pipeline\\Pipeline->{closure:{closure:Illuminate\\Pipeline\\Pipeline::carry():184}:185}()
#23 /home/angklung/www.angklung-udjo.co.id/vendor/laravel/framework/src/Illuminate/Pipeline/Pipeline.php(209): Illuminate\\Cookie\\Middleware\\AddQueuedCookiesToResponse->handle()
#24 /home/angklung/www.angklung-udjo.co.id/vendor/laravel/framework/src/Illuminate/Cookie/Middleware/EncryptCookies.php(75): Illuminate\\Pipeline\\Pipeline->{closure:{closure:Illuminate\\Pipeline\\Pipeline::carry():184}:185}()
#25 /home/angklung/www.angklung-udjo.co.id/vendor/laravel/framework/src/Illuminate/Pipeline/Pipeline.php(209): Illuminate\\Cookie\\Middleware\\EncryptCookies->handle()
#26 /home/angklung/www.angklung-udjo.co.id/vendor/laravel/framework/src/Illuminate/Pipeline/Pipeline.php(127): Illuminate\\Pipeline\\Pipeline->{closure:{closure:Illuminate\\Pipeline\\Pipeline::carry():184}:185}()
#27 /home/angklung/www.angklung-udjo.co.id/vendor/laravel/framework/src/Illuminate/Routing/Router.php(807): Illuminate\\Pipeline\\Pipeline->then()
#28 /home/angklung/www.angklung-udjo.co.id/vendor/laravel/framework/src/Illuminate/Routing/Router.php(786): Illuminate\\Routing\\Router->runRouteWithinStack()
#29 /home/angklung/www.angklung-udjo.co.id/vendor/laravel/framework/src/Illuminate/Routing/Router.php(750): Illuminate\\Routing\\Router->runRoute()
#30 /home/angklung/www.angklung-udjo.co.id/vendor/laravel/framework/src/Illuminate/Routing/Router.php(739): Illuminate\\Routing\\Router->dispatchToRoute()
#31 /home/angklung/www.angklung-udjo.co.id/vendor/laravel/framework/src/Illuminate/Foundation/Http/Kernel.php(201): Illuminate\\Routing\\Router->dispatch()
#32 /home/angklung/www.angklung-udjo.co.id/vendor/laravel/framework/src/Illuminate/Pipeline/Pipeline.php(170): Illuminate\\Foundation\\Http\\Kernel->{closure:Illuminate\\Foundation\\Http\\Kernel::dispatchToRouter():198}()
#33 /home/angklung/www.angklung-udjo.co.id/vendor/laravel/framework/src/Illuminate/Foundation/Http/Middleware/TransformsRequest.php(21): Illuminate\\Pipeline\\Pipeline->{closure:Illuminate\\Pipeline\\Pipeline::prepareDestination():168}()
#34 /home/angklung/www.angklung-udjo.co.id/vendor/laravel/framework/src/Illuminate/Foundation/Http/Middleware/ConvertEmptyStringsToNull.php(31): Illuminate\\Foundation\\Http\\Middleware\\TransformsRequest->handle()
#35 /home/angklung/www.angklung-udjo.co.id/vendor/laravel/framework/src/Illuminate/Pipeline/Pipeline.php(209): Illuminate\\Foundation\\Http\\Middleware\\ConvertEmptyStringsToNull->handle()
#36 /home/angklung/www.angklung-udjo.co.id/vendor/laravel/framework/src/Illuminate/Foundation/Http/Middleware/TransformsRequest.php(21): Illuminate\\Pipeline\\Pipeline->{closure:{closure:Illuminate\\Pipeline\\Pipeline::carry():184}:185}()
#37 /home/angklung/www.angklung-udjo.co.id/vendor/laravel/framework/src/Illuminate/Foundation/Http/Middleware/TrimStrings.php(51): Illuminate\\Foundation\\Http\\Middleware\\TransformsRequest->handle()
#38 /home/angklung/www.angklung-udjo.co.id/vendor/laravel/framework/src/Illuminate/Pipeline/Pipeline.php(209): Illuminate\\Foundation\\Http\\Middleware\\TrimStrings->handle()
#39 /home/angklung/www.angklung-udjo.co.id/vendor/laravel/framework/src/Illuminate/Http/Middleware/ValidatePostSize.php(27): Illuminate\\Pipeline\\Pipeline->{closure:{closure:Illuminate\\Pipeline\\Pipeline::carry():184}:185}()
#40 /home/angklung/www.angklung-udjo.co.id/vendor/laravel/framework/src/Illuminate/Pipeline/Pipeline.php(209): Illuminate\\Http\\Middleware\\ValidatePostSize->handle()
#41 /home/angklung/www.angklung-udjo.co.id/vendor/laravel/framework/src/Illuminate/Foundation/Http/Middleware/PreventRequestsDuringMaintenance.php(110): Illuminate\\Pipeline\\Pipeline->{closure:{closure:Illuminate\\Pipeline\\Pipeline::carry():184}:185}()
#42 /home/angklung/www.angklung-udjo.co.id/vendor/laravel/framework/src/Illuminate/Pipeline/Pipeline.php(209): Illuminate\\Foundation\\Http\\Middleware\\PreventRequestsDuringMaintenance->handle()
#43 /home/angklung/www.angklung-udjo.co.id/vendor/laravel/framework/src/Illuminate/Http/Middleware/HandleCors.php(49): Illuminate\\Pipeline\\Pipeline->{closure:{closure:Illuminate\\Pipeline\\Pipeline::carry():184}:185}()
#44 /home/angklung/www.angklung-udjo.co.id/vendor/laravel/framework/src/Illuminate/Pipeline/Pipeline.php(209): Illuminate\\Http\\Middleware\\HandleCors->handle()
#45 /home/angklung/www.angklung-udjo.co.id/vendor/laravel/framework/src/Illuminate/Http/Middleware/TrustProxies.php(58): Illuminate\\Pipeline\\Pipeline->{closure:{closure:Illuminate\\Pipeline\\Pipeline::carry():184}:185}()
#46 /home/angklung/www.angklung-udjo.co.id/vendor/laravel/framework/src/Illuminate/Pipeline/Pipeline.php(209): Illuminate\\Http\\Middleware\\TrustProxies->handle()
#47 /home/angklung/www.angklung-udjo.co.id/vendor/laravel/framework/src/Illuminate/Foundation/Http/Middleware/InvokeDeferredCallbacks.php(22): Illuminate\\Pipeline\\Pipeline->{closure:{closure:Illuminate\\Pipeline\\Pipeline::carry():184}:185}()
#48 /home/angklung/www.angklung-udjo.co.id/vendor/laravel/framework/src/Illuminate/Pipeline/Pipeline.php(209): Illuminate\\Foundation\\Http\\Middleware\\InvokeDeferredCallbacks->handle()
#49 /home/angklung/www.angklung-udjo.co.id/vendor/laravel/framework/src/Illuminate/Pipeline/Pipeline.php(127): Illuminate\\Pipeline\\Pipeline->{closure:{closure:Illuminate\\Pipeline\\Pipeline::carry():184}:185}()
#50 /home/angklung/www.angklung-udjo.co.id/vendor/laravel/framework/src/Illuminate/Foundation/Http/Kernel.php(176): Illuminate\\Pipeline\\Pipeline->then()
#51 /home/angklung/www.angklung-udjo.co.id/vendor/laravel/framework/src/Illuminate/Foundation/Http/Kernel.php(145): Illuminate\\Foundation\\Http\\Kernel->sendRequestThroughRouter()
#52 /home/angklung/www.angklung-udjo.co.id/vendor/laravel/framework/src/Illuminate/Foundation/Application.php(1220): Illuminate\\Foundation\\Http\\Kernel->handle()
#53 /home/angklung/www.angklung-udjo.co.id/public/index.php(20): Illuminate\\Foundation\\Application->handleRequest()
#54 {main}
"} 
[2026-06-08 08:21:48] production.ERROR: View [Ramadhan] not found. {"exception":"[object] (InvalidArgumentException(code: 0): View [Ramadhan] not found. at /home/angklung/www.angklung-udjo.co.id/vendor/laravel/framework/src/Illuminate/View/FileViewFinder.php:139)
[stacktrace]
#0 /home/angklung/www.angklung-udjo.co.id/vendor/laravel/framework/src/Illuminate/View/FileViewFinder.php(79): Illuminate\\View\\FileViewFinder->findInPaths()
#1 /home/angklung/www.angklung-udjo.co.id/vendor/laravel/framework/src/Illuminate/View/Factory.php(151): Illuminate\\View\\FileViewFinder->find()
#2 /home/angklung/www.angklung-udjo.co.id/vendor/laravel/framework/src/Illuminate/Foundation/helpers.php(1062): Illuminate\\View\\Factory->make()
#3 /home/angklung/www.angklung-udjo.co.id/routes/web.php(140): view()
#4 /home/angklung/www.angklung-udjo.co.id/vendor/laravel/framework/src/Illuminate/Routing/CallableDispatcher.php(40): Illuminate\\Routing\\RouteFileRegistrar->{closure:/home/angklung/www.angklung-udjo.co.id/routes/web.php:140}()
#5 /home/angklung/www.angklung-udjo.co.id/vendor/laravel/framework/src/Illuminate/Routing/Route.php(244): Illuminate\\Routing\\CallableDispatcher->dispatch()
#6 /home/angklung/www.angklung-udjo.co.id/vendor/laravel/framework/src/Illuminate/Routing/Route.php(215): Illuminate\\Routing\\Route->runCallable()
#7 /home/angklung/www.angklung-udjo.co.id/vendor/laravel/framework/src/Illuminate/Routing/Router.php(808): Illuminate\\Routing\\Route->run()
#8 /home/angklung/www.angklung-udjo.co.id/vendor/laravel/framework/src/Illuminate/Pipeline/Pipeline.php(170): Illuminate\\Routing\\Router->{closure:Illuminate\\Routing\\Router::runRouteWithinStack():807}()
#9 /home/angklung/www.angklung-udjo.co.id/app/Http/Middleware/SecurityHeaders.php(11): Illuminate\\Pipeline\\Pipeline->{closure:Illuminate\\Pipeline\\Pipeline::prepareDestination():168}()
#10 /home/angklung/www.angklung-udjo.co.id/vendor/laravel/framework/src/Illuminate/Pipeline/Pipeline.php(209): App\\Http\\Middleware\\SecurityHeaders->handle()
#11 /home/angklung/www.angklung-udjo.co.id/app/Http/Middleware/SetLocale.php(26): Illuminate\\Pipeline\\Pipeline->{closure:{closure:Illuminate\\Pipeline\\Pipeline::carry():184}:185}()
#12 /home/angklung/www.angklung-udjo.co.id/vendor/laravel/framework/src/Illuminate/Pipeline/Pipeline.php(209): App\\Http\\Middleware\\SetLocale->handle()
#13 /home/angklung/www.angklung-udjo.co.id/vendor/laravel/framework/src/Illuminate/Routing/Middleware/SubstituteBindings.php(51): Illuminate\\Pipeline\\Pipeline->{closure:{closure:Illuminate\\Pipeline\\Pipeline::carry():184}:185}()
#14 /home/angklung/www.angklung-udjo.co.id/vendor/laravel/framework/src/Illuminate/Pipeline/Pipeline.php(209): Illuminate\\Routing\\Middleware\\SubstituteBindings->handle()
#15 /home/angklung/www.angklung-udjo.co.id/vendor/laravel/framework/src/Illuminate/Foundation/Http/Middleware/VerifyCsrfToken.php(88): Illuminate\\Pipeline\\Pipeline->{closure:{closure:Illuminate\\Pipeline\\Pipeline::carry():184}:185}()
#16 /home/angklung/www.angklung-udjo.co.id/vendor/laravel/framework/src/Illuminate/Pipeline/Pipeline.php(209): Illuminate\\Foundation\\Http\\Middleware\\VerifyCsrfToken->handle()
#17 /home/angklung/www.angklung-udjo.co.id/vendor/laravel/framework/src/Illuminate/View/Middleware/ShareErrorsFromSession.php(49): Illuminate\\Pipeline\\Pipeline->{closure:{closure:Illuminate\\Pipeline\\Pipeline::carry():184}:185}()
#18 /home/angklung/www.angklung-udjo.co.id/vendor/laravel/framework/src/Illuminate/Pipeline/Pipeline.php(209): Illuminate\\View\\Middleware\\ShareErrorsFromSession->handle()
#19 /home/angklung/www.angklung-udjo.co.id/vendor/laravel/framework/src/Illuminate/Session/Middleware/StartSession.php(121): Illuminate\\Pipeline\\Pipeline->{closure:{closure:Illuminate\\Pipeline\\Pipeline::carry():184}:185}()
#20 /home/angklung/www.angklung-udjo.co.id/vendor/laravel/framework/src/Illuminate/Session/Middleware/StartSession.php(64): Illuminate\\Session\\Middleware\\StartSession->handleStatefulRequest()
#21 /home/angklung/www.angklung-udjo.co.id/vendor/laravel/framework/src/Illuminate/Pipeline/Pipeline.php(209): Illuminate\\Session\\Middleware\\StartSession->handle()
#22 /home/angklung/www.angklung-udjo.co.id/vendor/laravel/framework/src/Illuminate/Cookie/Middleware/AddQueuedCookiesToResponse.php(37): Illuminate\\Pipeline\\Pipeline->{closure:{closure:Illuminate\\Pipeline\\Pipeline::carry():184}:185}()
#23 /home/angklung/www.angklung-udjo.co.id/vendor/laravel/framework/src/Illuminate/Pipeline/Pipeline.php(209): Illuminate\\Cookie\\Middleware\\AddQueuedCookiesToResponse->handle()
#24 /home/angklung/www.angklung-udjo.co.id/vendor/laravel/framework/src/Illuminate/Cookie/Middleware/EncryptCookies.php(75): Illuminate\\Pipeline\\Pipeline->{closure:{closure:Illuminate\\Pipeline\\Pipeline::carry():184}:185}()
#25 /home/angklung/www.angklung-udjo.co.id/vendor/laravel/framework/src/Illuminate/Pipeline/Pipeline.php(209): Illuminate\\Cookie\\Middleware\\EncryptCookies->handle()
#26 /home/angklung/www.angklung-udjo.co.id/vendor/laravel/framework/src/Illuminate/Pipeline/Pipeline.php(127): Illuminate\\Pipeline\\Pipeline->{closure:{closure:Illuminate\\Pipeline\\Pipeline::carry():184}:185}()
#27 /home/angklung/www.angklung-udjo.co.id/vendor/laravel/framework/src/Illuminate/Routing/Router.php(807): Illuminate\\Pipeline\\Pipeline->then()
#28 /home/angklung/www.angklung-udjo.co.id/vendor/laravel/framework/src/Illuminate/Routing/Router.php(786): Illuminate\\Routing\\Router->runRouteWithinStack()
#29 /home/angklung/www.angklung-udjo.co.id/vendor/laravel/framework/src/Illuminate/Routing/Router.php(750): Illuminate\\Routing\\Router->runRoute()
#30 /home/angklung/www.angklung-udjo.co.id/vendor/laravel/framework/src/Illuminate/Routing/Router.php(739): Illuminate\\Routing\\Router->dispatchToRoute()
#31 /home/angklung/www.angklung-udjo.co.id/vendor/laravel/framework/src/Illuminate/Foundation/Http/Kernel.php(201): Illuminate\\Routing\\Router->dispatch()
#32 /home/angklung/www.angklung-udjo.co.id/vendor/laravel/framework/src/Illuminate/Pipeline/Pipeline.php(170): Illuminate\\Foundation\\Http\\Kernel->{closure:Illuminate\\Foundation\\Http\\Kernel::dispatchToRouter():198}()
#33 /home/angklung/www.angklung-udjo.co.id/vendor/laravel/framework/src/Illuminate/Foundation/Http/Middleware/TransformsRequest.php(21): Illuminate\\Pipeline\\Pipeline->{closure:Illuminate\\Pipeline\\Pipeline::prepareDestination():168}()
#34 /home/angklung/www.angklung-udjo.co.id/vendor/laravel/framework/src/Illuminate/Foundation/Http/Middleware/ConvertEmptyStringsToNull.php(31): Illuminate\\Foundation\\Http\\Middleware\\TransformsRequest->handle()
#35 /home/angklung/www.angklung-udjo.co.id/vendor/laravel/framework/src/Illuminate/Pipeline/Pipeline.php(209): Illuminate\\Foundation\\Http\\Middleware\\ConvertEmptyStringsToNull->handle()
#36 /home/angklung/www.angklung-udjo.co.id/vendor/laravel/framework/src/Illuminate/Foundation/Http/Middleware/TransformsRequest.php(21): Illuminate\\Pipeline\\Pipeline->{closure:{closure:Illuminate\\Pipeline\\Pipeline::carry():184}:185}()
#37 /home/angklung/www.angklung-udjo.co.id/vendor/laravel/framework/src/Illuminate/Foundation/Http/Middleware/TrimStrings.php(51): Illuminate\\Foundation\\Http\\Middleware\\TransformsRequest->handle()
#38 /home/angklung/www.angklung-udjo.co.id/vendor/laravel/framework/src/Illuminate/Pipeline/Pipeline.php(209): Illuminate\\Foundation\\Http\\Middleware\\TrimStrings->handle()
#39 /home/angklung/www.angklung-udjo.co.id/vendor/laravel/framework/src/Illuminate/Http/Middleware/ValidatePostSize.php(27): Illuminate\\Pipeline\\Pipeline->{closure:{closure:Illuminate\\Pipeline\\Pipeline::carry():184}:185}()
#40 /home/angklung/www.angklung-udjo.co.id/vendor/laravel/framework/src/Illuminate/Pipeline/Pipeline.php(209): Illuminate\\Http\\Middleware\\ValidatePostSize->handle()
#41 /home/angklung/www.angklung-udjo.co.id/vendor/laravel/framework/src/Illuminate/Foundation/Http/Middleware/PreventRequestsDuringMaintenance.php(110): Illuminate\\Pipeline\\Pipeline->{closure:{closure:Illuminate\\Pipeline\\Pipeline::carry():184}:185}()
#42 /home/angklung/www.angklung-udjo.co.id/vendor/laravel/framework/src/Illuminate/Pipeline/Pipeline.php(209): Illuminate\\Foundation\\Http\\Middleware\\PreventRequestsDuringMaintenance->handle()
#43 /home/angklung/www.angklung-udjo.co.id/vendor/laravel/framework/src/Illuminate/Http/Middleware/HandleCors.php(49): Illuminate\\Pipeline\\Pipeline->{closure:{closure:Illuminate\\Pipeline\\Pipeline::carry():184}:185}()
#44 /home/angklung/www.angklung-udjo.co.id/vendor/laravel/framework/src/Illuminate/Pipeline/Pipeline.php(209): Illuminate\\Http\\Middleware\\HandleCors->handle()
#45 /home/angklung/www.angklung-udjo.co.id/vendor/laravel/framework/src/Illuminate/Http/Middleware/TrustProxies.php(58): Illuminate\\Pipeline\\Pipeline->{closure:{closure:Illuminate\\Pipeline\\Pipeline::carry():184}:185}()
#46 /home/angklung/www.angklung-udjo.co.id/vendor/laravel/framework/src/Illuminate/Pipeline/Pipeline.php(209): Illuminate\\Http\\Middleware\\TrustProxies->handle()
#47 /home/angklung/www.angklung-udjo.co.id/vendor/laravel/framework/src/Illuminate/Foundation/Http/Middleware/InvokeDeferredCallbacks.php(22): Illuminate\\Pipeline\\Pipeline->{closure:{closure:Illuminate\\Pipeline\\Pipeline::carry():184}:185}()
#48 /home/angklung/www.angklung-udjo.co.id/vendor/laravel/framework/src/Illuminate/Pipeline/Pipeline.php(209): Illuminate\\Foundation\\Http\\Middleware\\InvokeDeferredCallbacks->handle()
#49 /home/angklung/www.angklung-udjo.co.id/vendor/laravel/framework/src/Illuminate/Pipeline/Pipeline.php(127): Illuminate\\Pipeline\\Pipeline->{closure:{closure:Illuminate\\Pipeline\\Pipeline::carry():184}:185}()
#50 /home/angklung/www.angklung-udjo.co.id/vendor/laravel/framework/src/Illuminate/Foundation/Http/Kernel.php(176): Illuminate\\Pipeline\\Pipeline->then()
#51 /home/angklung/www.angklung-udjo.co.id/vendor/laravel/framework/src/Illuminate/Foundation/Http/Kernel.php(145): Illuminate\\Foundation\\Http\\Kernel->sendRequestThroughRouter()
#52 /home/angklung/www.angklung-udjo.co.id/vendor/laravel/framework/src/Illuminate/Foundation/Application.php(1220): Illuminate\\Foundation\\Http\\Kernel->handle()
#53 /home/angklung/www.angklung-udjo.co.id/public/index.php(20): Illuminate\\Foundation\\Application->handleRequest()
#54 {main}
"} 
[2026-06-08 11:02:02] production.INFO: Gemini response: {
  "error": {
    "code": 404,
    "message": "models/gemini-1.5-flash is not found for API version v1beta, or is not supported for generateContent. Call ModelService.ListModels to see the list of available models and their supported methods.",
    "status": "NOT_FOUND"
  }
}
  
[2026-06-08 11:03:24] production.ERROR: syntax error, unexpected identifier "GEMINI_API_KEY", expecting ")" {"exception":"[object] (ParseError(code: 0): syntax error, unexpected identifier \"GEMINI_API_KEY\", expecting \")\" at /home/angklung/www.angklung-udjo.co.id/app/Http/Controllers/ChatAIController.php:24)
[stacktrace]
#0 /home/angklung/www.angklung-udjo.co.id/vendor/composer/ClassLoader.php(427): {closure:Composer\\Autoload\\ClassLoader::initializeIncludeClosure():575}()
#1 [internal function]: Composer\\Autoload\\ClassLoader->loadClass()
#2 /home/angklung/www.angklung-udjo.co.id/vendor/laravel/framework/src/Illuminate/Routing/Route.php(1117): is_a()
#3 /home/angklung/www.angklung-udjo.co.id/vendor/laravel/framework/src/Illuminate/Routing/Route.php(1054): Illuminate\\Routing\\Route->controllerMiddleware()
#4 /home/angklung/www.angklung-udjo.co.id/vendor/laravel/framework/src/Illuminate/Routing/Router.php(820): Illuminate\\Routing\\Route->gatherMiddleware()
#5 /home/angklung/www.angklung-udjo.co.id/vendor/laravel/framework/src/Illuminate/Routing/Router.php(802): Illuminate\\Routing\\Router->gatherRouteMiddleware()
#6 /home/angklung/www.angklung-udjo.co.id/vendor/laravel/framework/src/Illuminate/Routing/Router.php(786): Illuminate\\Routing\\Router->runRouteWithinStack()
#7 /home/angklung/www.angklung-udjo.co.id/vendor/laravel/framework/src/Illuminate/Routing/Router.php(750): Illuminate\\Routing\\Router->runRoute()
#8 /home/angklung/www.angklung-udjo.co.id/vendor/laravel/framework/src/Illuminate/Routing/Router.php(739): Illuminate\\Routing\\Router->dispatchToRoute()
#9 /home/angklung/www.angklung-udjo.co.id/vendor/laravel/framework/src/Illuminate/Foundation/Http/Kernel.php(201): Illuminate\\Routing\\Router->dispatch()
#10 /home/angklung/www.angklung-udjo.co.id/vendor/laravel/framework/src/Illuminate/Pipeline/Pipeline.php(170): Illuminate\\Foundation\\Http\\Kernel->{closure:Illuminate\\Foundation\\Http\\Kernel::dispatchToRouter():198}()
#11 /home/angklung/www.angklung-udjo.co.id/vendor/laravel/framework/src/Illuminate/Foundation/Http/Middleware/TransformsRequest.php(21): Illuminate\\Pipeline\\Pipeline->{closure:Illuminate\\Pipeline\\Pipeline::prepareDestination():168}()
#12 /home/angklung/www.angklung-udjo.co.id/vendor/laravel/framework/src/Illuminate/Foundation/Http/Middleware/ConvertEmptyStringsToNull.php(31): Illuminate\\Foundation\\Http\\Middleware\\TransformsRequest->handle()
#13 /home/angklung/www.angklung-udjo.co.id/vendor/laravel/framework/src/Illuminate/Pipeline/Pipeline.php(209): Illuminate\\Foundation\\Http\\Middleware\\ConvertEmptyStringsToNull->handle()
#14 /home/angklung/www.angklung-udjo.co.id/vendor/laravel/framework/src/Illuminate/Foundation/Http/Middleware/TransformsRequest.php(21): Illuminate\\Pipeline\\Pipeline->{closure:{closure:Illuminate\\Pipeline\\Pipeline::carry():184}:185}()
#15 /home/angklung/www.angklung-udjo.co.id/vendor/laravel/framework/src/Illuminate/Foundation/Http/Middleware/TrimStrings.php(51): Illuminate\\Foundation\\Http\\Middleware\\TransformsRequest->handle()
#16 /home/angklung/www.angklung-udjo.co.id/vendor/laravel/framework/src/Illuminate/Pipeline/Pipeline.php(209): Illuminate\\Foundation\\Http\\Middleware\\TrimStrings->handle()
#17 /home/angklung/www.angklung-udjo.co.id/vendor/laravel/framework/src/Illuminate/Http/Middleware/ValidatePostSize.php(27): Illuminate\\Pipeline\\Pipeline->{closure:{closure:Illuminate\\Pipeline\\Pipeline::carry():184}:185}()
#18 /home/angklung/www.angklung-udjo.co.id/vendor/laravel/framework/src/Illuminate/Pipeline/Pipeline.php(209): Illuminate\\Http\\Middleware\\ValidatePostSize->handle()
#19 /home/angklung/www.angklung-udjo.co.id/vendor/laravel/framework/src/Illuminate/Foundation/Http/Middleware/PreventRequestsDuringMaintenance.php(110): Illuminate\\Pipeline\\Pipeline->{closure:{closure:Illuminate\\Pipeline\\Pipeline::carry():184}:185}()
#20 /home/angklung/www.angklung-udjo.co.id/vendor/laravel/framework/src/Illuminate/Pipeline/Pipeline.php(209): Illuminate\\Foundation\\Http\\Middleware\\PreventRequestsDuringMaintenance->handle()
#21 /home/angklung/www.angklung-udjo.co.id/vendor/laravel/framework/src/Illuminate/Http/Middleware/HandleCors.php(49): Illuminate\\Pipeline\\Pipeline->{closure:{closure:Illuminate\\Pipeline\\Pipeline::carry():184}:185}()
#22 /home/angklung/www.angklung-udjo.co.id/vendor/laravel/framework/src/Illuminate/Pipeline/Pipeline.php(209): Illuminate\\Http\\Middleware\\HandleCors->handle()
#23 /home/angklung/www.angklung-udjo.co.id/vendor/laravel/framework/src/Illuminate/Http/Middleware/TrustProxies.php(58): Illuminate\\Pipeline\\Pipeline->{closure:{closure:Illuminate\\Pipeline\\Pipeline::carry():184}:185}()
#24 /home/angklung/www.angklung-udjo.co.id/vendor/laravel/framework/src/Illuminate/Pipeline/Pipeline.php(209): Illuminate\\Http\\Middleware\\TrustProxies->handle()
#25 /home/angklung/www.angklung-udjo.co.id/vendor/laravel/framework/src/Illuminate/Foundation/Http/Middleware/InvokeDeferredCallbacks.php(22): Illuminate\\Pipeline\\Pipeline->{closure:{closure:Illuminate\\Pipeline\\Pipeline::carry():184}:185}()
#26 /home/angklung/www.angklung-udjo.co.id/vendor/laravel/framework/src/Illuminate/Pipeline/Pipeline.php(209): Illuminate\\Foundation\\Http\\Middleware\\InvokeDeferredCallbacks->handle()
#27 /home/angklung/www.angklung-udjo.co.id/vendor/laravel/framework/src/Illuminate/Pipeline/Pipeline.php(127): Illuminate\\Pipeline\\Pipeline->{closure:{closure:Illuminate\\Pipeline\\Pipeline::carry():184}:185}()
#28 /home/angklung/www.angklung-udjo.co.id/vendor/laravel/framework/src/Illuminate/Foundation/Http/Kernel.php(176): Illuminate\\Pipeline\\Pipeline->then()
#29 /home/angklung/www.angklung-udjo.co.id/vendor/laravel/framework/src/Illuminate/Foundation/Http/Kernel.php(145): Illuminate\\Foundation\\Http\\Kernel->sendRequestThroughRouter()
#30 /home/angklung/www.angklung-udjo.co.id/vendor/laravel/framework/src/Illuminate/Foundation/Application.php(1220): Illuminate\\Foundation\\Http\\Kernel->handle()
#31 /home/angklung/www.angklung-udjo.co.id/public/index.php(20): Illuminate\\Foundation\\Application->handleRequest()
#32 {main}
"} 
[2026-06-08 11:04:47] production.INFO: Gemini response: {
  "error": {
    "code": 429,
    "message": "You exceeded your current quota, please check your plan and billing details. For more information on this error, head to: https://ai.google.dev/gemini-api/docs/rate-limits. To monitor your current usage, head to: https://ai.dev/rate-limit. \n* Quota exceeded for metric: generativelanguage.googleapis.com/generate_content_free_tier_input_token_count, limit: 0, model: gemini-2.0-flash\n* Quota exceeded for metric: generativelanguage.googleapis.com/generate_content_free_tier_requests, limit: 0, model: gemini-2.0-flash\n* Quota exceeded for metric: generativelanguage.googleapis.com/generate_content_free_tier_requests, limit: 0, model: gemini-2.0-flash\nPlease retry in 12.383908846s.",
    "status": "RESOURCE_EXHAUSTED",
    "details": [
      {
        "@type": "type.googleapis.com/google.rpc.Help",
        "links": [
          {
            "description": "Learn more about Gemini API quotas",
            "url": "https://ai.google.dev/gemini-api/docs/rate-limits"
          }
        ]
      },
      {
        "@type": "type.googleapis.com/google.rpc.QuotaFailure",
        "violations": [
          {
            "quotaMetric": "generativelanguage.googleapis.com/generate_content_free_tier_input_token_count",
            "quotaId": "GenerateContentInputTokensPerModelPerMinute-FreeTier",
            "quotaDimensions": {
              "location": "global",
              "model": "gemini-2.0-flash"
            }
          },
          {
            "quotaMetric": "generativelanguage.googleapis.com/generate_content_free_tier_requests",
            "quotaId": "GenerateRequestsPerMinutePerProjectPerModel-FreeTier",
            "quotaDimensions": {
              "location": "global",
              "model": "gemini-2.0-flash"
            }
          },
          {
            "quotaMetric": "generativelanguage.googleapis.com/generate_content_free_tier_requests",
            "quotaId": "GenerateRequestsPerDayPerProjectPerModel-FreeTier",
            "quotaDimensions": {
              "location": "global",
              "model": "gemini-2.0-flash"
            }
          }
        ]
      },
      {
        "@type": "type.googleapis.com/google.rpc.RetryInfo",
        "retryDelay": "12s"
      }
    ]
  }
}
  
[2026-06-08 11:05:58] production.INFO: Gemini response: {
  "error": {
    "code": 400,
    "message": "API key not valid. Please pass a valid API key.",
    "status": "INVALID_ARGUMENT",
    "details": [
      {
        "@type": "type.googleapis.com/google.rpc.ErrorInfo",
        "reason": "API_KEY_INVALID",
        "domain": "googleapis.com",
        "metadata": {
          "service": "generativelanguage.googleapis.com"
        }
      },
      {
        "@type": "type.googleapis.com/google.rpc.LocalizedMessage",
        "locale": "en-US",
        "message": "API key not valid. Please pass a valid API key."
      }
    ]
  }
}
  
[2026-06-08 11:07:35] production.INFO: Gemini response: {
  "error": {
    "code": 400,
    "message": "API key not valid. Please pass a valid API key.",
    "status": "INVALID_ARGUMENT",
    "details": [
      {
        "@type": "type.googleapis.com/google.rpc.ErrorInfo",
        "reason": "API_KEY_INVALID",
        "domain": "googleapis.com",
        "metadata": {
          "service": "generativelanguage.googleapis.com"
        }
      },
      {
        "@type": "type.googleapis.com/google.rpc.LocalizedMessage",
        "locale": "en-US",
        "message": "API key not valid. Please pass a valid API key."
      }
    ]
  }
}
  
[2026-06-08 11:11:22] production.INFO: Gemini response: {
  "error": {
    "code": 400,
    "message": "API key not valid. Please pass a valid API key.",
    "status": "INVALID_ARGUMENT",
    "details": [
      {
        "@type": "type.googleapis.com/google.rpc.ErrorInfo",
        "reason": "API_KEY_INVALID",
        "domain": "googleapis.com",
        "metadata": {
          "service": "generativelanguage.googleapis.com"
        }
      },
      {
        "@type": "type.googleapis.com/google.rpc.LocalizedMessage",
        "locale": "en-US",
        "message": "API key not valid. Please pass a valid API key."
      }
    ]
  }
}
  
[2026-06-08 11:15:11] production.INFO: Gemini response: {
  "error": {
    "code": 400,
    "message": "API key not valid. Please pass a valid API key.",
    "status": "INVALID_ARGUMENT",
    "details": [
      {
        "@type": "type.googleapis.com/google.rpc.ErrorInfo",
        "reason": "API_KEY_INVALID",
        "domain": "googleapis.com",
        "metadata": {
          "service": "generativelanguage.googleapis.com"
        }
      },
      {
        "@type": "type.googleapis.com/google.rpc.LocalizedMessage",
        "locale": "en-US",
        "message": "API key not valid. Please pass a valid API key."
      }
    ]
  }
}
  
[2026-06-08 11:15:14] production.INFO: Gemini response: {
  "error": {
    "code": 400,
    "message": "API key not valid. Please pass a valid API key.",
    "status": "INVALID_ARGUMENT",
    "details": [
      {
        "@type": "type.googleapis.com/google.rpc.ErrorInfo",
        "reason": "API_KEY_INVALID",
        "domain": "googleapis.com",
        "metadata": {
          "service": "generativelanguage.googleapis.com"
        }
      },
      {
        "@type": "type.googleapis.com/google.rpc.LocalizedMessage",
        "locale": "en-US",
        "message": "API key not valid. Please pass a valid API key."
      }
    ]
  }
}
  
[2026-06-08 11:15:14] production.INFO: Gemini response: {
  "error": {
    "code": 400,
    "message": "API key not valid. Please pass a valid API key.",
    "status": "INVALID_ARGUMENT",
    "details": [
      {
        "@type": "type.googleapis.com/google.rpc.ErrorInfo",
        "reason": "API_KEY_INVALID",
        "domain": "googleapis.com",
        "metadata": {
          "service": "generativelanguage.googleapis.com"
        }
      },
      {
        "@type": "type.googleapis.com/google.rpc.LocalizedMessage",
        "locale": "en-US",
        "message": "API key not valid. Please pass a valid API key."
      }
    ]
  }
}
  
[2026-06-08 11:15:15] production.INFO: Gemini response: {
  "error": {
    "code": 400,
    "message": "API key not valid. Please pass a valid API key.",
    "status": "INVALID_ARGUMENT",
    "details": [
      {
        "@type": "type.googleapis.com/google.rpc.ErrorInfo",
        "reason": "API_KEY_INVALID",
        "domain": "googleapis.com",
        "metadata": {
          "service": "generativelanguage.googleapis.com"
        }
      },
      {
        "@type": "type.googleapis.com/google.rpc.LocalizedMessage",
        "locale": "en-US",
        "message": "API key not valid. Please pass a valid API key."
      }
    ]
  }
}
  
[2026-06-08 11:15:15] production.INFO: Gemini response: {
  "error": {
    "code": 400,
    "message": "API key not valid. Please pass a valid API key.",
    "status": "INVALID_ARGUMENT",
    "details": [
      {
        "@type": "type.googleapis.com/google.rpc.ErrorInfo",
        "reason": "API_KEY_INVALID",
        "domain": "googleapis.com",
        "metadata": {
          "service": "generativelanguage.googleapis.com"
        }
      },
      {
        "@type": "type.googleapis.com/google.rpc.LocalizedMessage",
        "locale": "en-US",
        "message": "API key not valid. Please pass a valid API key."
      }
    ]
  }
}
  
[2026-06-08 11:15:16] production.INFO: Gemini response: {
  "error": {
    "code": 400,
    "message": "API key not valid. Please pass a valid API key.",
    "status": "INVALID_ARGUMENT",
    "details": [
      {
        "@type": "type.googleapis.com/google.rpc.ErrorInfo",
        "reason": "API_KEY_INVALID",
        "domain": "googleapis.com",
        "metadata": {
          "service": "generativelanguage.googleapis.com"
        }
      },
      {
        "@type": "type.googleapis.com/google.rpc.LocalizedMessage",
        "locale": "en-US",
        "message": "API key not valid. Please pass a valid API key."
      }
    ]
  }
}
  
[2026-06-08 11:16:53] production.INFO: Gemini response: {
  "error": {
    "code": 400,
    "message": "API key not valid. Please pass a valid API key.",
    "status": "INVALID_ARGUMENT",
    "details": [
      {
        "@type": "type.googleapis.com/google.rpc.ErrorInfo",
        "reason": "API_KEY_INVALID",
        "domain": "googleapis.com",
        "metadata": {
          "service": "generativelanguage.googleapis.com"
        }
      },
      {
        "@type": "type.googleapis.com/google.rpc.LocalizedMessage",
        "locale": "en-US",
        "message": "API key not valid. Please pass a valid API key."
      }
    ]
  }
}
  
[2026-06-08 11:18:51] production.INFO: Gemini response: {
  "error": {
    "code": 400,
    "message": "API key not valid. Please pass a valid API key.",
    "status": "INVALID_ARGUMENT",
    "details": [
      {
        "@type": "type.googleapis.com/google.rpc.ErrorInfo",
        "reason": "API_KEY_INVALID",
        "domain": "googleapis.com",
        "metadata": {
          "service": "generativelanguage.googleapis.com"
        }
      },
      {
        "@type": "type.googleapis.com/google.rpc.LocalizedMessage",
        "locale": "en-US",
        "message": "API key not valid. Please pass a valid API key."
      }
    ]
  }
}
  
[2026-06-08 11:27:53] production.INFO: Groq response: {"id":"chatcmpl-46c18670-adfb-450e-a4c6-bcfc30fb08a6","object":"chat.completion","created":1780892873,"model":"llama-3.1-8b-instant","choices":[{"index":0,"message":{"role":"assistant","content":"Silakan bertanya! Saya ada di sini untuk membantu. Apakah Anda punya pertanyaan tentang Saung Angklung Udjo?"},"logprobs":null,"finish_reason":"stop"}],"usage":{"queue_time":0.157714935,"prompt_tokens":223,"prompt_time":0.012934343,"completion_tokens":33,"completion_time":0.053476974,"total_tokens":256,"total_time":0.066411317},"usage_breakdown":null,"system_fingerprint":"fp_7ccc667439","x_groq":{"id":"req_01ktjqscx8e5yss96dbv076xw9","seed":1072476974},"service_tier":"on_demand"}
  
[2026-06-08 11:28:09] production.INFO: Groq response: {"id":"chatcmpl-6846e437-64ec-4d2f-8334-ac8659830bb4","object":"chat.completion","created":1780892889,"model":"llama-3.1-8b-instant","choices":[{"index":0,"message":{"role":"assistant","content":"Selamat datang di Saung Angklung Udjo!\n\nUntuk pesan tiket, silakan lakukan langkah-langkah berikut:\n\n1. **Kunjungi website kami**: www.angklung-udjo.co.id\n2. **Pilih tanggal dan waktu pertunjukan** sesuai dengan jadwal yang tersedia\n3. **Pilih jenis tiket** (anak atau dewasa) dan jumlah peserta\n4. **Isi informasi pribadi** (nama, alamat email, dan nomor telepon)\n5. **Cek dan konfirmasi** informasi pemesanan Anda\n6. **Lakukan pembayaran online** melalui metode yang tersedia (saldo, kartu kredit, dll.)\n\nJika Anda mengalami kesulitan dalam proses pemesanan online, silakan hubungi kami melalui telepon di 022-7394-120 untuk bantuan lebih lanjut.\n\nTerima kasih telah memilih Saung Angklung Udjo sebagai destinasi wisata Anda!"},"logprobs":null,"finish_reason":"stop"}],"usage":{"queue_time":0.054013397,"prompt_tokens":231,"prompt_time":0.163691341,"completion_tokens":228,"completion_time":0.354391402,"total_tokens":459,"total_time":0.518082743},"usage_breakdown":null,"system_fingerprint":"fp_4387d3edbb","x_groq":{"id":"req_01ktjqsw52ew8rr1bnnb51ed2f","seed":148431066},"service_tier":"on_demand"}
  
[2026-06-08 11:32:12] production.INFO: Groq response: {"id":"chatcmpl-e4faada9-032c-4875-9e90-c9a5ec9b1a44","object":"chat.completion","created":1780893132,"model":"llama-3.1-8b-instant","choices":[{"index":0,"message":{"role":"assistant","content":"Selamat datang di Saung Angklung Udjo! Apa yang ingin kamu lakukan hari ini? Ingin tahu jadwal pertunjukan atau informasi lainnya tentang kami?"},"logprobs":null,"finish_reason":"stop"}],"usage":{"queue_time":0.052179564,"prompt_tokens":223,"prompt_time":0.013962295,"completion_tokens":42,"completion_time":0.0805161,"total_tokens":265,"total_time":0.094478395},"usage_breakdown":null,"system_fingerprint":"fp_4387d3edbb","x_groq":{"id":"req_01ktjr19ckf0av15g3wq29je91","seed":448350091},"service_tier":"on_demand"}
  
[2026-06-08 11:35:20] production.INFO: Groq response: {"id":"chatcmpl-22a794df-0aaa-49a6-af8f-b4814087321b","object":"chat.completion","created":1780893320,"model":"llama-3.1-8b-instant","choices":[{"index":0,"message":{"role":"assistant","content":"Selamat datang di Saung Angklung Udjo!\n\nBerikut beberapa informasi yang mungkin kamu butuhkan:\n\n* **Jadwal Pertunjukan**: Setiap hari pukul 15:30 WIB (Indoor) dan Sabtu pukul 16:00 WIB. \n* **Harga Tiket**: Mulai dari Rp 60.000 (anak) dan Rp 80.000 (dewasa).\n* **Lokasi**: Jl. Padasuka No.118, Bandung.\n* **Jam Buka**: 08:00 - 17:00 setiap hari.\n* **Pertunjukan**: Angklung, Wayang Golek, dan Tari Tradisional Sunda.\n* **Pemesanan**: Melalui website kami di angklung-udjo.co.id.\n\nKami sangat bersemangat untuk menyambutmu dan memberikan pertunjukan yang menarik."},"logprobs":null,"finish_reason":"stop"}],"usage":{"queue_time":0.052838084,"prompt_tokens":224,"prompt_time":0.014953885,"completion_tokens":204,"completion_time":0.259006067,"total_tokens":428,"total_time":0.273959952},"usage_breakdown":null,"system_fingerprint":"fp_4387d3edbb","x_groq":{"id":"req_01ktjr71b0eahabxz1ne8dgpam","seed":314996260},"service_tier":"on_demand"}
  
[2026-06-08 11:35:32] production.INFO: Groq response: {"id":"chatcmpl-bf41b8f9-9b19-4cfe-8f41-19ad3b0731dd","object":"chat.completion","created":1780893332,"model":"llama-3.1-8b-instant","choices":[{"index":0,"message":{"role":"assistant","content":"Selamat datang di Saung Angklung Udjo!\n\nYa, saya dapat membantu Anda dalam Bahasa Inggris. Berikut adalah informasi yang Anda butuhkan:\n\n**Schedule:** \n- Daily at 15:30 WIB (Indoor)\n- Saturday at 16:00 WIB\n\n**Ticket Price:**\n- Children: IDR 60,000 (approximately USD 4)\n- Adults: IDR 80,000 (approximately USD 5.50)\n\n**Location:**\n- Jl. Padasuka No.118, Bandung\n\n**Operating Hours:**\n- Everyday from 08:00 to 17:00\n\n**Performance:**\n- Angklung\n- Wayang Golek\n- Traditional Sundanese Dance\n\n**Booking:**\n- Through our website at angklung-udjo.co.id\n\nMohon hubungi kami apabila Anda mempunyai pertanyaan lebih lanjut. Saya senang membantu!"},"logprobs":null,"finish_reason":"stop"}],"usage":{"queue_time":0.175040004,"prompt_tokens":227,"prompt_time":0.014463885,"completion_tokens":206,"completion_time":0.345043849,"total_tokens":433,"total_time":0.359507734},"usage_breakdown":null,"system_fingerprint":"fp_7ccc667439","x_groq":{"id":"req_01ktjr7c2hfmxrb42cp5m1xt57","seed":1816925367},"service_tier":"on_demand"}
  
[2026-06-08 11:38:34] production.INFO: Groq response: {"id":"chatcmpl-250327a6-e08d-4333-8f6b-1f5adb5f747e","object":"chat.completion","created":1780893514,"model":"llama-3.1-8b-instant","choices":[{"index":0,"message":{"role":"assistant","content":"Selamat datang di Saung Angklung Udjo! Saya senang membantu Anda. Apakah Anda ingin tahu lebih banyak tentang jadwal pertunjukan, harga tiket, atau informasi lainnya?"},"logprobs":null,"finish_reason":"stop"}],"usage":{"queue_time":0.289292565,"prompt_tokens":220,"prompt_time":0.13710595,"completion_tokens":48,"completion_time":0.064385116,"total_tokens":268,"total_time":0.201491066},"usage_breakdown":null,"system_fingerprint":"fp_4387d3edbb","x_groq":{"id":"req_01ktjrcyewe4va1ppxp654fqga","seed":929266543},"service_tier":"on_demand"}
  
[2026-06-08 11:41:20] production.INFO: Groq response: {"id":"chatcmpl-fbd038f8-fbc6-4a07-88ab-fdb03340efdf","object":"chat.completion","created":1780893680,"model":"llama-3.1-8b-instant","choices":[{"index":0,"message":{"role":"assistant","content":"Selamat datang di Saung Angklung Udjo! Saya adalah asisten virtualnya, disini untuk membantu kamu dengan informasi dan jawaban pertanyaan seputar Saung Angklung Udjo. Apa yang kamu cari tahu?"},"logprobs":null,"finish_reason":"stop"}],"usage":{"queue_time":0.057516297,"prompt_tokens":224,"prompt_time":0.017974712,"completion_tokens":57,"completion_time":0.091846578,"total_tokens":281,"total_time":0.10982129},"usage_breakdown":null,"system_fingerprint":"fp_4387d3edbb","x_groq":{"id":"req_01ktjrj12cfaeah1vwyva00fn8","seed":313447782},"service_tier":"on_demand"}
  
[2026-06-08 11:52:43] production.INFO: Groq response: {"id":"chatcmpl-c924d1df-b71c-48fb-84ff-1a5864805d42","object":"chat.completion","created":1780894363,"model":"llama-3.1-8b-instant","choices":[{"index":0,"message":{"role":"assistant","content":"Selamat datang di Saung Angklung Udjo! Kami senang bisa membantu Anda. Apa yang Anda cari informasi tentang Saung Angklung Udjo?"},"logprobs":null,"finish_reason":"stop"}],"usage":{"queue_time":0.052767336,"prompt_tokens":220,"prompt_time":0.032345072,"completion_tokens":39,"completion_time":0.169723926,"total_tokens":259,"total_time":0.202068998},"usage_breakdown":null,"system_fingerprint":"fp_4387d3edbb","x_groq":{"id":"req_01ktjs6vbaetxa8n5rhbmqs1b9","seed":1206608610},"service_tier":"on_demand"}
  
[2026-06-08 13:01:06] production.INFO: Groq response: {"id":"chatcmpl-280da97e-3c82-4eae-b17a-5ef293d71490","object":"chat.completion","created":1780898466,"model":"llama-3.1-8b-instant","choices":[{"index":0,"message":{"role":"assistant","content":"Selamat datang di Saung Angklung Udjo! Bagaimana saya bisa membantu Anda hari ini? Ingin tahu tentang jadwal pertunjukan, harga tiket, atau lokasi kami?"},"logprobs":null,"finish_reason":"stop"}],"usage":{"queue_time":0.047299335,"prompt_tokens":220,"prompt_time":0.014862005,"completion_tokens":46,"completion_time":0.066477,"total_tokens":266,"total_time":0.081339005},"usage_breakdown":null,"system_fingerprint":"fp_4387d3edbb","x_groq":{"id":"req_01ktjx425kfkwtp39wxxdcp2g9","seed":1028079105},"service_tier":"on_demand"}
  
[2026-06-08 13:01:13] production.INFO: Groq response: {"id":"chatcmpl-e99d66aa-b12b-43a1-ad34-ba4519a24ec7","object":"chat.completion","created":1780898473,"model":"llama-3.1-8b-instant","choices":[{"index":0,"message":{"role":"assistant","content":"Halo! Kami Saung Angklung Udjo, rumah sastra dan budaya tradisional Sunda. Berikut adalah jadwal pertunjukan kami:\n\n - Setiap hari: 15.30 WIB (Pertunjukan Indoor)\n - Sabtu: 16.00 WIB (Pertunjukan Indoor)\n\nKami juga membuka untuk kunjungan di luar pertunjukan. Jadi, kapan pun Anda ingin mengunjungi kita, Anda selalu dapat!\n\nJam buka kami adalah 08.00 - 17.00 setiap hari. Kami juga menerima pemesanan melalui website angklung-udjo.co.id.\n\nMohon hubungi kami jika Anda memiliki pertanyaan atau kebutuhan lebih lanjut. Kami siap membantu!"},"logprobs":null,"finish_reason":"stop"}],"usage":{"queue_time":0.05152414,"prompt_tokens":224,"prompt_time":0.01408213,"completion_tokens":170,"completion_time":0.517984812,"total_tokens":394,"total_time":0.532066942},"usage_breakdown":null,"system_fingerprint":"fp_4387d3edbb","x_groq":{"id":"req_01ktjx493ffjvvrr2jz4xsvr4c","seed":330579771},"service_tier":"on_demand"}
  
[2026-06-08 13:01:15] production.INFO: Groq response: {"id":"chatcmpl-94110416-0e0b-4ffd-9c54-0bda3541ae9a","object":"chat.completion","created":1780898475,"model":"llama-3.1-8b-instant","choices":[{"index":0,"message":{"role":"assistant","content":"Selamat datang di Saung Angklung Udjo! Kami senang kamu berkunjung ke sini.\n\nJadwal pertunjukan kami adalah sebagai berikut:\n\n- Seluruh hari: 15:30 WIB (Indoor)\n- Sabtu: 16:00 WIB\n\nKami menawarkan berbagai pertunjukan menarik, seperti angklung, wayang golek, dan tari tradisional Sunda. Yuk, jadikan hari ini menjadi hari yang berkesan dengan mengunjungi kami!"},"logprobs":null,"finish_reason":"stop"}],"usage":{"queue_time":0.051652054,"prompt_tokens":224,"prompt_time":0.013900695,"completion_tokens":116,"completion_time":0.171059726,"total_tokens":340,"total_time":0.184960421},"usage_breakdown":null,"system_fingerprint":"fp_4387d3edbb","x_groq":{"id":"req_01ktjx4arhfn7a1393m18zj5xq","seed":924519640},"service_tier":"on_demand"}
  
[2026-06-08 13:01:16] production.INFO: Groq response: {"id":"chatcmpl-ade65cc1-f1c2-4784-baee-fc283bc22faf","object":"chat.completion","created":1780898476,"model":"llama-3.1-8b-instant","choices":[{"index":0,"message":{"role":"assistant","content":"Selamat datang di Saung Angklung Udjo!\n\nHarga tiket kita mulai dari Rp 60.000 (anak) dan Rp 80.000 (dewasa). Apakah Anda ingin mencetak tiket Anda secara digital atau melalui kantor kami?"},"logprobs":null,"finish_reason":"stop"}],"usage":{"queue_time":0.048536231,"prompt_tokens":227,"prompt_time":0.103907218,"completion_tokens":61,"completion_time":0.105921818,"total_tokens":288,"total_time":0.209829036},"usage_breakdown":null,"system_fingerprint":"fp_4387d3edbb","x_groq":{"id":"req_01ktjx4c6bfkcb33nfp0p6erxp","seed":873681407},"service_tier":"on_demand"}
  
[2026-06-08 13:01:19] production.INFO: Groq response: {"id":"chatcmpl-8a7187a8-5236-47c4-a769-dc7d299dd4e1","object":"chat.completion","created":1780898479,"model":"llama-3.1-8b-instant","choices":[{"index":0,"message":{"role":"assistant","content":"Selamat datang di Saung Angklung Udjo! Lokasi kami terletak di Jl. Padasuka No.118, Bandung. Kami dapat kamu jumpai di sana dan menikmati pertunjukan angklung, wayang golek, dan tari tradisional Sunda."},"logprobs":null,"finish_reason":"stop"}],"usage":{"queue_time":0.080504916,"prompt_tokens":223,"prompt_time":0.021278068,"completion_tokens":67,"completion_time":0.471462705,"total_tokens":290,"total_time":0.492740773},"usage_breakdown":null,"system_fingerprint":"fp_4387d3edbb","x_groq":{"id":"req_01ktjx4em5f24bpf7dx9a96gr2","seed":883789905},"service_tier":"on_demand"}
  
[2026-06-08 13:01:21] production.INFO: Groq response: {"id":"chatcmpl-8fbb0943-8968-4167-a3bc-08900f4aa730","object":"chat.completion","created":1780898481,"model":"llama-3.1-8b-instant","choices":[{"index":0,"message":{"role":"assistant","content":"Selamat datang di Saung Angklung Udjo! 👋\n\nKami memiliki berbagai jenis angklung yang bisa kamu beli sebagai kenang-kenangan. Harga angklung kami mulai dari Rp 500.000, dan bisa dicuci untuk menjaga kebersihannya.\n\nUntuk informasi lebih lanjut dan booking, kamu bisa mengikuti langkah-langkah berikut:\n\n1. Kunjungi website kami di angklung-udjo.co.id.\n2. Pilih type angklung yang kamu ingin beli.\n3. Pilih jumlah angklung yang kamu inginkan.\n4. Lakukan pembayaran dengan metode yang tersedia.\n5. Pilih tanggal dan jam untuk dikunjungi untuk mengambil angklungmu.\n\nKami juga menawarkan pengalaman unik dengan mendengarkan musik angklung yang dibacakan langsung oleh pemain. 🎶\n\nJangan ragu untuk menghubungi kami jika kamu memiliki pertanyaan lebih lanjut. Kami siap membantu!\n\nSelamat berbelanja! 😊"},"logprobs":null,"finish_reason":"stop"}],"usage":{"queue_time":0.052389177,"prompt_tokens":227,"prompt_time":0.020257648,"completion_tokens":233,"completion_time":0.558499218,"total_tokens":460,"total_time":0.578756866},"usage_breakdown":null,"system_fingerprint":"fp_4387d3edbb","x_groq":{"id":"req_01ktjx4h2af2f9q0ptp93xe3p7","seed":1748599420},"service_tier":"on_demand"}
  
[2026-06-08 13:12:20] production.ERROR: View [privacy-policy] not found. {"exception":"[object] (InvalidArgumentException(code: 0): View [privacy-policy] not found. at /home/angklung/www.angklung-udjo.co.id/vendor/laravel/framework/src/Illuminate/View/FileViewFinder.php:139)
[stacktrace]
#0 /home/angklung/www.angklung-udjo.co.id/vendor/laravel/framework/src/Illuminate/View/FileViewFinder.php(79): Illuminate\\View\\FileViewFinder->findInPaths()
#1 /home/angklung/www.angklung-udjo.co.id/vendor/laravel/framework/src/Illuminate/View/Factory.php(151): Illuminate\\View\\FileViewFinder->find()
#2 /home/angklung/www.angklung-udjo.co.id/vendor/laravel/framework/src/Illuminate/Foundation/helpers.php(1062): Illuminate\\View\\Factory->make()
#3 /home/angklung/www.angklung-udjo.co.id/routes/web.php(128): view()
#4 /home/angklung/www.angklung-udjo.co.id/vendor/laravel/framework/src/Illuminate/Routing/CallableDispatcher.php(40): Illuminate\\Routing\\RouteFileRegistrar->{closure:/home/angklung/www.angklung-udjo.co.id/routes/web.php:128}()
#5 /home/angklung/www.angklung-udjo.co.id/vendor/laravel/framework/src/Illuminate/Routing/Route.php(244): Illuminate\\Routing\\CallableDispatcher->dispatch()
#6 /home/angklung/www.angklung-udjo.co.id/vendor/laravel/framework/src/Illuminate/Routing/Route.php(215): Illuminate\\Routing\\Route->runCallable()
#7 /home/angklung/www.angklung-udjo.co.id/vendor/laravel/framework/src/Illuminate/Routing/Router.php(808): Illuminate\\Routing\\Route->run()
#8 /home/angklung/www.angklung-udjo.co.id/vendor/laravel/framework/src/Illuminate/Pipeline/Pipeline.php(170): Illuminate\\Routing\\Router->{closure:Illuminate\\Routing\\Router::runRouteWithinStack():807}()
#9 /home/angklung/www.angklung-udjo.co.id/app/Http/Middleware/SecurityHeaders.php(11): Illuminate\\Pipeline\\Pipeline->{closure:Illuminate\\Pipeline\\Pipeline::prepareDestination():168}()
#10 /home/angklung/www.angklung-udjo.co.id/vendor/laravel/framework/src/Illuminate/Pipeline/Pipeline.php(209): App\\Http\\Middleware\\SecurityHeaders->handle()
#11 /home/angklung/www.angklung-udjo.co.id/app/Http/Middleware/SetLocale.php(26): Illuminate\\Pipeline\\Pipeline->{closure:{closure:Illuminate\\Pipeline\\Pipeline::carry():184}:185}()
#12 /home/angklung/www.angklung-udjo.co.id/vendor/laravel/framework/src/Illuminate/Pipeline/Pipeline.php(209): App\\Http\\Middleware\\SetLocale->handle()
#13 /home/angklung/www.angklung-udjo.co.id/vendor/laravel/framework/src/Illuminate/Routing/Middleware/SubstituteBindings.php(51): Illuminate\\Pipeline\\Pipeline->{closure:{closure:Illuminate\\Pipeline\\Pipeline::carry():184}:185}()
#14 /home/angklung/www.angklung-udjo.co.id/vendor/laravel/framework/src/Illuminate/Pipeline/Pipeline.php(209): Illuminate\\Routing\\Middleware\\SubstituteBindings->handle()
#15 /home/angklung/www.angklung-udjo.co.id/vendor/laravel/framework/src/Illuminate/Foundation/Http/Middleware/VerifyCsrfToken.php(88): Illuminate\\Pipeline\\Pipeline->{closure:{closure:Illuminate\\Pipeline\\Pipeline::carry():184}:185}()
#16 /home/angklung/www.angklung-udjo.co.id/vendor/laravel/framework/src/Illuminate/Pipeline/Pipeline.php(209): Illuminate\\Foundation\\Http\\Middleware\\VerifyCsrfToken->handle()
#17 /home/angklung/www.angklung-udjo.co.id/vendor/laravel/framework/src/Illuminate/View/Middleware/ShareErrorsFromSession.php(49): Illuminate\\Pipeline\\Pipeline->{closure:{closure:Illuminate\\Pipeline\\Pipeline::carry():184}:185}()
#18 /home/angklung/www.angklung-udjo.co.id/vendor/laravel/framework/src/Illuminate/Pipeline/Pipeline.php(209): Illuminate\\View\\Middleware\\ShareErrorsFromSession->handle()
#19 /home/angklung/www.angklung-udjo.co.id/vendor/laravel/framework/src/Illuminate/Session/Middleware/StartSession.php(121): Illuminate\\Pipeline\\Pipeline->{closure:{closure:Illuminate\\Pipeline\\Pipeline::carry():184}:185}()
#20 /home/angklung/www.angklung-udjo.co.id/vendor/laravel/framework/src/Illuminate/Session/Middleware/StartSession.php(64): Illuminate\\Session\\Middleware\\StartSession->handleStatefulRequest()
#21 /home/angklung/www.angklung-udjo.co.id/vendor/laravel/framework/src/Illuminate/Pipeline/Pipeline.php(209): Illuminate\\Session\\Middleware\\StartSession->handle()
#22 /home/angklung/www.angklung-udjo.co.id/vendor/laravel/framework/src/Illuminate/Cookie/Middleware/AddQueuedCookiesToResponse.php(37): Illuminate\\Pipeline\\Pipeline->{closure:{closure:Illuminate\\Pipeline\\Pipeline::carry():184}:185}()
#23 /home/angklung/www.angklung-udjo.co.id/vendor/laravel/framework/src/Illuminate/Pipeline/Pipeline.php(209): Illuminate\\Cookie\\Middleware\\AddQueuedCookiesToResponse->handle()
#24 /home/angklung/www.angklung-udjo.co.id/vendor/laravel/framework/src/Illuminate/Cookie/Middleware/EncryptCookies.php(75): Illuminate\\Pipeline\\Pipeline->{closure:{closure:Illuminate\\Pipeline\\Pipeline::carry():184}:185}()
#25 /home/angklung/www.angklung-udjo.co.id/vendor/laravel/framework/src/Illuminate/Pipeline/Pipeline.php(209): Illuminate\\Cookie\\Middleware\\EncryptCookies->handle()
#26 /home/angklung/www.angklung-udjo.co.id/vendor/laravel/framework/src/Illuminate/Pipeline/Pipeline.php(127): Illuminate\\Pipeline\\Pipeline->{closure:{closure:Illuminate\\Pipeline\\Pipeline::carry():184}:185}()
#27 /home/angklung/www.angklung-udjo.co.id/vendor/laravel/framework/src/Illuminate/Routing/Router.php(807): Illuminate\\Pipeline\\Pipeline->then()
#28 /home/angklung/www.angklung-udjo.co.id/vendor/laravel/framework/src/Illuminate/Routing/Router.php(786): Illuminate\\Routing\\Router->runRouteWithinStack()
#29 /home/angklung/www.angklung-udjo.co.id/vendor/laravel/framework/src/Illuminate/Routing/Router.php(750): Illuminate\\Routing\\Router->runRoute()
#30 /home/angklung/www.angklung-udjo.co.id/vendor/laravel/framework/src/Illuminate/Routing/Router.php(739): Illuminate\\Routing\\Router->dispatchToRoute()
#31 /home/angklung/www.angklung-udjo.co.id/vendor/laravel/framework/src/Illuminate/Foundation/Http/Kernel.php(201): Illuminate\\Routing\\Router->dispatch()
#32 /home/angklung/www.angklung-udjo.co.id/vendor/laravel/framework/src/Illuminate/Pipeline/Pipeline.php(170): Illuminate\\Foundation\\Http\\Kernel->{closure:Illuminate\\Foundation\\Http\\Kernel::dispatchToRouter():198}()
#33 /home/angklung/www.angklung-udjo.co.id/vendor/laravel/framework/src/Illuminate/Foundation/Http/Middleware/TransformsRequest.php(21): Illuminate\\Pipeline\\Pipeline->{closure:Illuminate\\Pipeline\\Pipeline::prepareDestination():168}()
#34 /home/angklung/www.angklung-udjo.co.id/vendor/laravel/framework/src/Illuminate/Foundation/Http/Middleware/ConvertEmptyStringsToNull.php(31): Illuminate\\Foundation\\Http\\Middleware\\TransformsRequest->handle()
#35 /home/angklung/www.angklung-udjo.co.id/vendor/laravel/framework/src/Illuminate/Pipeline/Pipeline.php(209): Illuminate\\Foundation\\Http\\Middleware\\ConvertEmptyStringsToNull->handle()
#36 /home/angklung/www.angklung-udjo.co.id/vendor/laravel/framework/src/Illuminate/Foundation/Http/Middleware/TransformsRequest.php(21): Illuminate\\Pipeline\\Pipeline->{closure:{closure:Illuminate\\Pipeline\\Pipeline::carry():184}:185}()
#37 /home/angklung/www.angklung-udjo.co.id/vendor/laravel/framework/src/Illuminate/Foundation/Http/Middleware/TrimStrings.php(51): Illuminate\\Foundation\\Http\\Middleware\\TransformsRequest->handle()
#38 /home/angklung/www.angklung-udjo.co.id/vendor/laravel/framework/src/Illuminate/Pipeline/Pipeline.php(209): Illuminate\\Foundation\\Http\\Middleware\\TrimStrings->handle()
#39 /home/angklung/www.angklung-udjo.co.id/vendor/laravel/framework/src/Illuminate/Http/Middleware/ValidatePostSize.php(27): Illuminate\\Pipeline\\Pipeline->{closure:{closure:Illuminate\\Pipeline\\Pipeline::carry():184}:185}()
#40 /home/angklung/www.angklung-udjo.co.id/vendor/laravel/framework/src/Illuminate/Pipeline/Pipeline.php(209): Illuminate\\Http\\Middleware\\ValidatePostSize->handle()
#41 /home/angklung/www.angklung-udjo.co.id/vendor/laravel/framework/src/Illuminate/Foundation/Http/Middleware/PreventRequestsDuringMaintenance.php(110): Illuminate\\Pipeline\\Pipeline->{closure:{closure:Illuminate\\Pipeline\\Pipeline::carry():184}:185}()
#42 /home/angklung/www.angklung-udjo.co.id/vendor/laravel/framework/src/Illuminate/Pipeline/Pipeline.php(209): Illuminate\\Foundation\\Http\\Middleware\\PreventRequestsDuringMaintenance->handle()
#43 /home/angklung/www.angklung-udjo.co.id/vendor/laravel/framework/src/Illuminate/Http/Middleware/HandleCors.php(49): Illuminate\\Pipeline\\Pipeline->{closure:{closure:Illuminate\\Pipeline\\Pipeline::carry():184}:185}()
#44 /home/angklung/www.angklung-udjo.co.id/vendor/laravel/framework/src/Illuminate/Pipeline/Pipeline.php(209): Illuminate\\Http\\Middleware\\HandleCors->handle()
#45 /home/angklung/www.angklung-udjo.co.id/vendor/laravel/framework/src/Illuminate/Http/Middleware/TrustProxies.php(58): Illuminate\\Pipeline\\Pipeline->{closure:{closure:Illuminate\\Pipeline\\Pipeline::carry():184}:185}()
#46 /home/angklung/www.angklung-udjo.co.id/vendor/laravel/framework/src/Illuminate/Pipeline/Pipeline.php(209): Illuminate\\Http\\Middleware\\TrustProxies->handle()
#47 /home/angklung/www.angklung-udjo.co.id/vendor/laravel/framework/src/Illuminate/Foundation/Http/Middleware/InvokeDeferredCallbacks.php(22): Illuminate\\Pipeline\\Pipeline->{closure:{closure:Illuminate\\Pipeline\\Pipeline::carry():184}:185}()
#48 /home/angklung/www.angklung-udjo.co.id/vendor/laravel/framework/src/Illuminate/Pipeline/Pipeline.php(209): Illuminate\\Foundation\\Http\\Middleware\\InvokeDeferredCallbacks->handle()
#49 /home/angklung/www.angklung-udjo.co.id/vendor/laravel/framework/src/Illuminate/Pipeline/Pipeline.php(127): Illuminate\\Pipeline\\Pipeline->{closure:{closure:Illuminate\\Pipeline\\Pipeline::carry():184}:185}()
#50 /home/angklung/www.angklung-udjo.co.id/vendor/laravel/framework/src/Illuminate/Foundation/Http/Kernel.php(176): Illuminate\\Pipeline\\Pipeline->then()
#51 /home/angklung/www.angklung-udjo.co.id/vendor/laravel/framework/src/Illuminate/Foundation/Http/Kernel.php(145): Illuminate\\Foundation\\Http\\Kernel->sendRequestThroughRouter()
#52 /home/angklung/www.angklung-udjo.co.id/vendor/laravel/framework/src/Illuminate/Foundation/Application.php(1220): Illuminate\\Foundation\\Http\\Kernel->handle()
#53 /home/angklung/www.angklung-udjo.co.id/public/index.php(20): Illuminate\\Foundation\\Application->handleRequest()
#54 {main}
"} 
[2026-06-09 19:19:59] production.ERROR: Uncaught TypeError: array_replace_recursive(): Argument #2 must be of type array, int given in /Users/udin/Downloads/www.angklung-udjo.co.id_Github/vendor/laravel/framework/src/Illuminate/Translation/FileLoader.php:130
Stack trace:
#0 /Users/udin/Downloads/www.angklung-udjo.co.id_Github/vendor/laravel/framework/src/Illuminate/Translation/FileLoader.php(130): array_replace_recursive(Array, 1)
#1 /Users/udin/Downloads/www.angklung-udjo.co.id_Github/vendor/laravel/framework/src/Illuminate/Collections/Traits/EnumeratesValues.php(822): Illuminate\Translation\FileLoader->{closure:Illuminate\Translation\FileLoader::loadPaths():128}(Array, '/Users/udin/Dow...', 1)
#2 /Users/udin/Downloads/www.angklung-udjo.co.id_Github/vendor/laravel/framework/src/Illuminate/Translation/FileLoader.php(128): Illuminate\Support\Collection->reduce(Object(Closure), Array)
#3 /Users/udin/Downloads/www.angklung-udjo.co.id_Github/vendor/laravel/framework/src/Illuminate/Translation/FileLoader.php(69): Illuminate\Translation\FileLoader->loadPaths(Array, 'en', 'about')
#4 /Users/udin/Downloads/www.angklung-udjo.co.id_Github/vendor/laravel/framework/src/Illuminate/Translation/Translator.php(335): Illuminate\Translation\FileLoader->load('en', 'about', '*')
#5 /Users/udin/Downloads/www.angklung-udjo.co.id_Github/vendor/laravel/framework/src/Illuminate/Translation/Translator.php(248): Illuminate\Translation\Translator->load('*', 'about', 'en')
#6 /Users/udin/Downloads/www.angklung-udjo.co.id_Github/vendor/laravel/framework/src/Illuminate/Translation/Translator.php(173): Illuminate\Translation\Translator->getLine('*', 'about', 'en', NULL, Array)
#7 /Users/udin/Downloads/www.angklung-udjo.co.id_Github/vendor/laravel/framework/src/Illuminate/Foundation/helpers.php(965): Illuminate\Translation\Translator->get('about', Array, 'en')
#8 /Users/udin/Downloads/www.angklung-udjo.co.id_Github/vendor/laravel/framework/src/Illuminate/Foundation/helpers.php(1000): trans('about', Array, NULL)
#9 Command line code(1): __('about')
#10 {main}
  thrown {"exception":"[object] (Symfony\\Component\\ErrorHandler\\Error\\FatalError(code: 0): Uncaught TypeError: array_replace_recursive(): Argument #2 must be of type array, int given in /Users/udin/Downloads/www.angklung-udjo.co.id_Github/vendor/laravel/framework/src/Illuminate/Translation/FileLoader.php:130
Stack trace:
#0 /Users/udin/Downloads/www.angklung-udjo.co.id_Github/vendor/laravel/framework/src/Illuminate/Translation/FileLoader.php(130): array_replace_recursive(Array, 1)
#1 /Users/udin/Downloads/www.angklung-udjo.co.id_Github/vendor/laravel/framework/src/Illuminate/Collections/Traits/EnumeratesValues.php(822): Illuminate\\Translation\\FileLoader->{closure:Illuminate\\Translation\\FileLoader::loadPaths():128}(Array, '/Users/udin/Dow...', 1)
#2 /Users/udin/Downloads/www.angklung-udjo.co.id_Github/vendor/laravel/framework/src/Illuminate/Translation/FileLoader.php(128): Illuminate\\Support\\Collection->reduce(Object(Closure), Array)
#3 /Users/udin/Downloads/www.angklung-udjo.co.id_Github/vendor/laravel/framework/src/Illuminate/Translation/FileLoader.php(69): Illuminate\\Translation\\FileLoader->loadPaths(Array, 'en', 'about')
#4 /Users/udin/Downloads/www.angklung-udjo.co.id_Github/vendor/laravel/framework/src/Illuminate/Translation/Translator.php(335): Illuminate\\Translation\\FileLoader->load('en', 'about', '*')
#5 /Users/udin/Downloads/www.angklung-udjo.co.id_Github/vendor/laravel/framework/src/Illuminate/Translation/Translator.php(248): Illuminate\\Translation\\Translator->load('*', 'about', 'en')
#6 /Users/udin/Downloads/www.angklung-udjo.co.id_Github/vendor/laravel/framework/src/Illuminate/Translation/Translator.php(173): Illuminate\\Translation\\Translator->getLine('*', 'about', 'en', NULL, Array)
#7 /Users/udin/Downloads/www.angklung-udjo.co.id_Github/vendor/laravel/framework/src/Illuminate/Foundation/helpers.php(965): Illuminate\\Translation\\Translator->get('about', Array, 'en')
#8 /Users/udin/Downloads/www.angklung-udjo.co.id_Github/vendor/laravel/framework/src/Illuminate/Foundation/helpers.php(1000): trans('about', Array, NULL)
#9 Command line code(1): __('about')
#10 {main}
  thrown at /Users/udin/Downloads/www.angklung-udjo.co.id_Github/vendor/laravel/framework/src/Illuminate/Translation/FileLoader.php:130)
[stacktrace]
#0 {main}
"} 
[2026-06-10 15:02:40] production.ERROR: Uncaught TypeError: array_replace_recursive(): Argument #2 must be of type array, int given in /Users/udin/Downloads/www.angklung-udjo.co.id_Github/vendor/laravel/framework/src/Illuminate/Translation/FileLoader.php:130
Stack trace:
#0 /Users/udin/Downloads/www.angklung-udjo.co.id_Github/vendor/laravel/framework/src/Illuminate/Translation/FileLoader.php(130): array_replace_recursive(Array, 1)
#1 /Users/udin/Downloads/www.angklung-udjo.co.id_Github/vendor/laravel/framework/src/Illuminate/Collections/Traits/EnumeratesValues.php(822): Illuminate\Translation\FileLoader->{closure:Illuminate\Translation\FileLoader::loadPaths():128}(Array, '/Users/udin/Dow...', 1)
#2 /Users/udin/Downloads/www.angklung-udjo.co.id_Github/vendor/laravel/framework/src/Illuminate/Translation/FileLoader.php(128): Illuminate\Support\Collection->reduce(Object(Closure), Array)
#3 /Users/udin/Downloads/www.angklung-udjo.co.id_Github/vendor/laravel/framework/src/Illuminate/Translation/FileLoader.php(69): Illuminate\Translation\FileLoader->loadPaths(Array, 'en', 'about')
#4 /Users/udin/Downloads/www.angklung-udjo.co.id_Github/vendor/laravel/framework/src/Illuminate/Translation/Translator.php(335): Illuminate\Translation\FileLoader->load('en', 'about', '*')
#5 /Users/udin/Downloads/www.angklung-udjo.co.id_Github/vendor/laravel/framework/src/Illuminate/Translation/Translator.php(248): Illuminate\Translation\Translator->load('*', 'about', 'en')
#6 /Users/udin/Downloads/www.angklung-udjo.co.id_Github/vendor/laravel/framework/src/Illuminate/Translation/Translator.php(173): Illuminate\Translation\Translator->getLine('*', 'about', 'en', NULL, Array)
#7 /Users/udin/Downloads/www.angklung-udjo.co.id_Github/vendor/laravel/framework/src/Illuminate/Foundation/helpers.php(965): Illuminate\Translation\Translator->get('about', Array, 'en')
#8 /Users/udin/Downloads/www.angklung-udjo.co.id_Github/vendor/laravel/framework/src/Illuminate/Foundation/helpers.php(1000): trans('about', Array, NULL)
#9 Command line code(1): __('about')
#10 {main}
  thrown {"exception":"[object] (Symfony\\Component\\ErrorHandler\\Error\\FatalError(code: 0): Uncaught TypeError: array_replace_recursive(): Argument #2 must be of type array, int given in /Users/udin/Downloads/www.angklung-udjo.co.id_Github/vendor/laravel/framework/src/Illuminate/Translation/FileLoader.php:130
Stack trace:
#0 /Users/udin/Downloads/www.angklung-udjo.co.id_Github/vendor/laravel/framework/src/Illuminate/Translation/FileLoader.php(130): array_replace_recursive(Array, 1)
#1 /Users/udin/Downloads/www.angklung-udjo.co.id_Github/vendor/laravel/framework/src/Illuminate/Collections/Traits/EnumeratesValues.php(822): Illuminate\\Translation\\FileLoader->{closure:Illuminate\\Translation\\FileLoader::loadPaths():128}(Array, '/Users/udin/Dow...', 1)
#2 /Users/udin/Downloads/www.angklung-udjo.co.id_Github/vendor/laravel/framework/src/Illuminate/Translation/FileLoader.php(128): Illuminate\\Support\\Collection->reduce(Object(Closure), Array)
#3 /Users/udin/Downloads/www.angklung-udjo.co.id_Github/vendor/laravel/framework/src/Illuminate/Translation/FileLoader.php(69): Illuminate\\Translation\\FileLoader->loadPaths(Array, 'en', 'about')
#4 /Users/udin/Downloads/www.angklung-udjo.co.id_Github/vendor/laravel/framework/src/Illuminate/Translation/Translator.php(335): Illuminate\\Translation\\FileLoader->load('en', 'about', '*')
#5 /Users/udin/Downloads/www.angklung-udjo.co.id_Github/vendor/laravel/framework/src/Illuminate/Translation/Translator.php(248): Illuminate\\Translation\\Translator->load('*', 'about', 'en')
#6 /Users/udin/Downloads/www.angklung-udjo.co.id_Github/vendor/laravel/framework/src/Illuminate/Translation/Translator.php(173): Illuminate\\Translation\\Translator->getLine('*', 'about', 'en', NULL, Array)
#7 /Users/udin/Downloads/www.angklung-udjo.co.id_Github/vendor/laravel/framework/src/Illuminate/Foundation/helpers.php(965): Illuminate\\Translation\\Translator->get('about', Array, 'en')
#8 /Users/udin/Downloads/www.angklung-udjo.co.id_Github/vendor/laravel/framework/src/Illuminate/Foundation/helpers.php(1000): trans('about', Array, NULL)
#9 Command line code(1): __('about')
#10 {main}
  thrown at /Users/udin/Downloads/www.angklung-udjo.co.id_Github/vendor/laravel/framework/src/Illuminate/Translation/FileLoader.php:130)
[stacktrace]
#0 {main}
"} 
[2026-06-11 15:01:49] production.ERROR: Uncaught TypeError: array_replace_recursive(): Argument #2 must be of type array, int given in /Users/udin/Downloads/www.angklung-udjo.co.id_Github/vendor/laravel/framework/src/Illuminate/Translation/FileLoader.php:130
Stack trace:
#0 /Users/udin/Downloads/www.angklung-udjo.co.id_Github/vendor/laravel/framework/src/Illuminate/Translation/FileLoader.php(130): array_replace_recursive(Array, 1)
#1 /Users/udin/Downloads/www.angklung-udjo.co.id_Github/vendor/laravel/framework/src/Illuminate/Collections/Traits/EnumeratesValues.php(822): Illuminate\Translation\FileLoader->Illuminate\Translation\{closure}(Array, '/Users/udin/Dow...', 1)
#2 /Users/udin/Downloads/www.angklung-udjo.co.id_Github/vendor/laravel/framework/src/Illuminate/Translation/FileLoader.php(128): Illuminate\Support\Collection->reduce(Object(Closure), Array)
#3 /Users/udin/Downloads/www.angklung-udjo.co.id_Github/vendor/laravel/framework/src/Illuminate/Translation/FileLoader.php(69): Illuminate\Translation\FileLoader->loadPaths(Array, 'en', 'about')
#4 /Users/udin/Downloads/www.angklung-udjo.co.id_Github/vendor/laravel/framework/src/Illuminate/Translation/Translator.php(335): Illuminate\Translation\FileLoader->load('en', 'about', '*')
#5 /Users/udin/Downloads/www.angklung-udjo.co.id_Github/vendor/laravel/framework/src/Illuminate/Translation/Translator.php(248): Illuminate\Translation\Translator->load('*', 'about', 'en')
#6 /Users/udin/Downloads/www.angklung-udjo.co.id_Github/vendor/laravel/framework/src/Illuminate/Translation/Translator.php(173): Illuminate\Translation\Translator->getLine('*', 'about', 'en', NULL, Array)
#7 /Users/udin/Downloads/www.angklung-udjo.co.id_Github/vendor/laravel/framework/src/Illuminate/Foundation/helpers.php(965): Illuminate\Translation\Translator->get('about', Array, 'en')
#8 /Users/udin/Downloads/www.angklung-udjo.co.id_Github/vendor/laravel/framework/src/Illuminate/Foundation/helpers.php(1000): trans('about', Array, NULL)
#9 Command line code(1): __('about')
#10 {main}
  thrown {"exception":"[object] (Symfony\\Component\\ErrorHandler\\Error\\FatalError(code: 0): Uncaught TypeError: array_replace_recursive(): Argument #2 must be of type array, int given in /Users/udin/Downloads/www.angklung-udjo.co.id_Github/vendor/laravel/framework/src/Illuminate/Translation/FileLoader.php:130
Stack trace:
#0 /Users/udin/Downloads/www.angklung-udjo.co.id_Github/vendor/laravel/framework/src/Illuminate/Translation/FileLoader.php(130): array_replace_recursive(Array, 1)
#1 /Users/udin/Downloads/www.angklung-udjo.co.id_Github/vendor/laravel/framework/src/Illuminate/Collections/Traits/EnumeratesValues.php(822): Illuminate\\Translation\\FileLoader->Illuminate\\Translation\\{closure}(Array, '/Users/udin/Dow...', 1)
#2 /Users/udin/Downloads/www.angklung-udjo.co.id_Github/vendor/laravel/framework/src/Illuminate/Translation/FileLoader.php(128): Illuminate\\Support\\Collection->reduce(Object(Closure), Array)
#3 /Users/udin/Downloads/www.angklung-udjo.co.id_Github/vendor/laravel/framework/src/Illuminate/Translation/FileLoader.php(69): Illuminate\\Translation\\FileLoader->loadPaths(Array, 'en', 'about')
#4 /Users/udin/Downloads/www.angklung-udjo.co.id_Github/vendor/laravel/framework/src/Illuminate/Translation/Translator.php(335): Illuminate\\Translation\\FileLoader->load('en', 'about', '*')
#5 /Users/udin/Downloads/www.angklung-udjo.co.id_Github/vendor/laravel/framework/src/Illuminate/Translation/Translator.php(248): Illuminate\\Translation\\Translator->load('*', 'about', 'en')
#6 /Users/udin/Downloads/www.angklung-udjo.co.id_Github/vendor/laravel/framework/src/Illuminate/Translation/Translator.php(173): Illuminate\\Translation\\Translator->getLine('*', 'about', 'en', NULL, Array)
#7 /Users/udin/Downloads/www.angklung-udjo.co.id_Github/vendor/laravel/framework/src/Illuminate/Foundation/helpers.php(965): Illuminate\\Translation\\Translator->get('about', Array, 'en')
#8 /Users/udin/Downloads/www.angklung-udjo.co.id_Github/vendor/laravel/framework/src/Illuminate/Foundation/helpers.php(1000): trans('about', Array, NULL)
#9 Command line code(1): __('about')
#10 {main}
  thrown at /Users/udin/Downloads/www.angklung-udjo.co.id_Github/vendor/laravel/framework/src/Illuminate/Translation/FileLoader.php:130)
[stacktrace]
#0 {main}
"} 
